id,public_donor_tag,blood_group,district,state,latitude,longitude,phone_masked,last_donation_date,is_eligible,total_donations,emergency_donor_opt_in,response_probability
1,DONOR-TA-00001,AB+,Chennai,Tamil Nadu,13.07648,80.2805,+91 ******6280,2026-01-14,True,1,False,0.97
2,DONOR-DE-00002,B+,Delhi,Delhi,28.66386,77.22623,+91 ******1659,2026-04-08,True,8,True,0.8
3,DONOR-KA-00003,A-,Bengaluru,Karnataka,12.93975,77.60313,+91 ******9056,2025-10-02,True,8,True,0.76
4,DONOR-UT-00004,O+,Noida,Uttar Pradesh,28.57127,77.37398,+91 ******5722,2025-12-13,True,14,True,0.66
5,DONOR-UT-00005,A+,Noida,Uttar Pradesh,28.51695,77.37333,+91 ******9431,2026-01-29,True,11,True,0.8
6,DONOR-DE-00006,A+,Delhi,Delhi,28.58266,77.19518,+91 ******8242,2025-12-11,True,4,False,0.69
7,DONOR-KA-00007,B-,Bengaluru,Karnataka,12.96541,77.61443,+91 ******1472,2026-06-22,False,12,False,0.83
8,DONOR-WE-00008,A-,Kolkata,West Bengal,22.53192,88.41313,+91 ******8560,2026-06-26,False,11,True,0.81
9,DONOR-KA-00009,B-,Bengaluru,Karnataka,12.97249,77.57194,+91 ******8736,2025-12-19,True,8,True,0.78
10,DONOR-HA-00010,AB+,Gurugram,Haryana,28.4959,77.00422,+91 ******6568,2026-01-23,True,14,False,0.89
11,DONOR-TA-00011,AB-,Chennai,Tamil Nadu,13.11923,80.26535,+91 ******6654,2025-12-19,True,9,True,0.77
12,DONOR-TE-00012,B-,Hyderabad,Telangana,17.42196,78.53478,+91 ******7274,2026-04-23,True,14,True,0.66
13,DONOR-TA-00013,O-,Chennai,Tamil Nadu,13.10322,80.30184,+91 ******3492,2026-02-07,True,1,False,0.97
14,DONOR-TE-00014,O-,Hyderabad,Telangana,17.42197,78.52412,+91 ******2633,2026-01-10,True,1,True,0.79
15,DONOR-HA-00015,O+,Gurugram,Haryana,28.41698,77.05475,+91 ******6546,2026-04-10,True,11,False,0.76
16,DONOR-WE-00016,A+,Kolkata,West Bengal,22.61801,88.37658,+91 ******9864,2025-12-17,True,10,False,0.86
17,DONOR-KA-00017,A-,Bengaluru,Karnataka,13.02134,77.61928,+91 ******2612,2026-01-13,True,8,False,0.75
18,DONOR-DE-00018,AB-,Delhi,Delhi,28.5685,77.23861,+91 ******6873,2026-03-26,True,7,False,0.83
19,DONOR-HA-00019,O-,Gurugram,Haryana,28.4265,76.9845,+91 ******4945,2026-02-09,True,10,False,0.8
20,DONOR-KA-00020,B+,Bengaluru,Karnataka,12.96756,77.61128,+91 ******5712,2025-12-28,True,2,True,0.76
21,DONOR-KA-00021,AB+,Bengaluru,Karnataka,12.98549,77.58703,+91 ******8484,2026-04-17,True,4,True,0.93
22,DONOR-UT-00022,AB+,Noida,Uttar Pradesh,28.50922,77.39819,+91 ******5847,2025-11-02,True,1,True,0.87
23,DONOR-KA-00023,AB+,Bengaluru,Karnataka,12.92241,77.63111,+91 ******9138,2026-07-29,False,13,True,0.85
24,DONOR-TE-00024,A-,Hyderabad,Telangana,17.3569,78.45571,+91 ******3240,2026-04-17,True,11,True,0.75
25,DONOR-TA-00025,AB+,Chennai,Tamil Nadu,13.03604,80.25719,+91 ******2476,2026-06-17,False,6,True,0.71
26,DONOR-HA-00026,AB+,Gurugram,Haryana,28.48815,77.06425,+91 ******9697,2026-02-17,True,14,False,0.95
27,DONOR-TA-00027,O-,Chennai,Tamil Nadu,13.12944,80.25021,+91 ******2886,2026-03-03,True,2,False,0.97
28,DONOR-WE-00028,O+,Kolkata,West Bengal,22.61933,88.39436,+91 ******2479,2026-02-17,True,1,False,0.69
29,DONOR-TE-00029,AB-,Hyderabad,Telangana,17.40228,78.50393,+91 ******7242,2025-10-28,True,2,True,0.81
30,DONOR-TE-00030,AB+,Hyderabad,Telangana,17.42653,78.45884,+91 ******8606,2026-07-22,False,11,True,0.7
31,DONOR-DE-00031,B+,Delhi,Delhi,28.59434,77.20826,+91 ******4846,2026-07-05,False,7,True,0.87
32,DONOR-WE-00032,O-,Kolkata,West Bengal,22.58133,88.38656,+91 ******2622,2026-01-23,True,10,True,0.96
33,DONOR-DE-00033,AB-,Delhi,Delhi,28.63293,77.18073,+91 ******4868,2026-01-08,True,2,True,0.77
34,DONOR-TE-00034,A-,Hyderabad,Telangana,17.34106,78.46429,+91 ******8450,2026-06-22,False,11,False,0.86
35,DONOR-DE-00035,A-,Delhi,Delhi,28.56896,77.19235,+91 ******4362,2026-06-20,False,14,True,0.72
36,DONOR-MA-00036,AB+,Mumbai,Maharashtra,19.10731,72.851,+91 ******1046,2026-06-09,True,14,True,0.98
37,DONOR-KA-00037,A+,Bengaluru,Karnataka,13.00145,77.55559,+91 ******3159,2026-08-10,False,6,True,0.73
38,DONOR-TE-00038,A-,Hyderabad,Telangana,17.33658,78.46324,+91 ******7897,2026-06-20,False,12,False,0.8
39,DONOR-TE-00039,A+,Hyderabad,Telangana,17.38632,78.44761,+91 ******4629,2025-12-09,True,12,True,0.94
40,DONOR-KA-00040,O+,Bengaluru,Karnataka,12.9674,77.641,+91 ******8847,2026-07-23,False,7,True,0.81
41,DONOR-TA-00041,A-,Chennai,Tamil Nadu,13.04005,80.22878,+91 ******3430,2025-10-16,True,3,False,0.86
42,DONOR-TE-00042,O+,Hyderabad,Telangana,17.37309,78.49644,+91 ******8433,2026-03-26,True,2,True,0.69
43,DONOR-MA-00043,O-,Mumbai,Maharashtra,19.06901,72.91651,+91 ******6553,2026-01-24,True,7,True,0.68
44,DONOR-WE-00044,A-,Kolkata,West Bengal,22.55385,88.33939,+91 ******8770,2026-06-06,True,2,True,0.68
45,DONOR-UT-00045,AB-,Noida,Uttar Pradesh,28.55996,77.37826,+91 ******1982,2026-06-18,False,11,False,0.77
46,DONOR-WE-00046,AB-,Kolkata,West Bengal,22.60941,88.38601,+91 ******6119,2026-03-29,True,2,True,0.72
47,DONOR-TA-00047,A-,Chennai,Tamil Nadu,13.05512,80.23152,+91 ******7022,2025-11-12,True,13,False,0.72
48,DONOR-WE-00048,AB+,Kolkata,West Bengal,22.60712,88.41135,+91 ******1430,2025-10-09,True,1,False,0.88
49,DONOR-KA-00049,O+,Bengaluru,Karnataka,13.01375,77.5797,+91 ******3347,2026-05-23,True,2,False,0.86
50,DONOR-DE-00050,O-,Delhi,Delhi,28.57308,77.21205,+91 ******7878,2026-02-12,True,6,False,0.75
51,DONOR-TE-00051,B+,Hyderabad,Telangana,17.41268,78.49346,+91 ******1861,2026-07-11,False,3,True,0.67
52,DONOR-UT-00052,O+,Noida,Uttar Pradesh,28.51271,77.40719,+91 ******8242,2025-12-18,True,5,False,0.82
53,DONOR-TE-00053,AB+,Hyderabad,Telangana,17.37799,78.46502,+91 ******8972,2025-09-10,True,1,False,0.97
54,DONOR-DE-00054,AB+,Delhi,Delhi,28.56467,77.18914,+91 ******3248,2026-05-07,True,5,True,0.65
55,DONOR-WE-00055,AB-,Kolkata,West Bengal,22.54017,88.35192,+91 ******9196,2026-04-28,True,2,True,0.89
56,DONOR-WE-00056,O+,Kolkata,West Bengal,22.52447,88.40602,+91 ******8033,2026-03-16,True,12,True,0.75
57,DONOR-WE-00057,AB-,Kolkata,West Bengal,22.52469,88.34638,+91 ******8538,2025-10-11,True,2,True,0.68
58,DONOR-WE-00058,AB-,Kolkata,West Bengal,22.58149,88.3663,+91 ******6083,2026-02-02,True,4,True,0.71
59,DONOR-UT-00059,B+,Noida,Uttar Pradesh,28.53856,77.36039,+91 ******6752,2026-02-26,True,4,False,0.73
60,DONOR-HA-00060,B+,Gurugram,Haryana,28.46974,77.05262,+91 ******2234,2025-09-22,True,13,True,0.8
61,DONOR-TA-00061,AB-,Chennai,Tamil Nadu,13.10081,80.3089,+91 ******6295,2025-09-28,True,3,True,0.8
62,DONOR-KA-00062,A-,Bengaluru,Karnataka,13.00123,77.60374,+91 ******9312,2026-02-24,True,5,True,0.66
63,DONOR-TE-00063,O+,Hyderabad,Telangana,17.41817,78.44437,+91 ******9307,2026-07-08,False,8,True,0.96
64,DONOR-DE-00064,AB-,Delhi,Delhi,28.60887,77.23998,+91 ******4084,2025-09-24,True,10,True,0.7
65,DONOR-DE-00065,B+,Delhi,Delhi,28.60895,77.2401,+91 ******2381,2026-03-01,True,1,False,0.79
66,DONOR-TA-00066,AB+,Chennai,Tamil Nadu,13.08511,80.28168,+91 ******7108,2026-02-18,True,7,True,0.76
67,DONOR-DE-00067,A-,Delhi,Delhi,28.64282,77.22373,+91 ******6401,2026-07-21,False,9,True,0.74
68,DONOR-HA-00068,AB+,Gurugram,Haryana,28.44284,77.03487,+91 ******6731,2026-06-12,False,11,True,0.78
69,DONOR-UT-00069,A-,Noida,Uttar Pradesh,28.51646,77.37867,+91 ******3093,2026-03-08,True,11,True,0.82
70,DONOR-DE-00070,O-,Delhi,Delhi,28.60016,77.17703,+91 ******6598,2026-05-06,True,4,False,0.7
71,DONOR-UT-00071,A+,Noida,Uttar Pradesh,28.51508,77.41981,+91 ******9843,2025-12-07,True,11,True,0.9
72,DONOR-HA-00072,O-,Gurugram,Haryana,28.46922,76.99203,+91 ******3712,2026-05-23,True,1,True,0.87
73,DONOR-MA-00073,B-,Mumbai,Maharashtra,19.12296,72.88876,+91 ******4833,2026-01-06,True,5,True,0.91
74,DONOR-MA-00074,AB+,Mumbai,Maharashtra,19.06278,72.92241,+91 ******8564,2026-01-10,True,13,True,0.82
75,DONOR-HA-00075,A+,Gurugram,Haryana,28.49119,77.05673,+91 ******5096,2026-06-14,False,11,True,0.77
76,DONOR-UT-00076,A-,Noida,Uttar Pradesh,28.55664,77.39259,+91 ******5670,2026-06-21,False,13,False,0.8
77,DONOR-HA-00077,AB-,Gurugram,Haryana,28.4926,76.98577,+91 ******8391,2026-05-02,True,1,True,0.78
78,DONOR-TE-00078,A+,Hyderabad,Telangana,17.35858,78.53615,+91 ******4678,2026-02-13,True,6,True,0.93
79,DONOR-TE-00079,B+,Hyderabad,Telangana,17.41414,78.45046,+91 ******8740,2026-03-30,True,13,True,0.8
80,DONOR-DE-00080,O+,Delhi,Delhi,28.65449,77.1609,+91 ******3449,2026-05-05,True,2,True,0.73
81,DONOR-UT-00081,A-,Noida,Uttar Pradesh,28.49027,77.38298,+91 ******8489,2025-10-09,True,2,True,0.81
82,DONOR-DE-00082,O+,Delhi,Delhi,28.6271,77.2165,+91 ******5772,2026-06-11,False,1,True,0.73
83,DONOR-WE-00083,A-,Kolkata,West Bengal,22.54133,88.38072,+91 ******6908,2025-11-28,True,9,True,0.91
84,DONOR-DE-00084,AB-,Delhi,Delhi,28.60295,77.20601,+91 ******7338,2025-10-02,True,5,True,0.77
85,DONOR-UT-00085,AB-,Noida,Uttar Pradesh,28.51998,77.41429,+91 ******2698,2025-10-06,True,3,False,0.83
86,DONOR-HA-00086,B+,Gurugram,Haryana,28.49254,77.04507,+91 ******3986,2025-12-21,True,2,True,0.96
87,DONOR-DE-00087,AB-,Delhi,Delhi,28.59324,77.16338,+91 ******1686,2026-05-13,True,5,True,0.98
88,DONOR-TA-00088,AB-,Chennai,Tamil Nadu,13.05803,80.29603,+91 ******5687,2026-05-18,True,14,True,0.94
89,DONOR-TE-00089,O-,Hyderabad,Telangana,17.36232,78.51663,+91 ******7553,2026-01-12,True,7,True,0.71
90,DONOR-TA-00090,O+,Chennai,Tamil Nadu,13.06943,80.30043,+91 ******2353,2026-04-09,True,2,True,0.98
91,DONOR-HA-00091,AB+,Gurugram,Haryana,28.46405,77.00872,+91 ******6372,2026-07-14,False,5,True,0.89
92,DONOR-HA-00092,O+,Gurugram,Haryana,28.47848,77.01175,+91 ******6776,2026-08-02,False,5,True,0.91
93,DONOR-DE-00093,B+,Delhi,Delhi,28.5714,77.22275,+91 ******9406,2026-02-18,True,1,False,0.85
94,DONOR-TA-00094,AB-,Chennai,Tamil Nadu,13.03618,80.22742,+91 ******7001,2025-09-27,True,7,True,0.66
95,DONOR-HA-00095,A-,Gurugram,Haryana,28.47741,77.07148,+91 ******8273,2026-02-14,True,10,False,0.77
96,DONOR-TE-00096,B+,Hyderabad,Telangana,17.39996,78.46166,+91 ******1424,2026-06-26,False,8,True,0.95
97,DONOR-UT-00097,AB+,Noida,Uttar Pradesh,28.51168,77.36703,+91 ******4515,2026-01-07,True,12,True,0.81
98,DONOR-UT-00098,A-,Noida,Uttar Pradesh,28.49907,77.34841,+91 ******8292,2026-05-27,True,13,True,0.93
99,DONOR-TE-00099,AB+,Hyderabad,Telangana,17.40178,78.50765,+91 ******9882,2025-11-15,True,5,True,0.88
100,DONOR-HA-00100,B+,Gurugram,Haryana,28.48887,77.02748,+91 ******4292,2026-06-22,False,4,True,0.66
101,DONOR-TE-00101,A-,Hyderabad,Telangana,17.38174,78.535,+91 ******2412,2026-06-18,False,5,True,0.89
102,DONOR-TA-00102,B+,Chennai,Tamil Nadu,13.08527,80.29762,+91 ******2208,2025-11-02,True,6,True,0.8
103,DONOR-TE-00103,B+,Hyderabad,Telangana,17.34783,78.51961,+91 ******3981,2025-11-14,True,7,True,0.94
104,DONOR-UT-00104,B-,Noida,Uttar Pradesh,28.53731,77.37141,+91 ******6286,2026-06-02,True,6,True,0.82
105,DONOR-KA-00105,B+,Bengaluru,Karnataka,13.00619,77.56966,+91 ******5496,2025-10-02,True,11,True,0.83
106,DONOR-HA-00106,A+,Gurugram,Haryana,28.46868,77.03466,+91 ******6531,2026-05-28,True,14,True,0.68
107,DONOR-KA-00107,O-,Bengaluru,Karnataka,12.98671,77.6213,+91 ******1496,2026-01-22,True,11,True,0.86
108,DONOR-KA-00108,AB+,Bengaluru,Karnataka,12.96989,77.62507,+91 ******7653,2025-09-07,True,8,False,0.67
109,DONOR-TA-00109,AB-,Chennai,Tamil Nadu,13.07426,80.26714,+91 ******3353,2026-03-02,True,14,True,0.89
110,DONOR-TE-00110,A-,Hyderabad,Telangana,17.43254,78.44978,+91 ******9437,2026-02-15,True,6,False,0.69
111,DONOR-TA-00111,O+,Chennai,Tamil Nadu,13.05749,80.23038,+91 ******7293,2026-03-28,True,4,True,0.95
112,DONOR-TE-00112,O-,Hyderabad,Telangana,17.42838,78.50881,+91 ******3610,2026-05-18,True,9,True,0.94
113,DONOR-TA-00113,B-,Chennai,Tamil Nadu,13.03502,80.31522,+91 ******8491,2025-12-08,True,4,True,0.67
114,DONOR-KA-00114,AB+,Bengaluru,Karnataka,12.97109,77.63283,+91 ******8710,2025-09-23,True,9,False,0.69
115,DONOR-HA-00115,A+,Gurugram,Haryana,28.49775,77.04935,+91 ******6995,2026-01-29,True,7,False,0.84
116,DONOR-TE-00116,AB+,Hyderabad,Telangana,17.39032,78.44405,+91 ******8378,2025-12-08,True,14,True,0.87
117,DONOR-UT-00117,AB-,Noida,Uttar Pradesh,28.49837,77.35067,+91 ******6555,2026-02-13,True,13,False,0.85
118,DONOR-WE-00118,O-,Kolkata,West Bengal,22.57261,88.31843,+91 ******6456,2026-06-14,False,9,True,0.85
119,DONOR-HA-00119,AB+,Gurugram,Haryana,28.4423,77.03791,+91 ******7438,2026-06-01,True,10,True,0.92
120,DONOR-TA-00120,AB-,Chennai,Tamil Nadu,13.10357,80.25068,+91 ******7035,2026-08-15,False,11,False,0.79
121,DONOR-KA-00121,O-,Bengaluru,Karnataka,13.00128,77.61713,+91 ******1436,2025-10-05,True,5,True,0.91
122,DONOR-MA-00122,O+,Mumbai,Maharashtra,19.09814,72.88605,+91 ******9589,2026-05-28,True,3,True,0.73
123,DONOR-UT-00123,O+,Noida,Uttar Pradesh,28.50458,77.3851,+91 ******3481,2026-01-21,True,12,False,0.82
124,DONOR-TA-00124,B-,Chennai,Tamil Nadu,13.11998,80.29428,+91 ******3262,2026-07-23,False,9,True,0.87
125,DONOR-WE-00125,AB-,Kolkata,West Bengal,22.55398,88.33122,+91 ******6608,2025-11-24,True,11,True,0.89
126,DONOR-KA-00126,AB+,Bengaluru,Karnataka,12.98261,77.56383,+91 ******5571,2026-04-19,True,4,True,0.97
127,DONOR-KA-00127,O-,Bengaluru,Karnataka,12.99209,77.61362,+91 ******6194,2025-12-16,True,6,True,0.96
128,DONOR-KA-00128,O+,Bengaluru,Karnataka,12.95038,77.60195,+91 ******7220,2025-11-18,True,14,True,0.91
129,DONOR-HA-00129,O-,Gurugram,Haryana,28.43855,77.00536,+91 ******6674,2026-07-14,False,11,False,0.81
130,DONOR-MA-00130,B+,Mumbai,Maharashtra,19.1088,72.85481,+91 ******5450,2025-11-09,True,2,True,0.84
131,DONOR-MA-00131,A+,Mumbai,Maharashtra,19.03108,72.91822,+91 ******4814,2026-04-30,True,2,True,0.89
132,DONOR-UT-00132,O+,Noida,Uttar Pradesh,28.55362,77.35475,+91 ******3587,2025-11-15,True,11,True,0.94
133,DONOR-TA-00133,AB+,Chennai,Tamil Nadu,13.09775,80.29629,+91 ******6262,2026-03-29,True,11,False,0.9
134,DONOR-MA-00134,O+,Mumbai,Maharashtra,19.07952,72.90001,+91 ******3868,2026-08-04,False,14,False,0.95
135,DONOR-WE-00135,A+,Kolkata,West Bengal,22.6014,88.33253,+91 ******1613,2026-03-28,True,5,True,0.69
136,DONOR-TE-00136,O-,Hyderabad,Telangana,17.36346,78.53561,+91 ******9590,2025-11-18,True,3,True,0.8
137,DONOR-MA-00137,B+,Mumbai,Maharashtra,19.10688,72.86077,+91 ******5215,2026-01-01,True,1,True,0.91
138,DONOR-MA-00138,AB-,Mumbai,Maharashtra,19.04355,72.91331,+91 ******8007,2026-01-28,True,2,True,0.68
139,DONOR-HA-00139,O+,Gurugram,Haryana,28.45725,77.07018,+91 ******5272,2026-08-20,False,4,True,0.74
140,DONOR-TE-00140,AB-,Hyderabad,Telangana,17.36519,78.50899,+91 ******5285,2026-08-18,False,12,False,0.87
141,DONOR-TA-00141,A-,Chennai,Tamil Nadu,13.06338,80.26124,+91 ******6095,2025-12-09,True,11,True,0.75
142,DONOR-MA-00142,AB-,Mumbai,Maharashtra,19.04791,72.84106,+91 ******8454,2026-06-06,True,7,True,0.95
143,DONOR-MA-00143,O-,Mumbai,Maharashtra,19.10219,72.89573,+91 ******2341,2025-10-22,True,9,True,0.68
144,DONOR-UT-00144,B+,Noida,Uttar Pradesh,28.49168,77.39576,+91 ******4312,2025-12-08,True,3,True,0.82
145,DONOR-UT-00145,O-,Noida,Uttar Pradesh,28.55353,77.41269,+91 ******2489,2025-12-16,True,13,False,0.69
146,DONOR-WE-00146,A+,Kolkata,West Bengal,22.56828,88.31967,+91 ******6049,2025-12-30,True,7,False,0.65
147,DONOR-MA-00147,A+,Mumbai,Maharashtra,19.08383,72.83223,+91 ******2044,2026-02-28,True,2,True,0.81
148,DONOR-KA-00148,AB-,Bengaluru,Karnataka,12.96249,77.6215,+91 ******7887,2025-09-29,True,7,True,0.95
149,DONOR-WE-00149,B+,Kolkata,West Bengal,22.56016,88.38217,+91 ******9835,2025-09-19,True,11,True,0.69
150,DONOR-WE-00150,A+,Kolkata,West Bengal,22.57548,88.38669,+91 ******1056,2026-05-01,True,5,True,0.89
151,DONOR-WE-00151,AB-,Kolkata,West Bengal,22.57579,88.39624,+91 ******8546,2026-04-19,True,3,False,0.96
152,DONOR-UT-00152,B-,Noida,Uttar Pradesh,28.48872,77.40702,+91 ******1256,2025-10-13,True,4,False,0.85
153,DONOR-TA-00153,A+,Chennai,Tamil Nadu,13.09248,80.29103,+91 ******5009,2026-07-30,False,7,True,0.83
154,DONOR-DE-00154,AB-,Delhi,Delhi,28.57791,77.25835,+91 ******6224,2026-04-26,True,4,True,0.7
155,DONOR-MA-00155,O+,Mumbai,Maharashtra,19.06736,72.85522,+91 ******3869,2025-11-11,True,9,True,0.97
156,DONOR-WE-00156,B+,Kolkata,West Bengal,22.60118,88.34577,+91 ******7688,2026-01-22,True,5,True,0.9
157,DONOR-TA-00157,A+,Chennai,Tamil Nadu,13.0568,80.24323,+91 ******8586,2026-06-11,False,9,True,0.79
158,DONOR-HA-00158,O-,Gurugram,Haryana,28.44834,77.0021,+91 ******2295,2026-03-07,True,14,True,0.83
159,DONOR-MA-00159,A-,Mumbai,Maharashtra,19.03115,72.86542,+91 ******1647,2025-10-18,True,4,True,0.84
160,DONOR-MA-00160,A+,Mumbai,Maharashtra,19.07394,72.91465,+91 ******5967,2026-03-06,True,4,True,0.97
161,DONOR-UT-00161,O+,Noida,Uttar Pradesh,28.56019,77.41643,+91 ******4350,2026-04-21,True,4,True,0.91
162,DONOR-WE-00162,AB-,Kolkata,West Bengal,22.56923,88.37877,+91 ******5285,2026-03-19,True,9,True,0.8
163,DONOR-TA-00163,AB-,Chennai,Tamil Nadu,13.10886,80.25272,+91 ******7073,2026-05-11,True,7,False,0.94
164,DONOR-HA-00164,AB+,Gurugram,Haryana,28.41112,77.03193,+91 ******7841,2025-10-28,True,3,False,0.73
165,DONOR-MA-00165,AB+,Mumbai,Maharashtra,19.07593,72.89316,+91 ******6530,2025-09-07,True,13,True,0.97
166,DONOR-TA-00166,B+,Chennai,Tamil Nadu,13.07878,80.29398,+91 ******3773,2026-02-24,True,12,True,0.71
167,DONOR-DE-00167,A+,Delhi,Delhi,28.61629,77.24291,+91 ******1794,2026-07-16,False,7,False,0.86
168,DONOR-UT-00168,AB-,Noida,Uttar Pradesh,28.55622,77.34191,+91 ******8471,2025-12-08,True,1,True,0.87
169,DONOR-TA-00169,A+,Chennai,Tamil Nadu,13.09863,80.22227,+91 ******7739,2025-11-24,True,1,True,0.74
170,DONOR-KA-00170,B+,Bengaluru,Karnataka,12.92331,77.62592,+91 ******8054,2025-09-12,True,2,True,0.82
171,DONOR-MA-00171,O+,Mumbai,Maharashtra,19.04519,72.88035,+91 ******5379,2026-02-23,True,2,True,0.78
172,DONOR-MA-00172,A+,Mumbai,Maharashtra,19.12502,72.85029,+91 ******2320,2025-09-07,True,2,True,0.77
173,DONOR-TA-00173,O-,Chennai,Tamil Nadu,13.03831,80.22165,+91 ******2354,2026-05-28,True,14,True,0.91
174,DONOR-UT-00174,O-,Noida,Uttar Pradesh,28.57498,77.43292,+91 ******4463,2026-04-28,True,5,False,0.67
175,DONOR-KA-00175,AB-,Bengaluru,Karnataka,13.01153,77.60095,+91 ******3938,2026-08-07,False,1,True,0.84
176,DONOR-WE-00176,O+,Kolkata,West Bengal,22.61549,88.34383,+91 ******4939,2025-11-08,True,11,True,0.76
177,DONOR-HA-00177,AB-,Gurugram,Haryana,28.48855,77.04553,+91 ******9204,2026-07-14,False,1,False,0.73
178,DONOR-UT-00178,AB-,Noida,Uttar Pradesh,28.51956,77.4179,+91 ******7499,2025-10-23,True,1,True,0.91
179,DONOR-TA-00179,B+,Chennai,Tamil Nadu,13.08176,80.25628,+91 ******8075,2026-02-12,True,11,True,0.78
180,DONOR-KA-00180,B+,Bengaluru,Karnataka,13.00141,77.61591,+91 ******5390,2026-07-12,False,7,True,0.86
181,DONOR-WE-00181,O-,Kolkata,West Bengal,22.55427,88.32456,+91 ******6050,2026-08-21,False,6,True,0.68
182,DONOR-UT-00182,O+,Noida,Uttar Pradesh,28.50424,77.38588,+91 ******9395,2025-11-12,True,2,False,0.77
183,DONOR-UT-00183,AB+,Noida,Uttar Pradesh,28.54519,77.41944,+91 ******1202,2026-02-07,True,7,True,0.68
184,DONOR-MA-00184,B+,Mumbai,Maharashtra,19.0832,72.84466,+91 ******3777,2026-02-10,True,5,True,0.81
185,DONOR-UT-00185,A-,Noida,Uttar Pradesh,28.50222,77.3686,+91 ******8933,2026-03-23,True,6,False,0.73
186,DONOR-TA-00186,AB+,Chennai,Tamil Nadu,13.09208,80.24025,+91 ******3219,2026-06-30,False,1,True,0.76
187,DONOR-WE-00187,B+,Kolkata,West Bengal,22.60301,88.34685,+91 ******8055,2026-03-05,True,5,True,0.96
188,DONOR-MA-00188,AB+,Mumbai,Maharashtra,19.0739,72.84546,+91 ******6228,2026-02-01,True,12,True,0.81
189,DONOR-MA-00189,A-,Mumbai,Maharashtra,19.05859,72.85573,+91 ******6980,2026-02-03,True,10,False,0.98
190,DONOR-HA-00190,O-,Gurugram,Haryana,28.47767,77.03161,+91 ******4434,2025-12-30,True,13,False,0.88
191,DONOR-WE-00191,AB+,Kolkata,West Bengal,22.5899,88.32782,+91 ******4965,2026-03-21,True,11,False,0.79
192,DONOR-WE-00192,O+,Kolkata,West Bengal,22.53,88.41297,+91 ******7566,2025-12-21,True,9,False,0.97
193,DONOR-UT-00193,B+,Noida,Uttar Pradesh,28.49644,77.36582,+91 ******6816,2025-09-17,True,11,True,0.84
194,DONOR-WE-00194,A+,Kolkata,West Bengal,22.61928,88.34706,+91 ******2735,2026-01-15,True,2,False,0.82
195,DONOR-MA-00195,B+,Mumbai,Maharashtra,19.07058,72.86681,+91 ******9199,2025-09-10,True,6,True,0.81
196,DONOR-KA-00196,AB-,Bengaluru,Karnataka,12.9632,77.64077,+91 ******3321,2026-06-25,False,5,True,0.91
197,DONOR-TA-00197,A-,Chennai,Tamil Nadu,13.06753,80.23046,+91 ******6225,2026-01-04,True,5,False,0.88
198,DONOR-DE-00198,B-,Delhi,Delhi,28.64882,77.2238,+91 ******3692,2025-09-11,True,9,False,0.7
199,DONOR-WE-00199,B+,Kolkata,West Bengal,22.61845,88.33709,+91 ******4022,2026-01-28,True,11,True,0.78
200,DONOR-MA-00200,B-,Mumbai,Maharashtra,19.07096,72.87066,+91 ******4519,2026-08-21,False,5,True,0.92
201,DONOR-UT-00201,AB-,Noida,Uttar Pradesh,28.54323,77.42095,+91 ******4063,2025-11-22,True,6,False,0.69
202,DONOR-TA-00202,O+,Chennai,Tamil Nadu,13.08547,80.28461,+91 ******7367,2025-10-22,True,10,False,0.77
203,DONOR-TA-00203,B+,Chennai,Tamil Nadu,13.09444,80.30207,+91 ******2388,2026-03-24,True,6,False,0.75
204,DONOR-HA-00204,B+,Gurugram,Haryana,28.44683,76.99074,+91 ******7852,2026-02-06,True,10,True,0.71
205,DONOR-HA-00205,AB-,Gurugram,Haryana,28.46499,77.02556,+91 ******4065,2026-06-13,False,14,True,0.67
206,DONOR-TE-00206,O-,Hyderabad,Telangana,17.43018,78.48516,+91 ******7290,2026-05-16,True,7,True,0.79
207,DONOR-TA-00207,AB+,Chennai,Tamil Nadu,13.08157,80.22897,+91 ******4613,2026-08-08,False,1,False,0.83
208,DONOR-HA-00208,A-,Gurugram,Haryana,28.48757,77.03317,+91 ******9369,2025-12-13,True,10,False,0.91
209,DONOR-TE-00209,B-,Hyderabad,Telangana,17.3892,78.51238,+91 ******9951,2026-01-10,True,7,False,0.92
210,DONOR-MA-00210,AB-,Mumbai,Maharashtra,19.05577,72.92763,+91 ******5305,2026-01-05,True,14,True,0.79
211,DONOR-UT-00211,O+,Noida,Uttar Pradesh,28.56306,77.36469,+91 ******6744,2025-10-26,True,3,True,0.91
212,DONOR-MA-00212,B+,Mumbai,Maharashtra,19.10654,72.88471,+91 ******5605,2025-11-24,True,6,True,0.75
213,DONOR-KA-00213,B+,Bengaluru,Karnataka,13.01684,77.59604,+91 ******2560,2025-09-10,True,13,True,0.95
214,DONOR-KA-00214,B+,Bengaluru,Karnataka,13.0083,77.55729,+91 ******5090,2026-06-17,False,12,True,0.73
215,DONOR-WE-00215,O+,Kolkata,West Bengal,22.57155,88.37164,+91 ******7786,2026-04-08,True,8,False,0.91
216,DONOR-UT-00216,O-,Noida,Uttar Pradesh,28.52579,77.41598,+91 ******8449,2026-02-16,True,6,True,0.94
217,DONOR-UT-00217,A-,Noida,Uttar Pradesh,28.55859,77.38684,+91 ******6869,2025-09-17,True,13,True,0.72
218,DONOR-WE-00218,AB-,Kolkata,West Bengal,22.60508,88.36337,+91 ******5646,2026-03-11,True,9,True,0.84
219,DONOR-TA-00219,A-,Chennai,Tamil Nadu,13.11153,80.31012,+91 ******1752,2026-07-30,False,11,True,0.8
220,DONOR-UT-00220,O+,Noida,Uttar Pradesh,28.57844,77.3568,+91 ******1011,2026-01-02,True,4,True,0.95
221,DONOR-KA-00221,AB-,Bengaluru,Karnataka,12.9375,77.63787,+91 ******2529,2026-04-05,True,5,False,0.87
222,DONOR-HA-00222,A-,Gurugram,Haryana,28.41468,77.03916,+91 ******8032,2026-04-26,True,12,False,0.72
223,DONOR-UT-00223,A+,Noida,Uttar Pradesh,28.49877,77.36362,+91 ******8291,2025-09-09,True,1,True,0.92
224,DONOR-WE-00224,A-,Kolkata,West Bengal,22.592,88.36167,+91 ******7276,2026-04-28,True,12,True,0.68
225,DONOR-TE-00225,A-,Hyderabad,Telangana,17.4231,78.45041,+91 ******3340,2026-06-16,False,9,True,0.85
226,DONOR-HA-00226,O+,Gurugram,Haryana,28.45351,77.04884,+91 ******3480,2025-10-06,True,10,True,0.93
227,DONOR-UT-00227,AB-,Noida,Uttar Pradesh,28.57516,77.355,+91 ******7291,2026-06-21,False,7,True,0.7
228,DONOR-KA-00228,A+,Bengaluru,Karnataka,12.98606,77.56942,+91 ******5668,2025-10-20,True,14,True,0.94
229,DONOR-MA-00229,A+,Mumbai,Maharashtra,19.07777,72.87865,+91 ******5842,2026-02-04,True,13,True,0.97
230,DONOR-TA-00230,A+,Chennai,Tamil Nadu,13.07129,80.24481,+91 ******2163,2025-10-01,True,6,True,0.69
231,DONOR-WE-00231,A+,Kolkata,West Bengal,22.55914,88.38219,+91 ******2195,2025-12-25,True,10,False,0.74
232,DONOR-DE-00232,AB+,Delhi,Delhi,28.65616,77.25387,+91 ******9300,2026-02-01,True,11,True,0.9
233,DONOR-WE-00233,B+,Kolkata,West Bengal,22.59278,88.32214,+91 ******9808,2025-11-22,True,5,False,0.68
234,DONOR-MA-00234,A-,Mumbai,Maharashtra,19.12343,72.84324,+91 ******7401,2026-03-09,True,5,True,0.89
235,DONOR-MA-00235,O-,Mumbai,Maharashtra,19.03179,72.83632,+91 ******2900,2026-01-13,True,10,True,0.75
236,DONOR-HA-00236,O-,Gurugram,Haryana,28.42144,77.04739,+91 ******3684,2026-08-18,False,6,True,0.91
237,DONOR-KA-00237,A+,Bengaluru,Karnataka,12.9383,77.55729,+91 ******2934,2026-04-08,True,6,True,0.74
238,DONOR-UT-00238,O-,Noida,Uttar Pradesh,28.51179,77.43851,+91 ******2262,2025-10-06,True,8,True,0.67
239,DONOR-HA-00239,B-,Gurugram,Haryana,28.44627,77.00211,+91 ******2889,2026-07-02,False,12,True,0.66
240,DONOR-DE-00240,B+,Delhi,Delhi,28.58836,77.20618,+91 ******3458,2026-02-08,True,14,False,0.92
241,DONOR-WE-00241,A-,Kolkata,West Bengal,22.54505,88.33873,+91 ******5444,2026-03-13,True,10,True,0.82
242,DONOR-DE-00242,A-,Delhi,Delhi,28.58183,77.23943,+91 ******7568,2026-07-31,False,8,True,0.91
243,DONOR-KA-00243,B-,Bengaluru,Karnataka,12.95433,77.59991,+91 ******7044,2026-08-19,False,5,True,0.75
244,DONOR-MA-00244,B-,Mumbai,Maharashtra,19.07239,72.88687,+91 ******4201,2025-12-14,True,3,False,0.79
245,DONOR-MA-00245,A+,Mumbai,Maharashtra,19.08015,72.89129,+91 ******6488,2026-08-19,False,13,True,0.93
246,DONOR-KA-00246,O-,Bengaluru,Karnataka,12.93199,77.59758,+91 ******7878,2026-04-24,True,1,True,0.7
247,DONOR-KA-00247,AB-,Bengaluru,Karnataka,12.9309,77.63673,+91 ******7767,2025-11-30,True,8,True,0.68
248,DONOR-UT-00248,A+,Noida,Uttar Pradesh,28.53604,77.40472,+91 ******2226,2026-02-03,True,7,True,0.69
249,DONOR-KA-00249,AB-,Bengaluru,Karnataka,12.9477,77.5761,+91 ******6345,2026-02-03,True,8,False,0.67
250,DONOR-MA-00250,A-,Mumbai,Maharashtra,19.03961,72.90471,+91 ******3546,2026-06-29,False,3,True,0.75
251,DONOR-UT-00251,AB+,Noida,Uttar Pradesh,28.53909,77.43746,+91 ******8404,2026-05-09,True,8,False,0.69
252,DONOR-HA-00252,B-,Gurugram,Haryana,28.49026,77.00702,+91 ******1660,2025-10-19,True,14,True,0.7
253,DONOR-MA-00253,AB+,Mumbai,Maharashtra,19.12284,72.86732,+91 ******5896,2026-07-29,False,14,True,0.66
254,DONOR-WE-00254,A-,Kolkata,West Bengal,22.60806,88.3695,+91 ******5093,2025-11-15,True,8,False,0.91
255,DONOR-UT-00255,B-,Noida,Uttar Pradesh,28.4867,77.42404,+91 ******3141,2026-05-02,True,14,True,0.88
256,DONOR-UT-00256,A-,Noida,Uttar Pradesh,28.54373,77.36688,+91 ******1357,2026-07-16,False,4,True,0.8
257,DONOR-HA-00257,A+,Gurugram,Haryana,28.4187,77.06133,+91 ******3007,2026-03-07,True,8,False,0.95
258,DONOR-WE-00258,O+,Kolkata,West Bengal,22.60477,88.3534,+91 ******7270,2026-08-08,False,3,True,0.95
259,DONOR-KA-00259,AB+,Bengaluru,Karnataka,12.94959,77.63294,+91 ******5026,2026-08-06,False,8,True,0.83
260,DONOR-DE-00260,B-,Delhi,Delhi,28.57267,77.1973,+91 ******4267,2026-01-21,True,11,True,0.83
261,DONOR-DE-00261,O-,Delhi,Delhi,28.66284,77.23719,+91 ******8859,2026-02-21,True,6,True,0.82
262,DONOR-WE-00262,A+,Kolkata,West Bengal,22.54964,88.31651,+91 ******4588,2025-10-22,True,13,True,0.67
263,DONOR-TA-00263,A-,Chennai,Tamil Nadu,13.08564,80.29738,+91 ******3615,2026-04-26,True,4,True,0.74
264,DONOR-DE-00264,AB-,Delhi,Delhi,28.6403,77.25378,+91 ******7363,2025-11-02,True,14,True,0.71
265,DONOR-MA-00265,AB-,Mumbai,Maharashtra,19.08525,72.90832,+91 ******1462,2026-02-21,True,10,True,0.84
266,DONOR-MA-00266,AB+,Mumbai,Maharashtra,19.10967,72.90874,+91 ******9882,2025-12-14,True,3,True,0.68
267,DONOR-MA-00267,AB-,Mumbai,Maharashtra,19.08617,72.82969,+91 ******1011,2025-12-22,True,10,False,0.69
268,DONOR-HA-00268,A+,Gurugram,Haryana,28.50138,77.06103,+91 ******1975,2026-03-11,True,3,True,0.95
269,DONOR-UT-00269,O+,Noida,Uttar Pradesh,28.57015,77.42707,+91 ******7120,2026-07-17,False,10,False,0.75
270,DONOR-HA-00270,AB-,Gurugram,Haryana,28.50709,77.04984,+91 ******8982,2026-01-12,True,3,True,0.84
271,DONOR-TE-00271,AB+,Hyderabad,Telangana,17.35732,78.4956,+91 ******7199,2026-05-26,True,12,True,0.69
272,DONOR-DE-00272,B+,Delhi,Delhi,28.65878,77.25387,+91 ******1530,2026-02-04,True,10,True,0.92
273,DONOR-MA-00273,AB-,Mumbai,Maharashtra,19.08996,72.83811,+91 ******3304,2025-12-12,True,12,False,0.76
274,DONOR-TE-00274,O-,Hyderabad,Telangana,17.35179,78.52523,+91 ******6500,2026-07-09,False,1,False,0.73
275,DONOR-UT-00275,O+,Noida,Uttar Pradesh,28.52055,77.4197,+91 ******1788,2026-08-23,False,8,True,0.97
276,DONOR-WE-00276,A-,Kolkata,West Bengal,22.57191,88.35177,+91 ******7149,2025-11-17,True,14,True,0.94
277,DONOR-MA-00277,A+,Mumbai,Maharashtra,19.04227,72.83507,+91 ******5831,2026-08-06,False,6,False,0.68
278,DONOR-TE-00278,A-,Hyderabad,Telangana,17.35201,78.47425,+91 ******9962,2026-07-16,False,6,True,0.85
279,DONOR-TA-00279,O+,Chennai,Tamil Nadu,13.10315,80.26383,+91 ******3703,2025-09-23,True,3,False,0.76
280,DONOR-MA-00280,AB+,Mumbai,Maharashtra,19.06693,72.88311,+91 ******5346,2025-11-20,True,5,False,0.67
281,DONOR-TA-00281,AB+,Chennai,Tamil Nadu,13.04806,80.25678,+91 ******2435,2026-01-17,True,14,True,0.85
282,DONOR-MA-00282,A-,Mumbai,Maharashtra,19.0357,72.8484,+91 ******5781,2025-10-01,True,8,True,0.75
283,DONOR-WE-00283,O+,Kolkata,West Bengal,22.56969,88.40339,+91 ******2493,2026-04-10,True,3,True,0.78
284,DONOR-HA-00284,B-,Gurugram,Haryana,28.45408,77.00293,+91 ******5315,2025-12-28,True,14,False,0.67
285,DONOR-UT-00285,B-,Noida,Uttar Pradesh,28.49407,77.37538,+91 ******7782,2025-11-19,True,9,False,0.78
286,DONOR-WE-00286,O-,Kolkata,West Bengal,22.61916,88.38261,+91 ******4860,2025-12-23,True,5,False,0.95
287,DONOR-DE-00287,A-,Delhi,Delhi,28.61411,77.24905,+91 ******3415,2025-11-04,True,13,True,0.96
288,DONOR-HA-00288,O+,Gurugram,Haryana,28.50672,77.05745,+91 ******1699,2026-06-20,False,2,True,0.79
289,DONOR-HA-00289,O+,Gurugram,Haryana,28.49291,77.00239,+91 ******2425,2026-07-20,False,9,True,0.76
290,DONOR-KA-00290,O+,Bengaluru,Karnataka,12.97357,77.63632,+91 ******9561,2026-08-17,False,2,True,0.7
291,DONOR-UT-00291,AB-,Noida,Uttar Pradesh,28.57799,77.39727,+91 ******5687,2026-07-03,False,7,False,0.87
292,DONOR-TA-00292,A+,Chennai,Tamil Nadu,13.03645,80.24824,+91 ******7581,2026-06-11,False,7,True,0.76
293,DONOR-MA-00293,A+,Mumbai,Maharashtra,19.03093,72.87522,+91 ******7102,2026-04-08,True,6,True,0.75
294,DONOR-KA-00294,B-,Bengaluru,Karnataka,13.00588,77.63042,+91 ******2609,2025-09-07,True,3,True,0.9
295,DONOR-TE-00295,B-,Hyderabad,Telangana,17.36194,78.47838,+91 ******2462,2025-09-27,True,8,False,0.92
296,DONOR-TA-00296,B+,Chennai,Tamil Nadu,13.10865,80.30742,+91 ******9442,2026-07-26,False,2,True,0.82
297,DONOR-HA-00297,B+,Gurugram,Haryana,28.48755,77.02903,+91 ******1474,2025-11-05,True,4,True,0.72
298,DONOR-DE-00298,AB+,Delhi,Delhi,28.58885,77.20464,+91 ******4262,2026-02-20,True,6,True,0.82
299,DONOR-UT-00299,B+,Noida,Uttar Pradesh,28.55362,77.36519,+91 ******8308,2025-12-16,True,14,True,0.83
300,DONOR-TE-00300,A+,Hyderabad,Telangana,17.35135,78.52615,+91 ******5670,2026-07-08,False,7,False,0.93
301,DONOR-MA-00301,AB+,Mumbai,Maharashtra,19.11171,72.89244,+91 ******4387,2025-09-11,True,11,True,0.66
302,DONOR-DE-00302,B-,Delhi,Delhi,28.61131,77.17223,+91 ******1138,2026-05-27,True,5,True,0.96
303,DONOR-KA-00303,AB+,Bengaluru,Karnataka,12.96398,77.58225,+91 ******8520,2026-02-26,True,4,True,0.87
304,DONOR-WE-00304,AB+,Kolkata,West Bengal,22.58105,88.31463,+91 ******7131,2025-09-18,True,5,True,0.81
305,DONOR-TE-00305,AB+,Hyderabad,Telangana,17.43384,78.50076,+91 ******5278,2026-04-04,True,4,False,0.9
306,DONOR-DE-00306,AB-,Delhi,Delhi,28.64444,77.23924,+91 ******7620,2025-10-20,True,11,False,0.66
307,DONOR-TA-00307,O+,Chennai,Tamil Nadu,13.13245,80.24664,+91 ******7628,2026-01-21,True,12,False,0.88
308,DONOR-MA-00308,AB-,Mumbai,Maharashtra,19.06032,72.89904,+91 ******8794,2025-11-23,True,9,True,0.71
309,DONOR-HA-00309,AB-,Gurugram,Haryana,28.43888,77.02368,+91 ******3999,2026-04-13,True,11,False,0.77
310,DONOR-KA-00310,AB+,Bengaluru,Karnataka,12.96365,77.63328,+91 ******5269,2026-02-14,True,8,True,0.81
311,DONOR-UT-00311,AB+,Noida,Uttar Pradesh,28.53272,77.36045,+91 ******7253,2026-06-23,False,7,False,0.93
312,DONOR-HA-00312,B+,Gurugram,Haryana,28.50873,77.01087,+91 ******8496,2025-11-05,True,6,True,0.71
313,DONOR-UT-00313,A+,Noida,Uttar Pradesh,28.53426,77.4041,+91 ******6134,2026-05-25,True,1,True,0.72
314,DONOR-HA-00314,O+,Gurugram,Haryana,28.46713,76.99244,+91 ******3120,2026-07-09,False,11,True,0.79
315,DONOR-TA-00315,A+,Chennai,Tamil Nadu,13.07103,80.22447,+91 ******7112,2026-05-13,True,6,True,0.83
316,DONOR-DE-00316,AB-,Delhi,Delhi,28.63157,77.22167,+91 ******4707,2026-04-18,True,5,False,0.78
317,DONOR-KA-00317,O-,Bengaluru,Karnataka,12.9383,77.62698,+91 ******5764,2026-03-24,True,12,True,0.82
318,DONOR-WE-00318,AB-,Kolkata,West Bengal,22.6114,88.41345,+91 ******9031,2026-03-01,True,13,False,0.96
319,DONOR-WE-00319,A+,Kolkata,West Bengal,22.52451,88.33633,+91 ******4460,2026-06-17,False,10,True,0.69
320,DONOR-DE-00320,A+,Delhi,Delhi,28.60142,77.22303,+91 ******1796,2025-11-23,True,11,False,0.93
321,DONOR-DE-00321,AB+,Delhi,Delhi,28.63287,77.20068,+91 ******3024,2026-02-10,True,8,True,0.72
322,DONOR-DE-00322,AB+,Delhi,Delhi,28.59401,77.22517,+91 ******9524,2025-09-18,True,10,True,0.7
323,DONOR-UT-00323,A-,Noida,Uttar Pradesh,28.53666,77.40277,+91 ******2867,2026-04-01,True,8,False,0.72
324,DONOR-KA-00324,AB+,Bengaluru,Karnataka,13.00475,77.64191,+91 ******7713,2026-02-21,True,3,False,0.81
325,DONOR-MA-00325,A+,Mumbai,Maharashtra,19.09482,72.87577,+91 ******1044,2026-04-25,True,11,False,0.69
326,DONOR-TA-00326,A-,Chennai,Tamil Nadu,13.04761,80.22971,+91 ******2229,2025-12-05,True,5,True,0.8
327,DONOR-KA-00327,AB+,Bengaluru,Karnataka,12.94801,77.54961,+91 ******1646,2026-05-26,True,6,True,0.75
328,DONOR-UT-00328,B+,Noida,Uttar Pradesh,28.495,77.41682,+91 ******1158,2026-07-31,False,11,True,0.76
329,DONOR-TA-00329,AB-,Chennai,Tamil Nadu,13.12821,80.24753,+91 ******7105,2026-07-07,False,3,False,0.78
330,DONOR-TA-00330,B+,Chennai,Tamil Nadu,13.05988,80.25927,+91 ******7909,2025-12-22,True,2,False,0.89
331,DONOR-HA-00331,B+,Gurugram,Haryana,28.41987,77.06772,+91 ******8178,2025-12-19,True,10,True,0.77
332,DONOR-DE-00332,O-,Delhi,Delhi,28.65016,77.247,+91 ******8914,2026-06-18,False,2,True,0.8
333,DONOR-UT-00333,B-,Noida,Uttar Pradesh,28.51166,77.37242,+91 ******9598,2025-09-10,True,11,True,0.82
334,DONOR-UT-00334,O+,Noida,Uttar Pradesh,28.52878,77.41367,+91 ******6664,2025-12-20,True,3,True,0.83
335,DONOR-DE-00335,O-,Delhi,Delhi,28.56506,77.25244,+91 ******8688,2025-12-08,True,14,False,0.9
336,DONOR-TE-00336,B-,Hyderabad,Telangana,17.35909,78.53371,+91 ******9305,2026-07-29,False,9,True,0.78
337,DONOR-MA-00337,A-,Mumbai,Maharashtra,19.03388,72.87212,+91 ******8341,2025-11-03,True,14,True,0.75
338,DONOR-TA-00338,A+,Chennai,Tamil Nadu,13.10722,80.22248,+91 ******7755,2026-01-29,True,9,True,0.92
339,DONOR-KA-00339,AB-,Bengaluru,Karnataka,13.01061,77.60083,+91 ******8474,2025-09-22,True,6,True,0.92
340,DONOR-TA-00340,AB-,Chennai,Tamil Nadu,13.0659,80.29744,+91 ******8751,2025-10-20,True,12,True,0.68
341,DONOR-MA-00341,AB-,Mumbai,Maharashtra,19.02622,72.86321,+91 ******5783,2025-10-03,True,12,False,0.95
342,DONOR-TA-00342,AB+,Chennai,Tamil Nadu,13.04674,80.29239,+91 ******2752,2026-01-26,True,10,False,0.69
343,DONOR-WE-00343,A-,Kolkata,West Bengal,22.54416,88.39636,+91 ******6536,2026-05-18,True,13,True,0.96
344,DONOR-UT-00344,B+,Noida,Uttar Pradesh,28.56271,77.38605,+91 ******9260,2025-09-20,True,8,False,0.89
345,DONOR-WE-00345,B+,Kolkata,West Bengal,22.60648,88.36219,+91 ******3903,2025-12-06,True,12,True,0.68
346,DONOR-TE-00346,AB+,Hyderabad,Telangana,17.38541,78.47517,+91 ******5067,2025-10-16,True,7,True,0.97
347,DONOR-TA-00347,AB+,Chennai,Tamil Nadu,13.11318,80.23452,+91 ******9393,2025-10-19,True,14,True,0.93
348,DONOR-MA-00348,B+,Mumbai,Maharashtra,19.04609,72.89012,+91 ******6657,2026-03-28,True,12,True,0.97
349,DONOR-TE-00349,O+,Hyderabad,Telangana,17.40604,78.51278,+91 ******8870,2025-11-09,True,11,True,0.93
350,DONOR-KA-00350,A-,Bengaluru,Karnataka,13.00935,77.58684,+91 ******9564,2026-08-17,False,1,True,0.67
351,DONOR-DE-00351,AB+,Delhi,Delhi,28.58389,77.23402,+91 ******5695,2026-06-02,True,3,True,0.88
352,DONOR-KA-00352,A-,Bengaluru,Karnataka,12.942,77.59872,+91 ******8415,2026-02-21,True,10,True,0.89
353,DONOR-MA-00353,AB+,Mumbai,Maharashtra,19.10024,72.88383,+91 ******9370,2026-04-24,True,12,True,0.96
354,DONOR-WE-00354,A+,Kolkata,West Bengal,22.56426,88.39271,+91 ******6122,2025-09-07,True,1,True,0.72
355,DONOR-TA-00355,B-,Chennai,Tamil Nadu,13.1157,80.31185,+91 ******7025,2025-09-26,True,13,True,0.71
356,DONOR-TA-00356,A-,Chennai,Tamil Nadu,13.05044,80.28897,+91 ******3847,2026-05-20,True,7,False,0.74
357,DONOR-KA-00357,AB-,Bengaluru,Karnataka,12.93461,77.603,+91 ******1092,2026-04-15,True,8,True,0.7
358,DONOR-HA-00358,O-,Gurugram,Haryana,28.50236,77.03629,+91 ******5934,2025-10-07,True,13,True,0.77
359,DONOR-TE-00359,B+,Hyderabad,Telangana,17.38754,78.5324,+91 ******2117,2025-11-30,True,7,True,0.78
360,DONOR-TE-00360,AB-,Hyderabad,Telangana,17.35712,78.45804,+91 ******6424,2026-03-07,True,5,False,0.9
361,DONOR-TA-00361,A-,Chennai,Tamil Nadu,13.13236,80.30307,+91 ******1144,2025-09-25,True,11,True,0.73
362,DONOR-MA-00362,A-,Mumbai,Maharashtra,19.12189,72.89596,+91 ******7248,2026-03-12,True,7,False,0.89
363,DONOR-DE-00363,O-,Delhi,Delhi,28.65503,77.24121,+91 ******9426,2026-02-13,True,8,False,0.95
364,DONOR-MA-00364,A+,Mumbai,Maharashtra,19.05803,72.83593,+91 ******3742,2026-07-05,False,11,False,0.87
365,DONOR-MA-00365,O+,Mumbai,Maharashtra,19.1125,72.87012,+91 ******4368,2026-07-01,False,11,True,0.67
366,DONOR-HA-00366,A-,Gurugram,Haryana,28.41188,77.04829,+91 ******2433,2026-08-04,False,1,False,0.73
367,DONOR-UT-00367,O+,Noida,Uttar Pradesh,28.543,77.36376,+91 ******7678,2026-04-13,True,8,True,0.79
368,DONOR-DE-00368,A+,Delhi,Delhi,28.60285,77.17083,+91 ******2036,2026-08-20,False,12,True,0.77
369,DONOR-UT-00369,AB+,Noida,Uttar Pradesh,28.51448,77.40959,+91 ******2417,2025-10-17,True,13,True,0.78
370,DONOR-DE-00370,AB+,Delhi,Delhi,28.6113,77.21235,+91 ******7406,2026-06-15,False,11,False,0.87
371,DONOR-TE-00371,A-,Hyderabad,Telangana,17.43074,78.43782,+91 ******3316,2025-11-12,True,1,False,0.85
372,DONOR-UT-00372,O+,Noida,Uttar Pradesh,28.51597,77.41583,+91 ******4469,2026-02-28,True,11,True,0.7
373,DONOR-HA-00373,B+,Gurugram,Haryana,28.43158,77.06007,+91 ******2877,2026-05-16,True,11,True,0.93
374,DONOR-TA-00374,AB+,Chennai,Tamil Nadu,13.09717,80.22801,+91 ******2103,2025-09-14,True,2,False,0.84
375,DONOR-TE-00375,AB+,Hyderabad,Telangana,17.37071,78.50383,+91 ******2639,2026-04-25,True,10,False,0.71
376,DONOR-TA-00376,AB-,Chennai,Tamil Nadu,13.07776,80.28233,+91 ******3496,2026-03-20,True,13,True,0.79
377,DONOR-DE-00377,AB+,Delhi,Delhi,28.59522,77.23757,+91 ******8145,2025-09-29,True,14,True,0.87
378,DONOR-TE-00378,O-,Hyderabad,Telangana,17.42279,78.48298,+91 ******6004,2026-02-21,True,9,False,0.86
379,DONOR-UT-00379,B-,Noida,Uttar Pradesh,28.56968,77.42687,+91 ******9824,2026-06-13,False,5,True,0.86
380,DONOR-UT-00380,O+,Noida,Uttar Pradesh,28.57471,77.42596,+91 ******1511,2025-10-04,True,13,True,0.95
381,DONOR-KA-00381,AB-,Bengaluru,Karnataka,12.97595,77.64447,+91 ******3435,2025-12-25,True,7,False,0.9
382,DONOR-KA-00382,AB-,Bengaluru,Karnataka,12.93499,77.59471,+91 ******7500,2026-07-08,False,9,False,0.73
383,DONOR-HA-00383,B+,Gurugram,Haryana,28.48522,76.99064,+91 ******3935,2026-06-03,True,12,True,0.96
384,DONOR-DE-00384,AB-,Delhi,Delhi,28.58578,77.20776,+91 ******5331,2026-07-22,False,4,False,0.72
385,DONOR-TE-00385,AB-,Hyderabad,Telangana,17.37381,78.52849,+91 ******1653,2026-07-31,False,2,True,0.82
386,DONOR-KA-00386,O+,Bengaluru,Karnataka,13.00509,77.57093,+91 ******3848,2025-11-18,True,11,True,0.84
387,DONOR-UT-00387,O+,Noida,Uttar Pradesh,28.53717,77.37863,+91 ******9460,2026-05-01,True,6,True,0.76
388,DONOR-TA-00388,B+,Chennai,Tamil Nadu,13.12142,80.22136,+91 ******8207,2026-06-13,False,4,False,0.86
389,DONOR-MA-00389,B-,Mumbai,Maharashtra,19.04102,72.84344,+91 ******2938,2025-10-19,True,7,True,0.89
390,DONOR-TA-00390,O+,Chennai,Tamil Nadu,13.10022,80.2686,+91 ******3641,2025-10-25,True,1,False,0.69
391,DONOR-HA-00391,A+,Gurugram,Haryana,28.42297,77.02786,+91 ******3406,2025-11-03,True,3,False,0.71
392,DONOR-WE-00392,A-,Kolkata,West Bengal,22.58254,88.37026,+91 ******5644,2026-08-14,False,4,True,0.98
393,DONOR-TA-00393,B+,Chennai,Tamil Nadu,13.04976,80.30374,+91 ******3338,2025-10-20,True,10,True,0.74
394,DONOR-TE-00394,O+,Hyderabad,Telangana,17.42724,78.49635,+91 ******4765,2026-07-19,False,7,False,0.66
395,DONOR-WE-00395,A+,Kolkata,West Bengal,22.60525,88.37445,+91 ******8796,2026-05-25,True,13,True,0.9
396,DONOR-UT-00396,A+,Noida,Uttar Pradesh,28.53372,77.35403,+91 ******9835,2025-10-19,True,13,True,0.79
397,DONOR-WE-00397,B-,Kolkata,West Bengal,22.55964,88.31824,+91 ******8028,2025-11-25,True,13,True,0.9
398,DONOR-TE-00398,O+,Hyderabad,Telangana,17.3939,78.51084,+91 ******2600,2025-11-02,True,3,False,0.9
399,DONOR-UT-00399,B-,Noida,Uttar Pradesh,28.51383,77.42868,+91 ******5223,2026-01-26,True,1,True,0.91
400,DONOR-UT-00400,O+,Noida,Uttar Pradesh,28.53748,77.3785,+91 ******6175,2026-05-10,True,6,False,0.79
401,DONOR-KA-00401,AB+,Bengaluru,Karnataka,12.94773,77.59821,+91 ******6990,2025-11-07,True,11,True,0.72
402,DONOR-TA-00402,AB+,Chennai,Tamil Nadu,13.05057,80.27661,+91 ******5157,2025-12-19,True,10,True,0.88
403,DONOR-HA-00403,B+,Gurugram,Haryana,28.495,77.04253,+91 ******8317,2026-04-28,True,2,False,0.78
404,DONOR-TE-00404,B+,Hyderabad,Telangana,17.41509,78.4981,+91 ******1852,2025-09-07,True,7,True,0.65
405,DONOR-UT-00405,A-,Noida,Uttar Pradesh,28.56783,77.38817,+91 ******8133,2025-10-20,True,2,False,0.77
406,DONOR-DE-00406,AB+,Delhi,Delhi,28.63635,77.25207,+91 ******9536,2026-01-30,True,12,True,0.67
407,DONOR-HA-00407,AB+,Gurugram,Haryana,28.47353,77.0205,+91 ******9489,2026-05-12,True,4,False,0.85
408,DONOR-MA-00408,A+,Mumbai,Maharashtra,19.08752,72.8951,+91 ******4919,2026-02-20,True,3,False,0.74
409,DONOR-WE-00409,A+,Kolkata,West Bengal,22.55791,88.35341,+91 ******4281,2025-10-27,True,12,True,0.95
410,DONOR-KA-00410,AB-,Bengaluru,Karnataka,12.99421,77.60051,+91 ******6703,2025-10-29,True,14,False,0.85
411,DONOR-MA-00411,B+,Mumbai,Maharashtra,19.07148,72.8681,+91 ******5277,2026-08-21,False,7,True,0.83
412,DONOR-KA-00412,AB+,Bengaluru,Karnataka,12.9556,77.5563,+91 ******5222,2025-12-04,True,12,True,0.77
413,DONOR-TA-00413,A+,Chennai,Tamil Nadu,13.1097,80.29645,+91 ******8548,2026-01-01,True,8,False,0.67
414,DONOR-MA-00414,AB-,Mumbai,Maharashtra,19.09369,72.85069,+91 ******7757,2026-03-15,True,9,True,0.88
415,DONOR-KA-00415,A-,Bengaluru,Karnataka,12.94643,77.5539,+91 ******6603,2025-09-13,True,9,True,0.81
416,DONOR-TE-00416,O-,Hyderabad,Telangana,17.35686,78.49407,+91 ******4115,2026-05-22,True,12,False,0.89
417,DONOR-KA-00417,B+,Bengaluru,Karnataka,12.94228,77.56488,+91 ******6833,2026-04-18,True,13,False,0.95
418,DONOR-TA-00418,O-,Chennai,Tamil Nadu,13.09408,80.29712,+91 ******1692,2025-11-19,True,6,True,0.81
419,DONOR-KA-00419,O+,Bengaluru,Karnataka,12.97068,77.64304,+91 ******5591,2025-12-05,True,4,True,0.69
420,DONOR-WE-00420,O+,Kolkata,West Bengal,22.57043,88.36798,+91 ******6689,2025-12-09,True,14,True,0.71
421,DONOR-UT-00421,B-,Noida,Uttar Pradesh,28.55532,77.38701,+91 ******1193,2026-08-19,False,7,True,0.76
422,DONOR-KA-00422,AB-,Bengaluru,Karnataka,12.94032,77.57088,+91 ******8722,2026-04-08,True,6,False,0.79
423,DONOR-WE-00423,O-,Kolkata,West Bengal,22.59267,88.35113,+91 ******5581,2026-01-30,True,3,True,0.97
424,DONOR-MA-00424,O+,Mumbai,Maharashtra,19.10742,72.89978,+91 ******8081,2026-04-25,True,4,False,0.97
425,DONOR-HA-00425,B+,Gurugram,Haryana,28.4568,76.97757,+91 ******9185,2026-01-20,True,14,True,0.83
426,DONOR-TE-00426,O+,Hyderabad,Telangana,17.41353,78.4667,+91 ******1781,2025-11-09,True,2,True,0.67
427,DONOR-KA-00427,AB+,Bengaluru,Karnataka,12.96925,77.60759,+91 ******6483,2026-01-05,True,6,True,0.83
428,DONOR-KA-00428,B+,Bengaluru,Karnataka,12.95601,77.58578,+91 ******4259,2026-02-25,True,13,False,0.76
429,DONOR-TA-00429,AB+,Chennai,Tamil Nadu,13.11017,80.26539,+91 ******7243,2026-07-14,False,8,True,0.7
430,DONOR-HA-00430,A-,Gurugram,Haryana,28.47356,77.06946,+91 ******7631,2026-01-20,True,2,False,0.73
431,DONOR-TE-00431,AB+,Hyderabad,Telangana,17.4003,78.50774,+91 ******7479,2025-10-18,True,8,True,0.96
432,DONOR-TA-00432,B-,Chennai,Tamil Nadu,13.0741,80.23909,+91 ******3048,2026-08-12,False,11,False,0.9
433,DONOR-UT-00433,O-,Noida,Uttar Pradesh,28.50656,77.3807,+91 ******2045,2026-07-06,False,9,False,0.9
434,DONOR-UT-00434,AB+,Noida,Uttar Pradesh,28.49589,77.40281,+91 ******7387,2026-07-11,False,4,False,0.74
435,DONOR-HA-00435,AB-,Gurugram,Haryana,28.42263,77.06045,+91 ******1575,2026-08-09,False,14,True,0.94
436,DONOR-TA-00436,O-,Chennai,Tamil Nadu,13.1302,80.27476,+91 ******9987,2026-04-06,True,3,True,0.88
437,DONOR-HA-00437,AB+,Gurugram,Haryana,28.46858,77.02225,+91 ******8126,2025-10-02,True,6,True,0.72
438,DONOR-UT-00438,AB+,Noida,Uttar Pradesh,28.52969,77.37758,+91 ******3551,2026-04-12,True,1,False,0.92
439,DONOR-HA-00439,O-,Gurugram,Haryana,28.44389,77.02352,+91 ******9059,2026-08-19,False,5,False,0.79
440,DONOR-KA-00440,B-,Bengaluru,Karnataka,12.9813,77.62428,+91 ******7121,2025-11-16,True,7,True,0.79
441,DONOR-MA-00441,B-,Mumbai,Maharashtra,19.04233,72.90141,+91 ******7199,2026-02-05,True,5,False,0.86
442,DONOR-KA-00442,B-,Bengaluru,Karnataka,12.95007,77.61889,+91 ******7765,2026-04-08,True,14,False,0.7
443,DONOR-UT-00443,B-,Noida,Uttar Pradesh,28.54919,77.40277,+91 ******9060,2026-04-06,True,6,False,0.67
444,DONOR-DE-00444,O-,Delhi,Delhi,28.58249,77.16923,+91 ******3048,2026-04-08,True,12,False,0.68
445,DONOR-DE-00445,AB-,Delhi,Delhi,28.61326,77.19319,+91 ******9165,2026-03-17,True,8,True,0.66
446,DONOR-UT-00446,O+,Noida,Uttar Pradesh,28.56985,77.43616,+91 ******5366,2026-07-26,False,2,True,0.71
447,DONOR-KA-00447,O+,Bengaluru,Karnataka,13.00333,77.62743,+91 ******5078,2026-06-22,False,13,True,0.73
448,DONOR-DE-00448,B-,Delhi,Delhi,28.58382,77.23253,+91 ******9538,2026-07-06,False,8,True,0.97
449,DONOR-TE-00449,A-,Hyderabad,Telangana,17.35086,78.50952,+91 ******9534,2025-11-15,True,5,True,0.75
450,DONOR-TE-00450,B-,Hyderabad,Telangana,17.42375,78.52307,+91 ******2850,2026-05-04,True,11,True,0.65
451,DONOR-KA-00451,A+,Bengaluru,Karnataka,12.98007,77.58418,+91 ******1146,2026-04-21,True,10,True,0.81
452,DONOR-HA-00452,A-,Gurugram,Haryana,28.44664,76.98555,+91 ******9190,2026-06-04,True,11,True,0.96
453,DONOR-DE-00453,B+,Delhi,Delhi,28.56988,77.22346,+91 ******2759,2025-11-22,True,8,False,0.97
454,DONOR-TE-00454,O+,Hyderabad,Telangana,17.41555,78.48057,+91 ******1349,2026-05-17,True,6,True,0.73
455,DONOR-DE-00455,O-,Delhi,Delhi,28.61243,77.20275,+91 ******9892,2026-03-26,True,4,True,0.83
456,DONOR-TE-00456,A-,Hyderabad,Telangana,17.40824,78.46423,+91 ******3627,2025-10-21,True,9,False,0.75
457,DONOR-KA-00457,O+,Bengaluru,Karnataka,12.97576,77.59001,+91 ******9289,2025-10-01,True,12,False,0.66
458,DONOR-TE-00458,O+,Hyderabad,Telangana,17.4126,78.46058,+91 ******9830,2026-07-22,False,4,True,0.81
459,DONOR-HA-00459,A-,Gurugram,Haryana,28.4708,77.00886,+91 ******6276,2025-09-29,True,2,True,0.67
460,DONOR-HA-00460,B-,Gurugram,Haryana,28.42736,76.97973,+91 ******8952,2026-06-30,False,2,False,0.86
461,DONOR-WE-00461,A+,Kolkata,West Bengal,22.58839,88.36648,+91 ******5193,2025-10-25,True,6,False,0.89
462,DONOR-DE-00462,O-,Delhi,Delhi,28.65692,77.17987,+91 ******2310,2025-12-15,True,13,True,0.77
463,DONOR-WE-00463,A+,Kolkata,West Bengal,22.6048,88.39332,+91 ******5355,2026-07-25,False,12,False,0.75
464,DONOR-MA-00464,O+,Mumbai,Maharashtra,19.12206,72.83741,+91 ******9710,2026-04-27,True,4,False,0.87
465,DONOR-HA-00465,O-,Gurugram,Haryana,28.46534,77.03241,+91 ******6864,2026-06-30,False,12,True,0.94
466,DONOR-HA-00466,B+,Gurugram,Haryana,28.48875,77.0316,+91 ******6529,2025-12-08,True,9,True,0.8
467,DONOR-TE-00467,O+,Hyderabad,Telangana,17.42525,78.49171,+91 ******7090,2026-03-10,True,13,True,0.92
468,DONOR-TE-00468,AB+,Hyderabad,Telangana,17.39584,78.49301,+91 ******7145,2026-05-06,True,6,True,0.8
469,DONOR-WE-00469,B+,Kolkata,West Bengal,22.52262,88.31737,+91 ******1267,2026-03-31,True,5,False,0.97
470,DONOR-MA-00470,B+,Mumbai,Maharashtra,19.11157,72.82987,+91 ******9376,2026-04-04,True,2,False,0.77
471,DONOR-HA-00471,AB+,Gurugram,Haryana,28.436,77.06556,+91 ******4817,2026-04-18,True,13,True,0.84
472,DONOR-MA-00472,O-,Mumbai,Maharashtra,19.09943,72.90006,+91 ******3832,2025-12-19,True,14,True,0.88
473,DONOR-UT-00473,A-,Noida,Uttar Pradesh,28.54502,77.37104,+91 ******7251,2025-11-01,True,13,False,0.9
474,DONOR-TE-00474,A+,Hyderabad,Telangana,17.42298,78.48013,+91 ******4714,2026-06-23,False,11,True,0.78
475,DONOR-KA-00475,AB-,Bengaluru,Karnataka,12.97404,77.57653,+91 ******3450,2025-11-07,True,9,True,0.7
476,DONOR-WE-00476,A-,Kolkata,West Bengal,22.6197,88.38918,+91 ******9269,2025-11-02,True,4,True,0.91
477,DONOR-HA-00477,O+,Gurugram,Haryana,28.42272,76.98485,+91 ******1807,2025-11-04,True,5,False,0.82
478,DONOR-HA-00478,O+,Gurugram,Haryana,28.4857,77.02469,+91 ******8993,2026-05-14,True,11,True,0.84
479,DONOR-MA-00479,A-,Mumbai,Maharashtra,19.05023,72.85433,+91 ******6298,2026-01-15,True,2,True,0.79
480,DONOR-TE-00480,AB+,Hyderabad,Telangana,17.35405,78.47115,+91 ******1396,2025-09-22,True,3,True,0.85
481,DONOR-TA-00481,AB-,Chennai,Tamil Nadu,13.09502,80.26475,+91 ******4271,2026-04-26,True,3,True,0.93
482,DONOR-UT-00482,AB+,Noida,Uttar Pradesh,28.55946,77.3653,+91 ******3419,2025-10-10,True,1,True,0.92
483,DONOR-KA-00483,B-,Bengaluru,Karnataka,12.96661,77.54687,+91 ******9814,2026-05-08,True,4,True,0.9
484,DONOR-TA-00484,O+,Chennai,Tamil Nadu,13.095,80.31993,+91 ******1301,2025-09-15,True,10,True,0.82
485,DONOR-KA-00485,A+,Bengaluru,Karnataka,12.93863,77.573,+91 ******5444,2025-10-11,True,8,True,0.65
486,DONOR-WE-00486,A-,Kolkata,West Bengal,22.58864,88.3802,+91 ******6901,2025-09-20,True,1,False,0.94
487,DONOR-WE-00487,O-,Kolkata,West Bengal,22.54572,88.35197,+91 ******6168,2026-07-04,False,14,True,0.68
488,DONOR-MA-00488,B-,Mumbai,Maharashtra,19.07607,72.8735,+91 ******1651,2026-08-12,False,9,True,0.81
489,DONOR-HA-00489,B-,Gurugram,Haryana,28.41134,77.04503,+91 ******5953,2026-02-23,True,9,False,0.67
490,DONOR-KA-00490,B-,Bengaluru,Karnataka,13.00947,77.63364,+91 ******5590,2026-08-08,False,3,True,0.78
491,DONOR-HA-00491,O+,Gurugram,Haryana,28.41828,77.01482,+91 ******4726,2025-09-10,True,4,True,0.79
492,DONOR-KA-00492,B-,Bengaluru,Karnataka,13.01257,77.57753,+91 ******3158,2025-11-19,True,11,False,0.83
493,DONOR-MA-00493,O+,Mumbai,Maharashtra,19.11226,72.8586,+91 ******3215,2025-11-28,True,13,False,0.96
494,DONOR-HA-00494,AB-,Gurugram,Haryana,28.44125,77.03233,+91 ******4016,2026-06-24,False,14,True,0.89
495,DONOR-TE-00495,O-,Hyderabad,Telangana,17.42301,78.4781,+91 ******5970,2026-01-25,True,12,True,0.95
496,DONOR-KA-00496,A+,Bengaluru,Karnataka,12.9368,77.56339,+91 ******4026,2026-06-17,False,13,True,0.85
497,DONOR-MA-00497,A-,Mumbai,Maharashtra,19.08564,72.85079,+91 ******6886,2026-08-10,False,12,True,0.69
498,DONOR-TA-00498,O-,Chennai,Tamil Nadu,13.1039,80.2581,+91 ******9051,2026-02-06,True,3,False,0.72
499,DONOR-WE-00499,B-,Kolkata,West Bengal,22.59905,88.3154,+91 ******7767,2026-04-07,True,12,True,0.72
500,DONOR-MA-00500,AB-,Mumbai,Maharashtra,19.03261,72.92041,+91 ******9027,2026-01-11,True,14,True,0.73
501,DONOR-WE-00501,O+,Kolkata,West Bengal,22.60022,88.37469,+91 ******6126,2026-02-10,True,10,True,0.84
502,DONOR-DE-00502,O+,Delhi,Delhi,28.61596,77.20416,+91 ******5025,2026-08-02,False,12,False,0.78
503,DONOR-DE-00503,O-,Delhi,Delhi,28.58289,77.20296,+91 ******5684,2026-03-21,True,3,True,0.85
504,DONOR-DE-00504,A-,Delhi,Delhi,28.6329,77.24937,+91 ******8400,2025-12-29,True,12,True,0.71
505,DONOR-HA-00505,O-,Gurugram,Haryana,28.44881,77.00895,+91 ******3930,2026-08-11,False,10,True,0.95
506,DONOR-TA-00506,A-,Chennai,Tamil Nadu,13.04172,80.25311,+91 ******3686,2025-09-25,True,2,False,0.8
507,DONOR-TE-00507,O+,Hyderabad,Telangana,17.34353,78.50743,+91 ******3619,2025-12-05,True,9,True,0.9
508,DONOR-TE-00508,B+,Hyderabad,Telangana,17.39155,78.50265,+91 ******3656,2026-06-08,True,3,True,0.67
509,DONOR-KA-00509,B+,Bengaluru,Karnataka,12.95255,77.62146,+91 ******5731,2026-01-07,True,2,True,0.97
510,DONOR-DE-00510,O-,Delhi,Delhi,28.62616,77.18431,+91 ******9153,2026-01-01,True,9,True,0.85
511,DONOR-TA-00511,O+,Chennai,Tamil Nadu,13.05649,80.27959,+91 ******8434,2025-12-23,True,8,False,0.85
512,DONOR-MA-00512,A+,Mumbai,Maharashtra,19.11422,72.85551,+91 ******4401,2025-10-06,True,3,False,0.87
513,DONOR-DE-00513,AB-,Delhi,Delhi,28.57844,77.16224,+91 ******5889,2025-11-01,True,2,False,0.79
514,DONOR-HA-00514,O-,Gurugram,Haryana,28.42563,77.00504,+91 ******3906,2025-09-19,True,12,True,0.96
515,DONOR-UT-00515,O+,Noida,Uttar Pradesh,28.56235,77.37328,+91 ******2108,2026-02-10,True,14,True,0.75
516,DONOR-HA-00516,O+,Gurugram,Haryana,28.4217,77.06254,+91 ******9635,2026-03-08,True,9,False,0.72
517,DONOR-DE-00517,A-,Delhi,Delhi,28.57483,77.23197,+91 ******9666,2025-10-05,True,8,True,0.85
518,DONOR-KA-00518,AB-,Bengaluru,Karnataka,12.96431,77.62938,+91 ******9608,2026-04-13,True,3,True,0.81
519,DONOR-TA-00519,AB+,Chennai,Tamil Nadu,13.08195,80.23869,+91 ******4812,2025-10-15,True,4,False,0.66
520,DONOR-UT-00520,O+,Noida,Uttar Pradesh,28.55925,77.36173,+91 ******7793,2025-10-12,True,1,True,0.83
521,DONOR-MA-00521,A-,Mumbai,Maharashtra,19.02713,72.84782,+91 ******5168,2026-04-01,True,5,True,0.83
522,DONOR-DE-00522,B+,Delhi,Delhi,28.57528,77.19233,+91 ******1477,2026-02-02,True,4,True,0.76
523,DONOR-TA-00523,O-,Chennai,Tamil Nadu,13.12432,80.30043,+91 ******3224,2025-09-27,True,3,True,0.94
524,DONOR-TE-00524,AB+,Hyderabad,Telangana,17.38125,78.51812,+91 ******9537,2026-07-26,False,10,True,0.75
525,DONOR-DE-00525,B+,Delhi,Delhi,28.58473,77.22755,+91 ******2084,2026-02-23,True,5,True,0.76
526,DONOR-WE-00526,B+,Kolkata,West Bengal,22.58525,88.39814,+91 ******7382,2025-11-04,True,10,False,0.91
527,DONOR-KA-00527,O+,Bengaluru,Karnataka,12.99213,77.57605,+91 ******5448,2026-08-07,False,2,True,0.73
528,DONOR-TA-00528,B+,Chennai,Tamil Nadu,13.11565,80.25096,+91 ******5953,2025-11-28,True,2,True,0.66
529,DONOR-MA-00529,B+,Mumbai,Maharashtra,19.11734,72.87208,+91 ******8907,2026-08-11,False,4,True,0.81
530,DONOR-KA-00530,B+,Bengaluru,Karnataka,12.99915,77.55893,+91 ******9456,2026-07-04,False,4,True,0.8
531,DONOR-UT-00531,AB-,Noida,Uttar Pradesh,28.48591,77.43423,+91 ******2426,2025-10-23,True,8,True,0.68
532,DONOR-KA-00532,AB-,Bengaluru,Karnataka,12.92385,77.62045,+91 ******4438,2025-09-30,True,4,False,0.74
533,DONOR-TE-00533,B+,Hyderabad,Telangana,17.41228,78.50381,+91 ******3446,2026-04-06,True,5,False,0.97
534,DONOR-UT-00534,B+,Noida,Uttar Pradesh,28.50616,77.37603,+91 ******5440,2026-03-13,True,12,True,0.84
535,DONOR-HA-00535,O-,Gurugram,Haryana,28.41662,77.03793,+91 ******9856,2026-03-03,True,1,False,0.81
536,DONOR-DE-00536,B+,Delhi,Delhi,28.57449,77.16438,+91 ******7421,2026-01-17,True,12,True,0.85
537,DONOR-TA-00537,A-,Chennai,Tamil Nadu,13.09433,80.25194,+91 ******9740,2026-05-14,True,13,True,0.84
538,DONOR-UT-00538,O-,Noida,Uttar Pradesh,28.56679,77.43297,+91 ******2593,2025-12-27,True,5,True,0.88
539,DONOR-TA-00539,AB-,Chennai,Tamil Nadu,13.07975,80.31544,+91 ******5227,2026-06-11,False,7,False,0.95
540,DONOR-TE-00540,A+,Hyderabad,Telangana,17.41388,78.52494,+91 ******8987,2026-01-03,True,2,True,0.77
541,DONOR-TA-00541,A-,Chennai,Tamil Nadu,13.11728,80.24893,+91 ******3087,2026-02-26,True,7,True,0.91
542,DONOR-TE-00542,O-,Hyderabad,Telangana,17.39061,78.44379,+91 ******9728,2026-03-22,True,7,True,0.73
543,DONOR-MA-00543,AB-,Mumbai,Maharashtra,19.08079,72.92509,+91 ******2082,2026-02-08,True,4,True,0.85
544,DONOR-WE-00544,A-,Kolkata,West Bengal,22.57932,88.34812,+91 ******3835,2026-04-25,True,12,True,0.84
545,DONOR-TA-00545,O-,Chennai,Tamil Nadu,13.04413,80.28031,+91 ******2599,2026-03-10,True,3,True,0.78
546,DONOR-UT-00546,O-,Noida,Uttar Pradesh,28.55405,77.40064,+91 ******6364,2026-02-10,True,11,True,0.68
547,DONOR-HA-00547,B+,Gurugram,Haryana,28.49823,77.06693,+91 ******1003,2025-10-02,True,11,False,0.83
548,DONOR-WE-00548,AB+,Kolkata,West Bengal,22.58416,88.35862,+91 ******6187,2026-05-10,True,10,True,0.87
549,DONOR-WE-00549,O+,Kolkata,West Bengal,22.59438,88.40541,+91 ******1133,2026-07-09,False,14,False,0.75
550,DONOR-TE-00550,A-,Hyderabad,Telangana,17.42511,78.53349,+91 ******6885,2026-08-23,False,14,False,0.66
551,DONOR-WE-00551,O+,Kolkata,West Bengal,22.59282,88.35333,+91 ******7271,2026-03-14,True,7,True,0.72
552,DONOR-HA-00552,O+,Gurugram,Haryana,28.45699,76.99542,+91 ******6902,2026-02-08,True,3,False,0.94
553,DONOR-HA-00553,O-,Gurugram,Haryana,28.42293,76.98377,+91 ******3359,2026-08-15,False,11,True,0.98
554,DONOR-UT-00554,B+,Noida,Uttar Pradesh,28.49922,77.42159,+91 ******7974,2026-01-02,True,8,True,0.83
555,DONOR-TA-00555,O-,Chennai,Tamil Nadu,13.07117,80.24327,+91 ******1121,2026-01-18,True,14,True,0.89
556,DONOR-KA-00556,A+,Bengaluru,Karnataka,12.96268,77.59922,+91 ******1548,2026-02-17,True,10,True,0.77
557,DONOR-TA-00557,O-,Chennai,Tamil Nadu,13.12887,80.22871,+91 ******5578,2025-11-27,True,9,False,0.94
558,DONOR-UT-00558,AB+,Noida,Uttar Pradesh,28.51002,77.40407,+91 ******2279,2025-09-18,True,10,False,0.76
559,DONOR-DE-00559,O+,Delhi,Delhi,28.61079,77.21027,+91 ******6431,2025-12-26,True,6,True,0.91
560,DONOR-KA-00560,AB+,Bengaluru,Karnataka,12.93835,77.61411,+91 ******5981,2025-10-22,True,1,True,0.84
561,DONOR-DE-00561,AB+,Delhi,Delhi,28.62953,77.18818,+91 ******1447,2025-10-08,True,8,False,0.82
562,DONOR-KA-00562,A+,Bengaluru,Karnataka,12.94681,77.60618,+91 ******5209,2026-04-05,True,12,False,0.71
563,DONOR-HA-00563,B-,Gurugram,Haryana,28.47542,77.01358,+91 ******5280,2026-05-26,True,8,False,0.82
564,DONOR-DE-00564,O-,Delhi,Delhi,28.59818,77.16744,+91 ******3525,2026-06-10,False,13,True,0.9
565,DONOR-MA-00565,AB-,Mumbai,Maharashtra,19.09207,72.9003,+91 ******4454,2026-05-30,True,1,True,0.9
566,DONOR-UT-00566,O-,Noida,Uttar Pradesh,28.49075,77.3874,+91 ******5937,2025-12-23,True,12,True,0.95
567,DONOR-MA-00567,B+,Mumbai,Maharashtra,19.06398,72.89826,+91 ******5302,2025-12-24,True,9,True,0.65
568,DONOR-TA-00568,A-,Chennai,Tamil Nadu,13.0709,80.25227,+91 ******1672,2025-11-25,True,9,True,0.97
569,DONOR-WE-00569,AB+,Kolkata,West Bengal,22.58365,88.37911,+91 ******6488,2026-04-06,True,5,True,0.73
570,DONOR-WE-00570,AB-,Kolkata,West Bengal,22.56871,88.38143,+91 ******4193,2026-04-22,True,11,True,0.71
571,DONOR-DE-00571,A-,Delhi,Delhi,28.63118,77.24217,+91 ******7737,2026-08-17,False,9,False,0.8
572,DONOR-MA-00572,A-,Mumbai,Maharashtra,19.09853,72.85289,+91 ******1388,2026-08-06,False,1,True,0.87
573,DONOR-MA-00573,B+,Mumbai,Maharashtra,19.12105,72.89151,+91 ******2415,2026-06-23,False,7,True,0.95
574,DONOR-HA-00574,O-,Gurugram,Haryana,28.4991,77.04617,+91 ******5826,2026-04-16,True,11,True,0.86
575,DONOR-KA-00575,AB+,Bengaluru,Karnataka,12.99854,77.61382,+91 ******6298,2025-09-16,True,3,True,0.74
576,DONOR-DE-00576,AB+,Delhi,Delhi,28.60218,77.19227,+91 ******5230,2026-07-24,False,3,True,0.81
577,DONOR-MA-00577,B+,Mumbai,Maharashtra,19.08703,72.84554,+91 ******2776,2025-12-15,True,9,True,0.72
578,DONOR-UT-00578,A-,Noida,Uttar Pradesh,28.57676,77.41254,+91 ******1571,2026-07-02,False,2,True,0.73
579,DONOR-TA-00579,A+,Chennai,Tamil Nadu,13.03458,80.27047,+91 ******1014,2025-09-23,True,11,True,0.7
580,DONOR-TE-00580,O-,Hyderabad,Telangana,17.42546,78.49416,+91 ******9039,2025-12-03,True,7,True,0.89
581,DONOR-UT-00581,AB-,Noida,Uttar Pradesh,28.53951,77.34133,+91 ******2985,2025-12-20,True,6,True,0.78
582,DONOR-UT-00582,O-,Noida,Uttar Pradesh,28.52204,77.42633,+91 ******2318,2026-03-02,True,13,True,0.86
583,DONOR-HA-00583,AB+,Gurugram,Haryana,28.46495,77.07335,+91 ******4129,2025-09-19,True,12,True,0.69
584,DONOR-TE-00584,B+,Hyderabad,Telangana,17.38365,78.52522,+91 ******4104,2026-01-11,True,1,False,0.89
585,DONOR-MA-00585,O-,Mumbai,Maharashtra,19.07492,72.834,+91 ******6041,2025-11-20,True,9,True,0.92
586,DONOR-DE-00586,A-,Delhi,Delhi,28.5676,77.16461,+91 ******7643,2026-08-02,False,4,True,0.87
587,DONOR-TA-00587,B-,Chennai,Tamil Nadu,13.12671,80.30772,+91 ******3440,2025-11-22,True,2,False,0.7
588,DONOR-DE-00588,B+,Delhi,Delhi,28.61102,77.2508,+91 ******4976,2026-07-31,False,1,False,0.67
589,DONOR-KA-00589,A-,Bengaluru,Karnataka,13.00367,77.55433,+91 ******3796,2025-10-15,True,14,True,0.69
590,DONOR-MA-00590,AB-,Mumbai,Maharashtra,19.03231,72.84796,+91 ******7586,2026-03-04,True,2,True,0.84
591,DONOR-HA-00591,B+,Gurugram,Haryana,28.44166,77.07307,+91 ******1746,2026-05-06,True,6,False,0.74
592,DONOR-WE-00592,B-,Kolkata,West Bengal,22.53941,88.35089,+91 ******8187,2026-05-31,True,10,False,0.68
593,DONOR-WE-00593,A+,Kolkata,West Bengal,22.60037,88.31546,+91 ******2322,2025-12-17,True,1,False,0.68
594,DONOR-KA-00594,B-,Bengaluru,Karnataka,12.96322,77.62534,+91 ******3079,2025-12-23,True,3,True,0.82
595,DONOR-WE-00595,O-,Kolkata,West Bengal,22.54653,88.33135,+91 ******3949,2026-08-04,False,10,True,0.86
596,DONOR-KA-00596,A-,Bengaluru,Karnataka,12.95639,77.54506,+91 ******4144,2026-04-25,True,9,True,0.85
597,DONOR-MA-00597,A+,Mumbai,Maharashtra,19.07242,72.89035,+91 ******5528,2026-05-09,True,4,False,0.7
598,DONOR-TA-00598,AB-,Chennai,Tamil Nadu,13.08245,80.23668,+91 ******1885,2026-08-01,False,5,False,0.73
599,DONOR-TA-00599,B+,Chennai,Tamil Nadu,13.03703,80.29474,+91 ******3881,2025-11-21,True,13,False,0.82
600,DONOR-UT-00600,O+,Noida,Uttar Pradesh,28.57501,77.41314,+91 ******6340,2025-10-24,True,4,True,0.95
601,DONOR-MA-00601,O+,Mumbai,Maharashtra,19.1039,72.86031,+91 ******4884,2026-07-04,False,14,False,0.94
602,DONOR-UT-00602,B-,Noida,Uttar Pradesh,28.5326,77.38944,+91 ******3374,2026-01-12,True,10,True,0.78
603,DONOR-HA-00603,B-,Gurugram,Haryana,28.45527,76.99602,+91 ******5418,2026-02-21,True,6,False,0.88
604,DONOR-DE-00604,O+,Delhi,Delhi,28.59196,77.17011,+91 ******8513,2025-12-28,True,3,True,0.72
605,DONOR-KA-00605,B-,Bengaluru,Karnataka,12.98196,77.62355,+91 ******3784,2025-10-01,True,2,True,0.82
606,DONOR-MA-00606,O+,Mumbai,Maharashtra,19.08516,72.9114,+91 ******1237,2026-04-03,True,12,True,0.73
607,DONOR-WE-00607,A+,Kolkata,West Bengal,22.58055,88.40308,+91 ******3440,2025-10-25,True,7,True,0.66
608,DONOR-TA-00608,O+,Chennai,Tamil Nadu,13.10605,80.27112,+91 ******9701,2026-01-18,True,8,True,0.88
609,DONOR-UT-00609,O+,Noida,Uttar Pradesh,28.53074,77.36505,+91 ******1203,2025-11-11,True,4,False,0.75
610,DONOR-UT-00610,A+,Noida,Uttar Pradesh,28.48709,77.4079,+91 ******8524,2026-06-02,True,8,True,0.7
611,DONOR-WE-00611,A+,Kolkata,West Bengal,22.54109,88.40106,+91 ******8607,2025-10-07,True,14,True,0.78
612,DONOR-TE-00612,B-,Hyderabad,Telangana,17.38809,78.46636,+91 ******9887,2026-04-07,True,13,True,0.85
613,DONOR-TE-00613,A+,Hyderabad,Telangana,17.40858,78.44218,+91 ******6963,2025-09-12,True,2,True,0.8
614,DONOR-DE-00614,B-,Delhi,Delhi,28.60046,77.17653,+91 ******2097,2025-11-10,True,3,True,0.73
615,DONOR-UT-00615,B-,Noida,Uttar Pradesh,28.5504,77.41474,+91 ******4437,2025-10-30,True,6,True,0.74
616,DONOR-WE-00616,O-,Kolkata,West Bengal,22.55031,88.32024,+91 ******8412,2026-02-28,True,9,True,0.69
617,DONOR-KA-00617,B-,Bengaluru,Karnataka,12.9668,77.58141,+91 ******2075,2025-09-13,True,8,False,0.78
618,DONOR-HA-00618,AB+,Gurugram,Haryana,28.43834,77.07226,+91 ******3699,2026-06-29,False,2,True,0.81
619,DONOR-MA-00619,B+,Mumbai,Maharashtra,19.07807,72.89043,+91 ******7824,2026-03-26,True,8,True,0.8
620,DONOR-DE-00620,AB-,Delhi,Delhi,28.59305,77.16529,+91 ******9513,2026-04-27,True,7,True,0.87
621,DONOR-TE-00621,O-,Hyderabad,Telangana,17.38361,78.50329,+91 ******9986,2025-11-25,True,8,True,0.69
622,DONOR-KA-00622,AB+,Bengaluru,Karnataka,12.93877,77.5706,+91 ******7093,2025-12-19,True,13,True,0.7
623,DONOR-KA-00623,AB+,Bengaluru,Karnataka,12.96719,77.56124,+91 ******9770,2026-06-02,True,3,True,0.93
624,DONOR-HA-00624,O-,Gurugram,Haryana,28.42563,76.98829,+91 ******3072,2026-03-14,True,5,True,0.72
625,DONOR-DE-00625,O-,Delhi,Delhi,28.63046,77.2568,+91 ******7109,2026-06-09,True,9,True,0.83
626,DONOR-UT-00626,O-,Noida,Uttar Pradesh,28.57754,77.38146,+91 ******3381,2025-12-11,True,6,False,0.97
627,DONOR-TE-00627,O-,Hyderabad,Telangana,17.39972,78.46626,+91 ******3409,2026-03-28,True,6,True,0.89
628,DONOR-DE-00628,O+,Delhi,Delhi,28.57784,77.2141,+91 ******1406,2026-03-19,True,10,True,0.8
629,DONOR-UT-00629,B-,Noida,Uttar Pradesh,28.51814,77.40182,+91 ******9625,2026-05-16,True,13,True,0.74
630,DONOR-DE-00630,O+,Delhi,Delhi,28.57226,77.24395,+91 ******2431,2025-09-11,True,4,True,0.85
631,DONOR-DE-00631,AB-,Delhi,Delhi,28.65474,77.19511,+91 ******8006,2026-06-09,True,7,True,0.74
632,DONOR-TE-00632,B-,Hyderabad,Telangana,17.36581,78.48126,+91 ******2435,2025-11-09,True,12,True,0.89
633,DONOR-WE-00633,B+,Kolkata,West Bengal,22.60297,88.34276,+91 ******7786,2026-01-18,True,14,True,0.68
634,DONOR-MA-00634,A-,Mumbai,Maharashtra,19.05632,72.92654,+91 ******6495,2025-11-28,True,10,True,0.68
635,DONOR-WE-00635,B+,Kolkata,West Bengal,22.58648,88.34123,+91 ******8571,2026-05-26,True,4,False,0.78
636,DONOR-TA-00636,O-,Chennai,Tamil Nadu,13.03692,80.30332,+91 ******5979,2025-10-28,True,9,True,0.72
637,DONOR-DE-00637,A-,Delhi,Delhi,28.5793,77.18902,+91 ******8742,2025-09-30,True,11,True,0.74
638,DONOR-HA-00638,A-,Gurugram,Haryana,28.45869,77.04538,+91 ******1466,2026-04-20,True,13,False,0.98
639,DONOR-UT-00639,AB+,Noida,Uttar Pradesh,28.54539,77.37718,+91 ******8144,2025-12-20,True,11,True,0.97
640,DONOR-UT-00640,B+,Noida,Uttar Pradesh,28.52282,77.4143,+91 ******5252,2026-08-15,False,10,False,0.76
641,DONOR-HA-00641,AB-,Gurugram,Haryana,28.44524,76.98189,+91 ******7873,2026-02-20,True,1,False,0.82
642,DONOR-UT-00642,B+,Noida,Uttar Pradesh,28.53689,77.41764,+91 ******2548,2026-05-22,True,9,True,0.75
643,DONOR-KA-00643,AB-,Bengaluru,Karnataka,12.94875,77.6144,+91 ******2570,2026-02-19,True,14,False,0.7
644,DONOR-KA-00644,A-,Bengaluru,Karnataka,12.9589,77.59309,+91 ******3671,2026-03-02,True,4,False,0.72
645,DONOR-MA-00645,A-,Mumbai,Maharashtra,19.10551,72.88357,+91 ******9717,2025-11-27,True,7,True,0.68
646,DONOR-HA-00646,B+,Gurugram,Haryana,28.50184,77.02455,+91 ******6940,2026-03-17,True,14,True,0.98
647,DONOR-TE-00647,B+,Hyderabad,Telangana,17.35222,78.46717,+91 ******4643,2026-06-24,False,14,True,0.88
648,DONOR-KA-00648,A-,Bengaluru,Karnataka,12.93413,77.55762,+91 ******7960,2026-07-14,False,2,False,0.81
649,DONOR-WE-00649,A+,Kolkata,West Bengal,22.52685,88.32468,+91 ******9412,2025-09-20,True,8,False,0.73
650,DONOR-UT-00650,B-,Noida,Uttar Pradesh,28.51566,77.34203,+91 ******3028,2026-07-05,False,10,True,0.71
651,DONOR-TE-00651,AB-,Hyderabad,Telangana,17.33793,78.45126,+91 ******6698,2026-04-03,True,3,True,0.91
652,DONOR-MA-00652,B-,Mumbai,Maharashtra,19.07649,72.83453,+91 ******1229,2025-10-31,True,12,False,0.74
653,DONOR-DE-00653,O-,Delhi,Delhi,28.66126,77.16887,+91 ******9260,2026-05-06,True,6,True,0.71
654,DONOR-UT-00654,B-,Noida,Uttar Pradesh,28.50358,77.37648,+91 ******7948,2026-02-10,True,9,False,0.69
655,DONOR-TE-00655,AB-,Hyderabad,Telangana,17.34736,78.44773,+91 ******9123,2026-06-15,False,12,False,0.89
656,DONOR-UT-00656,AB+,Noida,Uttar Pradesh,28.51831,77.35257,+91 ******8486,2026-03-31,True,11,True,0.8
657,DONOR-WE-00657,O-,Kolkata,West Bengal,22.55166,88.39944,+91 ******2140,2026-05-19,True,11,True,0.65
658,DONOR-TA-00658,A-,Chennai,Tamil Nadu,13.09991,80.26034,+91 ******2392,2025-11-29,True,3,True,0.88
659,DONOR-UT-00659,AB-,Noida,Uttar Pradesh,28.55964,77.43024,+91 ******2060,2026-05-29,True,4,True,0.85
660,DONOR-WE-00660,AB+,Kolkata,West Bengal,22.53488,88.39771,+91 ******5563,2025-12-11,True,13,True,0.86
661,DONOR-WE-00661,AB+,Kolkata,West Bengal,22.55821,88.38057,+91 ******8938,2026-01-28,True,3,True,0.69
662,DONOR-KA-00662,A-,Bengaluru,Karnataka,12.97053,77.56768,+91 ******1486,2026-06-16,False,12,False,0.67
663,DONOR-DE-00663,B+,Delhi,Delhi,28.66111,77.19726,+91 ******6356,2025-09-10,True,5,True,0.68
664,DONOR-UT-00664,B-,Noida,Uttar Pradesh,28.55161,77.39299,+91 ******8635,2025-12-14,True,5,True,0.81
665,DONOR-KA-00665,A+,Bengaluru,Karnataka,12.97584,77.62555,+91 ******9955,2025-11-20,True,13,False,0.79
666,DONOR-UT-00666,O-,Noida,Uttar Pradesh,28.52386,77.37246,+91 ******8250,2026-02-12,True,1,False,0.83
667,DONOR-KA-00667,AB+,Bengaluru,Karnataka,13.01007,77.56101,+91 ******3203,2026-01-15,True,12,True,0.9
668,DONOR-TA-00668,O-,Chennai,Tamil Nadu,13.09871,80.28924,+91 ******8697,2025-11-04,True,9,True,0.82
669,DONOR-WE-00669,AB+,Kolkata,West Bengal,22.54894,88.373,+91 ******6779,2026-02-11,True,6,False,0.84
670,DONOR-HA-00670,AB-,Gurugram,Haryana,28.49319,77.01149,+91 ******1440,2025-10-29,True,7,False,0.76
671,DONOR-TE-00671,B-,Hyderabad,Telangana,17.37619,78.44234,+91 ******5056,2026-04-20,True,11,True,0.68
672,DONOR-UT-00672,AB-,Noida,Uttar Pradesh,28.57239,77.35245,+91 ******1322,2026-05-29,True,1,True,0.93
673,DONOR-WE-00673,AB-,Kolkata,West Bengal,22.54926,88.3835,+91 ******1364,2025-10-26,True,7,True,0.76
674,DONOR-UT-00674,AB-,Noida,Uttar Pradesh,28.56633,77.35101,+91 ******4373,2025-09-12,True,8,True,0.9
675,DONOR-TE-00675,O-,Hyderabad,Telangana,17.35166,78.46665,+91 ******4305,2026-01-12,True,11,True,0.91
676,DONOR-MA-00676,B-,Mumbai,Maharashtra,19.05474,72.83245,+91 ******7586,2025-11-03,True,10,True,0.68
677,DONOR-UT-00677,O-,Noida,Uttar Pradesh,28.54469,77.36834,+91 ******9700,2025-11-06,True,7,False,0.91
678,DONOR-KA-00678,AB-,Bengaluru,Karnataka,12.97206,77.57459,+91 ******9846,2025-09-18,True,4,True,0.73
679,DONOR-TA-00679,B+,Chennai,Tamil Nadu,13.09986,80.27546,+91 ******9457,2026-08-14,False,10,True,0.87
680,DONOR-TA-00680,A+,Chennai,Tamil Nadu,13.05949,80.28449,+91 ******8106,2025-10-13,True,9,False,0.8
681,DONOR-MA-00681,O+,Mumbai,Maharashtra,19.04105,72.89623,+91 ******8133,2026-03-23,True,6,True,0.95
682,DONOR-MA-00682,AB+,Mumbai,Maharashtra,19.1106,72.85439,+91 ******3631,2026-03-30,True,11,True,0.78
683,DONOR-UT-00683,O-,Noida,Uttar Pradesh,28.5005,77.34377,+91 ******8604,2026-03-18,True,9,True,0.79
684,DONOR-DE-00684,AB+,Delhi,Delhi,28.5841,77.18627,+91 ******5233,2026-08-09,False,11,True,0.86
685,DONOR-DE-00685,A-,Delhi,Delhi,28.66028,77.20758,+91 ******1906,2026-08-13,False,6,True,0.94
686,DONOR-WE-00686,B+,Kolkata,West Bengal,22.61228,88.38107,+91 ******7502,2026-07-08,False,4,False,0.89
687,DONOR-UT-00687,O-,Noida,Uttar Pradesh,28.5377,77.4239,+91 ******5125,2025-11-28,True,2,False,0.69
688,DONOR-TE-00688,O+,Hyderabad,Telangana,17.36793,78.49513,+91 ******4865,2026-02-05,True,4,False,0.71
689,DONOR-KA-00689,O-,Bengaluru,Karnataka,12.96555,77.57003,+91 ******1916,2025-10-26,True,9,True,0.96
690,DONOR-TE-00690,B+,Hyderabad,Telangana,17.38957,78.48419,+91 ******5550,2026-04-19,True,6,True,0.77
691,DONOR-KA-00691,A+,Bengaluru,Karnataka,12.92371,77.64128,+91 ******1570,2025-10-17,True,12,True,0.87
692,DONOR-KA-00692,B-,Bengaluru,Karnataka,12.97687,77.57553,+91 ******2999,2026-02-19,True,14,True,0.65
693,DONOR-WE-00693,B-,Kolkata,West Bengal,22.61535,88.40569,+91 ******2478,2026-03-22,True,5,False,0.94
694,DONOR-TA-00694,A+,Chennai,Tamil Nadu,13.09584,80.30865,+91 ******7656,2025-09-28,True,5,True,0.92
695,DONOR-TA-00695,A-,Chennai,Tamil Nadu,13.07981,80.262,+91 ******7920,2026-03-06,True,14,False,0.74
696,DONOR-UT-00696,O-,Noida,Uttar Pradesh,28.52069,77.40121,+91 ******6353,2025-11-16,True,12,False,0.67
697,DONOR-HA-00697,O+,Gurugram,Haryana,28.47252,77.0557,+91 ******1050,2026-06-15,False,4,True,0.75
698,DONOR-UT-00698,O+,Noida,Uttar Pradesh,28.49658,77.36596,+91 ******3131,2025-09-25,True,13,True,0.8
699,DONOR-HA-00699,B-,Gurugram,Haryana,28.43557,77.04535,+91 ******5616,2026-03-09,True,2,True,0.71
700,DONOR-WE-00700,A+,Kolkata,West Bengal,22.61708,88.40233,+91 ******1339,2026-05-01,True,9,True,0.86
701,DONOR-UT-00701,O+,Noida,Uttar Pradesh,28.58291,77.36083,+91 ******1815,2026-05-29,True,10,True,0.74
702,DONOR-UT-00702,A+,Noida,Uttar Pradesh,28.5813,77.35801,+91 ******2922,2025-11-06,True,12,True,0.91
703,DONOR-TA-00703,B-,Chennai,Tamil Nadu,13.11543,80.27011,+91 ******4328,2026-05-01,True,14,True,0.74
704,DONOR-TA-00704,AB+,Chennai,Tamil Nadu,13.07091,80.26383,+91 ******4531,2026-05-10,True,12,True,0.79
705,DONOR-WE-00705,O-,Kolkata,West Bengal,22.60185,88.31678,+91 ******4858,2026-04-11,True,4,True,0.88
706,DONOR-TA-00706,B-,Chennai,Tamil Nadu,13.04127,80.26759,+91 ******7513,2026-03-11,True,12,True,0.79
707,DONOR-KA-00707,B-,Bengaluru,Karnataka,12.92891,77.6003,+91 ******6453,2026-07-28,False,8,True,0.98
708,DONOR-DE-00708,O+,Delhi,Delhi,28.56444,77.20945,+91 ******5956,2026-02-09,True,11,True,0.97
709,DONOR-DE-00709,AB-,Delhi,Delhi,28.62195,77.18503,+91 ******9074,2025-12-09,True,8,False,0.75
710,DONOR-WE-00710,O-,Kolkata,West Bengal,22.53678,88.32558,+91 ******3095,2026-08-01,False,14,True,0.74
711,DONOR-TE-00711,AB-,Hyderabad,Telangana,17.42762,78.46499,+91 ******5321,2026-04-11,True,7,True,0.75
712,DONOR-TA-00712,A+,Chennai,Tamil Nadu,13.10907,80.23583,+91 ******8208,2025-09-21,True,4,False,0.73
713,DONOR-DE-00713,A-,Delhi,Delhi,28.61092,77.17536,+91 ******8150,2025-12-27,True,8,False,0.77
714,DONOR-TA-00714,AB-,Chennai,Tamil Nadu,13.07848,80.23195,+91 ******3025,2026-06-09,True,2,False,0.74
715,DONOR-HA-00715,A+,Gurugram,Haryana,28.48449,77.05886,+91 ******4479,2025-11-08,True,9,True,0.71
716,DONOR-UT-00716,A+,Noida,Uttar Pradesh,28.51012,77.39081,+91 ******6384,2026-07-06,False,5,True,0.87
717,DONOR-WE-00717,B+,Kolkata,West Bengal,22.55996,88.40681,+91 ******6300,2026-06-30,False,1,False,0.92
718,DONOR-TA-00718,AB-,Chennai,Tamil Nadu,13.07811,80.31622,+91 ******1095,2025-10-23,True,1,True,0.96
719,DONOR-TE-00719,B-,Hyderabad,Telangana,17.42974,78.53668,+91 ******3118,2025-11-05,True,14,False,0.86
720,DONOR-TE-00720,A-,Hyderabad,Telangana,17.41481,78.51108,+91 ******7248,2025-11-16,True,7,False,0.73
721,DONOR-WE-00721,O+,Kolkata,West Bengal,22.53152,88.39913,+91 ******7365,2026-06-01,True,5,True,0.96
722,DONOR-HA-00722,B+,Gurugram,Haryana,28.42156,77.02568,+91 ******6080,2026-01-14,True,6,True,0.92
723,DONOR-MA-00723,O+,Mumbai,Maharashtra,19.07496,72.91624,+91 ******5398,2025-12-23,True,2,True,0.92
724,DONOR-HA-00724,AB-,Gurugram,Haryana,28.45291,77.0192,+91 ******9410,2026-08-03,False,8,True,0.86
725,DONOR-HA-00725,A-,Gurugram,Haryana,28.50257,77.02933,+91 ******9596,2025-09-26,True,5,True,0.68
726,DONOR-TA-00726,B-,Chennai,Tamil Nadu,13.06274,80.31912,+91 ******5921,2025-09-07,True,9,True,0.84
727,DONOR-UT-00727,O+,Noida,Uttar Pradesh,28.57723,77.39234,+91 ******7961,2025-12-05,True,2,True,0.89
728,DONOR-KA-00728,A-,Bengaluru,Karnataka,12.95715,77.60316,+91 ******1266,2025-12-09,True,12,True,0.71
729,DONOR-HA-00729,AB-,Gurugram,Haryana,28.49379,76.98113,+91 ******5876,2026-01-22,True,10,True,0.9
730,DONOR-TA-00730,B+,Chennai,Tamil Nadu,13.09508,80.24721,+91 ******4458,2026-05-20,True,2,True,0.85
731,DONOR-UT-00731,A+,Noida,Uttar Pradesh,28.52888,77.34279,+91 ******2911,2026-02-02,True,3,True,0.8
732,DONOR-WE-00732,AB+,Kolkata,West Bengal,22.60948,88.41048,+91 ******8974,2025-10-19,True,10,True,0.85
733,DONOR-WE-00733,B-,Kolkata,West Bengal,22.60306,88.32266,+91 ******1227,2026-06-15,False,2,True,0.88
734,DONOR-MA-00734,B-,Mumbai,Maharashtra,19.1119,72.84862,+91 ******3378,2025-09-25,True,7,True,0.93
735,DONOR-MA-00735,O+,Mumbai,Maharashtra,19.03461,72.90467,+91 ******8765,2026-06-09,True,1,False,0.95
736,DONOR-TA-00736,B-,Chennai,Tamil Nadu,13.12909,80.26785,+91 ******4975,2026-01-05,True,5,True,0.93
737,DONOR-DE-00737,O-,Delhi,Delhi,28.59729,77.16927,+91 ******7810,2026-01-14,True,12,True,0.89
738,DONOR-KA-00738,B-,Bengaluru,Karnataka,12.9253,77.58457,+91 ******8993,2025-12-04,True,12,False,0.66
739,DONOR-TE-00739,O-,Hyderabad,Telangana,17.39033,78.46348,+91 ******7834,2025-09-26,True,2,True,0.96
740,DONOR-TE-00740,B-,Hyderabad,Telangana,17.37983,78.48032,+91 ******5718,2026-06-02,True,8,True,0.73
741,DONOR-MA-00741,B+,Mumbai,Maharashtra,19.08477,72.8962,+91 ******8675,2025-10-19,True,5,True,0.78
742,DONOR-WE-00742,B+,Kolkata,West Bengal,22.60591,88.38121,+91 ******8738,2026-02-20,True,10,False,0.88
743,DONOR-UT-00743,O-,Noida,Uttar Pradesh,28.55221,77.35391,+91 ******3561,2026-05-13,True,2,True,0.96
744,DONOR-TA-00744,AB-,Chennai,Tamil Nadu,13.06307,80.24164,+91 ******1297,2026-07-30,False,5,True,0.7
745,DONOR-DE-00745,A-,Delhi,Delhi,28.64458,77.19277,+91 ******4714,2026-06-26,False,9,False,0.74
746,DONOR-TE-00746,B+,Hyderabad,Telangana,17.41349,78.51364,+91 ******5382,2025-11-11,True,14,True,0.82
747,DONOR-UT-00747,A-,Noida,Uttar Pradesh,28.55614,77.43366,+91 ******8489,2026-01-11,True,2,True,0.85
748,DONOR-UT-00748,A-,Noida,Uttar Pradesh,28.56786,77.3452,+91 ******3736,2026-07-01,False,14,False,0.77
749,DONOR-KA-00749,B+,Bengaluru,Karnataka,12.99242,77.6208,+91 ******2626,2025-12-11,True,11,True,0.92
750,DONOR-UT-00750,B-,Noida,Uttar Pradesh,28.57036,77.38491,+91 ******1107,2026-01-23,True,14,True,0.76
751,DONOR-HA-00751,B-,Gurugram,Haryana,28.41802,77.01384,+91 ******6908,2026-01-23,True,3,True,0.82
752,DONOR-MA-00752,AB-,Mumbai,Maharashtra,19.0398,72.87058,+91 ******8516,2026-01-26,True,1,True,0.9
753,DONOR-UT-00753,A+,Noida,Uttar Pradesh,28.49398,77.37248,+91 ******8111,2026-05-31,True,7,True,0.87
754,DONOR-HA-00754,AB+,Gurugram,Haryana,28.49975,76.98238,+91 ******9516,2025-10-04,True,7,True,0.87
755,DONOR-KA-00755,AB+,Bengaluru,Karnataka,12.99376,77.57597,+91 ******1129,2026-02-28,True,9,True,0.7
756,DONOR-WE-00756,AB-,Kolkata,West Bengal,22.56722,88.33441,+91 ******8244,2025-11-18,True,13,True,0.78
757,DONOR-MA-00757,O+,Mumbai,Maharashtra,19.1141,72.83613,+91 ******6480,2025-11-21,True,12,True,0.94
758,DONOR-KA-00758,AB-,Bengaluru,Karnataka,12.94297,77.59577,+91 ******9541,2026-03-17,True,13,True,0.66
759,DONOR-KA-00759,A-,Bengaluru,Karnataka,12.94573,77.62202,+91 ******9278,2026-01-19,True,12,False,0.77
760,DONOR-TE-00760,AB+,Hyderabad,Telangana,17.34738,78.51236,+91 ******8352,2026-06-21,False,10,True,0.8
761,DONOR-MA-00761,B-,Mumbai,Maharashtra,19.10654,72.9266,+91 ******9737,2025-11-07,True,6,False,0.87
762,DONOR-HA-00762,AB-,Gurugram,Haryana,28.48094,77.02857,+91 ******2724,2026-04-19,True,9,True,0.92
763,DONOR-TE-00763,A-,Hyderabad,Telangana,17.38043,78.45136,+91 ******7751,2026-01-18,True,2,False,0.94
764,DONOR-TA-00764,O+,Chennai,Tamil Nadu,13.05418,80.22851,+91 ******9622,2025-09-11,True,10,True,0.91
765,DONOR-KA-00765,O+,Bengaluru,Karnataka,12.98003,77.60825,+91 ******9020,2026-01-10,True,14,False,0.82
766,DONOR-TA-00766,A-,Chennai,Tamil Nadu,13.10382,80.23364,+91 ******9669,2025-12-04,True,12,False,0.81
767,DONOR-HA-00767,A-,Gurugram,Haryana,28.50391,77.01353,+91 ******7694,2026-06-24,False,2,True,0.75
768,DONOR-HA-00768,AB+,Gurugram,Haryana,28.42127,77.00709,+91 ******5968,2026-02-13,True,8,False,0.7
769,DONOR-WE-00769,B+,Kolkata,West Bengal,22.52747,88.40333,+91 ******4532,2026-03-31,True,14,True,0.65
770,DONOR-TE-00770,O-,Hyderabad,Telangana,17.34176,78.44117,+91 ******6074,2025-12-20,True,6,True,0.81
771,DONOR-HA-00771,O-,Gurugram,Haryana,28.4857,77.02708,+91 ******8371,2025-12-31,True,3,True,0.76
772,DONOR-WE-00772,A+,Kolkata,West Bengal,22.56132,88.40392,+91 ******9863,2026-03-03,True,11,True,0.89
773,DONOR-UT-00773,A-,Noida,Uttar Pradesh,28.5721,77.41172,+91 ******6060,2025-11-04,True,11,True,0.71
774,DONOR-DE-00774,A+,Delhi,Delhi,28.65963,77.21118,+91 ******9235,2025-12-23,True,2,True,0.83
775,DONOR-DE-00775,A-,Delhi,Delhi,28.5914,77.17958,+91 ******8278,2025-10-31,True,13,True,0.76
776,DONOR-DE-00776,B+,Delhi,Delhi,28.61305,77.25238,+91 ******8160,2026-03-02,True,7,False,0.82
777,DONOR-WE-00777,B+,Kolkata,West Bengal,22.54832,88.32536,+91 ******9876,2026-07-04,False,5,False,0.73
778,DONOR-UT-00778,A+,Noida,Uttar Pradesh,28.50092,77.43622,+91 ******3772,2025-09-10,True,10,True,0.71
779,DONOR-DE-00779,AB-,Delhi,Delhi,28.5937,77.16887,+91 ******7763,2026-06-12,False,5,True,0.92
780,DONOR-UT-00780,O-,Noida,Uttar Pradesh,28.49069,77.36496,+91 ******4874,2025-10-22,True,9,True,0.78
781,DONOR-UT-00781,A-,Noida,Uttar Pradesh,28.51243,77.37283,+91 ******7669,2025-11-13,True,8,False,0.86
782,DONOR-DE-00782,B-,Delhi,Delhi,28.59082,77.25535,+91 ******2663,2025-09-12,True,13,True,0.91
783,DONOR-KA-00783,B-,Bengaluru,Karnataka,12.97842,77.5892,+91 ******9199,2025-10-02,True,13,True,0.77
784,DONOR-HA-00784,A+,Gurugram,Haryana,28.4877,77.03035,+91 ******8401,2026-01-19,True,1,True,0.97
785,DONOR-KA-00785,AB+,Bengaluru,Karnataka,12.98691,77.56134,+91 ******8900,2026-07-24,False,10,False,0.87
786,DONOR-TE-00786,A+,Hyderabad,Telangana,17.41924,78.45798,+91 ******5609,2025-12-05,True,3,True,0.84
787,DONOR-KA-00787,O+,Bengaluru,Karnataka,12.93057,77.61444,+91 ******5578,2026-06-13,False,4,True,0.97
788,DONOR-TE-00788,O-,Hyderabad,Telangana,17.42339,78.53124,+91 ******5282,2025-10-02,True,5,False,0.97
789,DONOR-TE-00789,B+,Hyderabad,Telangana,17.35606,78.5326,+91 ******1260,2026-03-08,True,11,True,0.85
790,DONOR-DE-00790,O+,Delhi,Delhi,28.65404,77.22627,+91 ******9011,2026-01-24,True,9,False,0.94
791,DONOR-UT-00791,A-,Noida,Uttar Pradesh,28.53936,77.43026,+91 ******8293,2025-09-14,True,6,True,0.77
792,DONOR-TE-00792,O-,Hyderabad,Telangana,17.37368,78.52061,+91 ******3044,2026-08-19,False,6,True,0.8
793,DONOR-MA-00793,B-,Mumbai,Maharashtra,19.10031,72.90354,+91 ******6862,2025-09-09,True,2,True,0.86
794,DONOR-MA-00794,AB+,Mumbai,Maharashtra,19.04943,72.87708,+91 ******1602,2026-02-19,True,8,True,0.88
795,DONOR-MA-00795,A-,Mumbai,Maharashtra,19.02671,72.92613,+91 ******7489,2025-10-01,True,14,False,0.82
796,DONOR-HA-00796,A-,Gurugram,Haryana,28.46468,77.04258,+91 ******3875,2025-11-07,True,10,False,0.67
797,DONOR-KA-00797,B-,Bengaluru,Karnataka,13.01496,77.63015,+91 ******5494,2025-11-29,True,14,True,0.98
798,DONOR-KA-00798,A+,Bengaluru,Karnataka,12.98967,77.63291,+91 ******7997,2026-08-22,False,14,True,0.79
799,DONOR-WE-00799,AB-,Kolkata,West Bengal,22.55,88.38192,+91 ******9119,2025-12-28,True,9,True,0.94
800,DONOR-MA-00800,AB-,Mumbai,Maharashtra,19.0307,72.91954,+91 ******8354,2025-11-24,True,1,True,0.76
801,DONOR-DE-00801,B-,Delhi,Delhi,28.66293,77.18156,+91 ******2219,2026-01-19,True,4,False,0.75
802,DONOR-UT-00802,AB+,Noida,Uttar Pradesh,28.48829,77.38419,+91 ******6477,2026-08-11,False,4,False,0.73
803,DONOR-TE-00803,A-,Hyderabad,Telangana,17.41825,78.51886,+91 ******4878,2025-11-30,True,13,True,0.79
804,DONOR-UT-00804,A+,Noida,Uttar Pradesh,28.54803,77.39889,+91 ******1994,2026-07-11,False,7,True,0.93
805,DONOR-UT-00805,AB+,Noida,Uttar Pradesh,28.56376,77.3472,+91 ******1897,2026-01-09,True,10,True,0.67
806,DONOR-DE-00806,A-,Delhi,Delhi,28.61983,77.18849,+91 ******7581,2026-02-09,True,10,True,0.73
807,DONOR-DE-00807,AB-,Delhi,Delhi,28.60924,77.20542,+91 ******2659,2026-01-16,True,11,True,0.91
808,DONOR-TA-00808,A+,Chennai,Tamil Nadu,13.08442,80.27948,+91 ******2682,2026-06-29,False,10,True,0.85
809,DONOR-MA-00809,AB-,Mumbai,Maharashtra,19.11644,72.8403,+91 ******5198,2025-12-06,True,7,True,0.85
810,DONOR-HA-00810,AB+,Gurugram,Haryana,28.43382,77.0563,+91 ******3091,2026-07-24,False,10,True,0.97
811,DONOR-TE-00811,O-,Hyderabad,Telangana,17.36612,78.52522,+91 ******3415,2026-06-10,False,5,True,0.75
812,DONOR-DE-00812,B-,Delhi,Delhi,28.61567,77.22477,+91 ******1939,2026-06-10,False,9,True,0.83
813,DONOR-DE-00813,A-,Delhi,Delhi,28.60611,77.17854,+91 ******4297,2026-05-13,True,6,False,0.81
814,DONOR-TA-00814,AB+,Chennai,Tamil Nadu,13.09268,80.25381,+91 ******6499,2025-10-31,True,7,True,0.68
815,DONOR-DE-00815,B-,Delhi,Delhi,28.61349,77.251,+91 ******4654,2025-09-30,True,8,True,0.73
816,DONOR-TE-00816,A+,Hyderabad,Telangana,17.41573,78.47429,+91 ******4018,2026-01-31,True,6,False,0.77
817,DONOR-UT-00817,A+,Noida,Uttar Pradesh,28.49974,77.38504,+91 ******6896,2025-10-04,True,1,False,0.74
818,DONOR-MA-00818,B+,Mumbai,Maharashtra,19.11454,72.89958,+91 ******5029,2026-03-03,True,4,False,0.93
819,DONOR-UT-00819,AB-,Noida,Uttar Pradesh,28.4876,77.40875,+91 ******2818,2026-02-10,True,4,True,0.73
820,DONOR-TE-00820,A-,Hyderabad,Telangana,17.40109,78.53082,+91 ******8106,2025-10-08,True,2,False,0.95
821,DONOR-MA-00821,O+,Mumbai,Maharashtra,19.04517,72.86552,+91 ******6209,2026-02-13,True,11,False,0.67
822,DONOR-MA-00822,B-,Mumbai,Maharashtra,19.11144,72.85712,+91 ******6368,2026-06-08,True,1,True,0.74
823,DONOR-HA-00823,A-,Gurugram,Haryana,28.49465,77.07344,+91 ******4428,2025-12-16,True,13,True,0.87
824,DONOR-UT-00824,AB-,Noida,Uttar Pradesh,28.50224,77.37981,+91 ******9342,2025-09-27,True,8,True,0.71
825,DONOR-TE-00825,AB+,Hyderabad,Telangana,17.38755,78.48503,+91 ******8762,2025-12-13,True,10,True,0.95
826,DONOR-DE-00826,O+,Delhi,Delhi,28.58462,77.24849,+91 ******4840,2026-01-04,True,4,True,0.94
827,DONOR-HA-00827,B+,Gurugram,Haryana,28.50305,77.01401,+91 ******2388,2025-11-15,True,13,False,0.8
828,DONOR-TE-00828,O+,Hyderabad,Telangana,17.35802,78.44081,+91 ******6511,2025-12-04,True,8,True,0.78
829,DONOR-TA-00829,B-,Chennai,Tamil Nadu,13.0644,80.25894,+91 ******8236,2026-05-24,True,5,True,0.77
830,DONOR-UT-00830,AB+,Noida,Uttar Pradesh,28.51495,77.39118,+91 ******2280,2025-11-17,True,4,False,0.67
831,DONOR-DE-00831,AB+,Delhi,Delhi,28.6185,77.19238,+91 ******6394,2025-09-12,True,5,True,0.9
832,DONOR-KA-00832,AB+,Bengaluru,Karnataka,12.94066,77.605,+91 ******9898,2026-06-14,False,1,True,0.74
833,DONOR-TE-00833,O-,Hyderabad,Telangana,17.41331,78.47708,+91 ******1194,2026-01-28,True,11,True,0.9
834,DONOR-HA-00834,B-,Gurugram,Haryana,28.49605,76.99936,+91 ******8773,2026-05-08,True,9,True,0.83
835,DONOR-TA-00835,B-,Chennai,Tamil Nadu,13.10495,80.26684,+91 ******6129,2026-07-11,False,7,True,0.88
836,DONOR-MA-00836,B+,Mumbai,Maharashtra,19.06987,72.91299,+91 ******7139,2026-08-08,False,10,True,0.75
837,DONOR-DE-00837,B-,Delhi,Delhi,28.61388,77.22488,+91 ******6567,2026-02-23,True,7,True,0.9
838,DONOR-KA-00838,B+,Bengaluru,Karnataka,12.95421,77.54692,+91 ******3279,2026-08-07,False,6,True,0.91
839,DONOR-WE-00839,O+,Kolkata,West Bengal,22.62062,88.33432,+91 ******2043,2026-02-04,True,4,True,0.76
840,DONOR-TA-00840,B+,Chennai,Tamil Nadu,13.0966,80.25116,+91 ******2709,2026-05-28,True,1,True,0.85
841,DONOR-DE-00841,B-,Delhi,Delhi,28.58257,77.16595,+91 ******5650,2026-02-07,True,4,False,0.82
842,DONOR-TA-00842,O+,Chennai,Tamil Nadu,13.03845,80.27255,+91 ******6353,2026-05-28,True,7,False,0.69
843,DONOR-WE-00843,B-,Kolkata,West Bengal,22.57043,88.32078,+91 ******3128,2026-05-10,True,5,True,0.88
844,DONOR-TA-00844,O-,Chennai,Tamil Nadu,13.04858,80.27821,+91 ******4325,2026-03-18,True,5,False,0.98
845,DONOR-TA-00845,AB-,Chennai,Tamil Nadu,13.0391,80.26062,+91 ******9615,2026-04-19,True,10,True,0.8
846,DONOR-DE-00846,AB+,Delhi,Delhi,28.63763,77.18779,+91 ******6681,2026-01-02,True,7,True,0.92
847,DONOR-HA-00847,O-,Gurugram,Haryana,28.45101,76.99456,+91 ******8079,2025-10-11,True,7,True,0.71
848,DONOR-UT-00848,AB+,Noida,Uttar Pradesh,28.52486,77.43557,+91 ******3587,2026-04-23,True,11,True,0.87
849,DONOR-UT-00849,O+,Noida,Uttar Pradesh,28.5553,77.41324,+91 ******9085,2026-05-04,True,13,True,0.98
850,DONOR-UT-00850,O-,Noida,Uttar Pradesh,28.56104,77.39144,+91 ******7719,2026-03-10,True,3,False,0.82
851,DONOR-TA-00851,O+,Chennai,Tamil Nadu,13.03537,80.28459,+91 ******8567,2025-09-12,True,6,True,0.93
852,DONOR-WE-00852,O-,Kolkata,West Bengal,22.52638,88.33896,+91 ******6359,2026-06-15,False,8,True,0.68
853,DONOR-MA-00853,B+,Mumbai,Maharashtra,19.09736,72.87147,+91 ******5573,2025-12-25,True,3,True,0.85
854,DONOR-HA-00854,A-,Gurugram,Haryana,28.43891,77.03007,+91 ******3759,2026-02-04,True,11,True,0.87
855,DONOR-HA-00855,B-,Gurugram,Haryana,28.45357,76.99439,+91 ******9721,2026-08-06,False,8,True,0.93
856,DONOR-UT-00856,A+,Noida,Uttar Pradesh,28.52456,77.37183,+91 ******1076,2026-07-28,False,13,True,0.72
857,DONOR-MA-00857,O+,Mumbai,Maharashtra,19.06346,72.85155,+91 ******1262,2026-07-08,False,1,True,0.76
858,DONOR-MA-00858,B+,Mumbai,Maharashtra,19.094,72.83402,+91 ******3750,2026-07-05,False,1,True,0.69
859,DONOR-TE-00859,O+,Hyderabad,Telangana,17.36727,78.49938,+91 ******4393,2025-10-08,True,7,False,0.72
860,DONOR-TE-00860,A+,Hyderabad,Telangana,17.36734,78.4382,+91 ******6181,2025-09-23,True,7,False,0.72
861,DONOR-KA-00861,O+,Bengaluru,Karnataka,12.98659,77.5815,+91 ******4580,2026-07-20,False,5,True,0.81
862,DONOR-UT-00862,AB+,Noida,Uttar Pradesh,28.55675,77.42013,+91 ******3809,2025-11-05,True,2,True,0.97
863,DONOR-WE-00863,B+,Kolkata,West Bengal,22.59039,88.41114,+91 ******6440,2026-06-16,False,11,True,0.88
864,DONOR-TA-00864,O+,Chennai,Tamil Nadu,13.03945,80.22246,+91 ******8354,2025-10-28,True,9,True,0.73
865,DONOR-DE-00865,B-,Delhi,Delhi,28.58716,77.22063,+91 ******6060,2026-06-21,False,12,True,0.73
866,DONOR-UT-00866,B+,Noida,Uttar Pradesh,28.49149,77.37845,+91 ******4309,2026-03-25,True,7,False,0.66
867,DONOR-TA-00867,A+,Chennai,Tamil Nadu,13.10663,80.25357,+91 ******6202,2026-04-03,True,9,True,0.79
868,DONOR-KA-00868,B-,Bengaluru,Karnataka,12.99666,77.5675,+91 ******6615,2026-03-07,True,4,True,0.95
869,DONOR-MA-00869,AB-,Mumbai,Maharashtra,19.10615,72.89733,+91 ******7250,2026-05-02,True,3,True,0.65
870,DONOR-TA-00870,B-,Chennai,Tamil Nadu,13.0397,80.23995,+91 ******3318,2025-10-03,True,3,False,0.85
871,DONOR-MA-00871,B+,Mumbai,Maharashtra,19.04963,72.83552,+91 ******6103,2025-12-27,True,12,False,0.79
872,DONOR-MA-00872,AB+,Mumbai,Maharashtra,19.05631,72.88534,+91 ******4299,2025-10-02,True,14,True,0.68
873,DONOR-TE-00873,O+,Hyderabad,Telangana,17.37482,78.45348,+91 ******7925,2026-01-10,True,13,False,0.96
874,DONOR-TA-00874,B+,Chennai,Tamil Nadu,13.03468,80.25884,+91 ******5918,2026-07-12,False,9,True,0.73
875,DONOR-TA-00875,A-,Chennai,Tamil Nadu,13.06328,80.24902,+91 ******8878,2025-11-09,True,6,False,0.8
876,DONOR-HA-00876,O-,Gurugram,Haryana,28.50111,76.97702,+91 ******7131,2025-12-10,True,7,True,0.96
877,DONOR-TE-00877,O+,Hyderabad,Telangana,17.3734,78.46748,+91 ******2167,2025-10-26,True,1,True,0.69
878,DONOR-HA-00878,O-,Gurugram,Haryana,28.42892,77.02023,+91 ******6711,2026-04-15,True,11,True,0.88
879,DONOR-WE-00879,A+,Kolkata,West Bengal,22.61525,88.38747,+91 ******8827,2026-04-21,True,14,True,0.88
880,DONOR-DE-00880,B+,Delhi,Delhi,28.63365,77.22353,+91 ******8462,2026-04-12,True,5,False,0.84
881,DONOR-HA-00881,O+,Gurugram,Haryana,28.41073,77.0537,+91 ******7297,2025-09-28,True,12,True,0.95
882,DONOR-MA-00882,AB+,Mumbai,Maharashtra,19.1136,72.84428,+91 ******5143,2026-01-17,True,9,True,0.87
883,DONOR-WE-00883,AB-,Kolkata,West Bengal,22.58121,88.38729,+91 ******2790,2026-07-09,False,14,False,0.9
884,DONOR-WE-00884,A+,Kolkata,West Bengal,22.5925,88.31454,+91 ******9056,2026-05-29,True,2,False,0.88
885,DONOR-WE-00885,AB-,Kolkata,West Bengal,22.58805,88.3872,+91 ******3890,2026-05-28,True,3,True,0.72
886,DONOR-HA-00886,B+,Gurugram,Haryana,28.45976,76.98762,+91 ******4482,2025-11-06,True,4,False,0.71
887,DONOR-MA-00887,A-,Mumbai,Maharashtra,19.05194,72.91793,+91 ******8220,2026-01-26,True,14,True,0.68
888,DONOR-UT-00888,B-,Noida,Uttar Pradesh,28.52327,77.36868,+91 ******1486,2026-03-01,True,8,True,0.9
889,DONOR-DE-00889,A-,Delhi,Delhi,28.57001,77.23418,+91 ******1685,2026-08-20,False,4,True,0.65
890,DONOR-KA-00890,AB-,Bengaluru,Karnataka,13.01481,77.59192,+91 ******8036,2026-03-04,True,6,True,0.76
891,DONOR-TE-00891,O+,Hyderabad,Telangana,17.41668,78.5308,+91 ******7528,2025-09-17,True,10,False,0.77
892,DONOR-TE-00892,A+,Hyderabad,Telangana,17.41563,78.43701,+91 ******3275,2026-01-30,True,10,False,0.83
893,DONOR-MA-00893,O+,Mumbai,Maharashtra,19.06284,72.88954,+91 ******8785,2025-09-20,True,11,False,0.98
894,DONOR-TE-00894,O-,Hyderabad,Telangana,17.33666,78.47272,+91 ******6333,2026-07-31,False,4,True,0.78
895,DONOR-UT-00895,O+,Noida,Uttar Pradesh,28.52033,77.43491,+91 ******2645,2025-12-23,True,5,True,0.88
896,DONOR-DE-00896,O-,Delhi,Delhi,28.57669,77.23868,+91 ******9990,2026-03-22,True,3,True,0.97
897,DONOR-TA-00897,A-,Chennai,Tamil Nadu,13.09896,80.24479,+91 ******3792,2026-05-07,True,2,True,0.89
898,DONOR-HA-00898,B-,Gurugram,Haryana,28.5024,77.00925,+91 ******5593,2026-02-08,True,12,False,0.81
899,DONOR-UT-00899,A-,Noida,Uttar Pradesh,28.55205,77.43327,+91 ******9060,2025-10-03,True,13,True,0.94
900,DONOR-UT-00900,B-,Noida,Uttar Pradesh,28.5499,77.3787,+91 ******8159,2026-02-09,True,4,False,0.75
901,DONOR-UT-00901,AB-,Noida,Uttar Pradesh,28.49441,77.41506,+91 ******2902,2026-05-19,True,3,True,0.96
902,DONOR-DE-00902,O+,Delhi,Delhi,28.59498,77.21801,+91 ******7359,2026-05-18,True,6,True,0.91
903,DONOR-HA-00903,O+,Gurugram,Haryana,28.46148,77.03676,+91 ******2746,2026-05-02,True,1,True,0.8
904,DONOR-HA-00904,O-,Gurugram,Haryana,28.49111,77.00628,+91 ******9189,2026-05-03,True,3,True,0.7
905,DONOR-DE-00905,O-,Delhi,Delhi,28.62379,77.18989,+91 ******5480,2026-06-21,False,11,True,0.81
906,DONOR-WE-00906,B-,Kolkata,West Bengal,22.52848,88.39492,+91 ******4450,2026-06-06,True,12,True,0.95
907,DONOR-HA-00907,A+,Gurugram,Haryana,28.49518,77.04934,+91 ******3608,2026-03-23,True,9,True,0.79
908,DONOR-TA-00908,AB+,Chennai,Tamil Nadu,13.13173,80.29647,+91 ******2176,2026-02-04,True,5,True,0.71
909,DONOR-WE-00909,AB+,Kolkata,West Bengal,22.53233,88.34624,+91 ******1886,2025-10-30,True,8,True,0.84
910,DONOR-TA-00910,B-,Chennai,Tamil Nadu,13.1023,80.24981,+91 ******4436,2026-06-10,False,13,True,0.89
911,DONOR-DE-00911,O+,Delhi,Delhi,28.60012,77.24461,+91 ******3418,2026-07-02,False,7,True,0.71
912,DONOR-DE-00912,A-,Delhi,Delhi,28.5735,77.25642,+91 ******1859,2026-05-24,True,9,True,0.85
913,DONOR-HA-00913,B-,Gurugram,Haryana,28.4722,77.017,+91 ******2946,2026-08-06,False,7,True,0.88
914,DONOR-HA-00914,O-,Gurugram,Haryana,28.47478,77.01414,+91 ******2468,2025-09-14,True,14,True,0.78
915,DONOR-TA-00915,O-,Chennai,Tamil Nadu,13.06943,80.2327,+91 ******2999,2026-07-12,False,11,True,0.82
916,DONOR-DE-00916,A-,Delhi,Delhi,28.62259,77.25773,+91 ******5484,2025-12-21,True,13,True,0.78
917,DONOR-WE-00917,B+,Kolkata,West Bengal,22.55244,88.32642,+91 ******2040,2026-03-10,True,7,True,0.66
918,DONOR-TA-00918,B-,Chennai,Tamil Nadu,13.03909,80.30441,+91 ******3033,2025-11-21,True,11,True,0.71
919,DONOR-HA-00919,A+,Gurugram,Haryana,28.41003,77.02132,+91 ******3015,2026-03-16,True,3,True,0.87
920,DONOR-UT-00920,A-,Noida,Uttar Pradesh,28.54175,77.42615,+91 ******2386,2026-08-06,False,9,False,0.97
921,DONOR-HA-00921,AB+,Gurugram,Haryana,28.45181,77.07112,+91 ******5068,2026-08-23,False,1,True,0.82
922,DONOR-KA-00922,AB-,Bengaluru,Karnataka,12.98752,77.58909,+91 ******9035,2025-11-01,True,9,True,0.98
923,DONOR-MA-00923,A+,Mumbai,Maharashtra,19.09479,72.89396,+91 ******4884,2026-08-01,False,4,False,0.93
924,DONOR-MA-00924,AB+,Mumbai,Maharashtra,19.12174,72.88791,+91 ******6882,2026-05-05,True,3,True,0.79
925,DONOR-KA-00925,O-,Bengaluru,Karnataka,12.94767,77.60958,+91 ******7554,2026-06-01,True,2,True,0.87
926,DONOR-HA-00926,AB-,Gurugram,Haryana,28.46309,76.98366,+91 ******4156,2026-04-08,True,10,True,0.92
927,DONOR-HA-00927,A+,Gurugram,Haryana,28.45147,76.99195,+91 ******7208,2026-01-13,True,10,False,0.74
928,DONOR-UT-00928,AB-,Noida,Uttar Pradesh,28.5539,77.38168,+91 ******2457,2026-03-08,True,6,True,0.7
929,DONOR-MA-00929,A-,Mumbai,Maharashtra,19.05336,72.83749,+91 ******7203,2026-05-02,True,13,True,0.71
930,DONOR-KA-00930,AB-,Bengaluru,Karnataka,12.98048,77.62528,+91 ******9666,2026-07-06,False,12,True,0.74
931,DONOR-KA-00931,O+,Bengaluru,Karnataka,12.98235,77.63426,+91 ******6210,2026-05-28,True,3,True,0.89
932,DONOR-WE-00932,B+,Kolkata,West Bengal,22.57029,88.32666,+91 ******9414,2026-08-19,False,11,False,0.78
933,DONOR-KA-00933,O+,Bengaluru,Karnataka,12.92689,77.61714,+91 ******5081,2026-02-15,True,12,True,0.79
934,DONOR-TE-00934,B-,Hyderabad,Telangana,17.41485,78.48692,+91 ******8008,2026-04-04,True,5,True,0.68
935,DONOR-KA-00935,A-,Bengaluru,Karnataka,12.96225,77.57587,+91 ******2302,2026-07-08,False,12,False,0.68
936,DONOR-DE-00936,O+,Delhi,Delhi,28.57236,77.18759,+91 ******1175,2025-12-14,True,11,True,0.89
937,DONOR-TA-00937,A-,Chennai,Tamil Nadu,13.08248,80.28921,+91 ******9722,2025-09-11,True,7,False,0.71
938,DONOR-DE-00938,A+,Delhi,Delhi,28.63532,77.22926,+91 ******5001,2026-02-28,True,10,True,0.71
939,DONOR-MA-00939,AB-,Mumbai,Maharashtra,19.04348,72.86441,+91 ******9416,2026-06-16,False,1,True,0.78
940,DONOR-TE-00940,A-,Hyderabad,Telangana,17.43197,78.4705,+91 ******5092,2025-09-10,True,5,False,0.75
941,DONOR-MA-00941,AB+,Mumbai,Maharashtra,19.02622,72.89082,+91 ******4562,2026-02-03,True,11,True,0.94
942,DONOR-TA-00942,A+,Chennai,Tamil Nadu,13.12195,80.30554,+91 ******6828,2026-07-25,False,10,True,0.75
943,DONOR-UT-00943,AB-,Noida,Uttar Pradesh,28.48602,77.43002,+91 ******7587,2026-05-20,True,1,False,0.81
944,DONOR-UT-00944,O-,Noida,Uttar Pradesh,28.53841,77.43085,+91 ******3029,2026-01-25,True,1,False,0.87
945,DONOR-MA-00945,B+,Mumbai,Maharashtra,19.07307,72.86513,+91 ******8017,2026-02-18,True,9,True,0.69
946,DONOR-TA-00946,O+,Chennai,Tamil Nadu,13.09833,80.26464,+91 ******6795,2026-06-13,False,1,True,0.94
947,DONOR-MA-00947,O+,Mumbai,Maharashtra,19.03707,72.85619,+91 ******7464,2026-06-16,False,12,True,0.66
948,DONOR-MA-00948,O+,Mumbai,Maharashtra,19.12084,72.92367,+91 ******2946,2026-04-09,True,8,True,0.91
949,DONOR-HA-00949,O+,Gurugram,Haryana,28.44199,77.05304,+91 ******9222,2026-01-31,True,3,False,0.69
950,DONOR-DE-00950,A+,Delhi,Delhi,28.57651,77.19341,+91 ******4874,2026-08-17,False,11,True,0.79
951,DONOR-DE-00951,O+,Delhi,Delhi,28.60733,77.18795,+91 ******2353,2025-12-18,True,4,True,0.89
952,DONOR-HA-00952,O+,Gurugram,Haryana,28.43445,77.05327,+91 ******5052,2026-04-11,True,4,True,0.91
953,DONOR-UT-00953,B+,Noida,Uttar Pradesh,28.55561,77.39123,+91 ******4091,2026-05-23,True,4,False,0.78
954,DONOR-KA-00954,B-,Bengaluru,Karnataka,13.02064,77.63751,+91 ******1289,2026-01-17,True,2,True,0.78
955,DONOR-KA-00955,O+,Bengaluru,Karnataka,12.99162,77.64261,+91 ******6507,2026-05-02,True,8,False,0.79
956,DONOR-DE-00956,O+,Delhi,Delhi,28.59433,77.18592,+91 ******6751,2026-04-02,True,4,True,0.67
957,DONOR-DE-00957,AB+,Delhi,Delhi,28.56395,77.22504,+91 ******4473,2026-03-12,True,8,False,0.85
958,DONOR-WE-00958,AB+,Kolkata,West Bengal,22.54108,88.40873,+91 ******6476,2026-02-18,True,2,False,0.65
959,DONOR-HA-00959,AB-,Gurugram,Haryana,28.44262,77.05073,+91 ******9664,2026-02-19,True,4,True,0.72
960,DONOR-WE-00960,A+,Kolkata,West Bengal,22.53132,88.32454,+91 ******2971,2025-10-05,True,10,True,0.94
961,DONOR-MA-00961,AB-,Mumbai,Maharashtra,19.04529,72.87228,+91 ******2226,2026-07-04,False,5,True,0.98
962,DONOR-MA-00962,O+,Mumbai,Maharashtra,19.07936,72.84307,+91 ******4140,2026-06-19,False,9,True,0.94
963,DONOR-TE-00963,A-,Hyderabad,Telangana,17.42449,78.48155,+91 ******8145,2026-06-24,False,8,True,0.96
964,DONOR-DE-00964,A+,Delhi,Delhi,28.58059,77.18641,+91 ******5745,2026-06-18,False,10,False,0.97
965,DONOR-MA-00965,A-,Mumbai,Maharashtra,19.10007,72.86745,+91 ******9723,2025-09-07,True,3,True,0.82
966,DONOR-WE-00966,B+,Kolkata,West Bengal,22.56268,88.34105,+91 ******1058,2026-05-21,True,10,False,0.88
967,DONOR-TA-00967,B-,Chennai,Tamil Nadu,13.08308,80.29276,+91 ******5971,2026-04-13,True,5,True,0.83
968,DONOR-HA-00968,B+,Gurugram,Haryana,28.43189,77.02996,+91 ******1640,2026-03-27,True,5,True,0.74
969,DONOR-DE-00969,A-,Delhi,Delhi,28.62814,77.1839,+91 ******9758,2026-05-08,True,1,True,0.86
970,DONOR-TE-00970,B+,Hyderabad,Telangana,17.36746,78.53134,+91 ******5326,2025-11-15,True,7,True,0.75
971,DONOR-DE-00971,AB+,Delhi,Delhi,28.6265,77.16004,+91 ******4592,2026-02-22,True,3,False,0.66
972,DONOR-UT-00972,B-,Noida,Uttar Pradesh,28.55776,77.40981,+91 ******5216,2025-09-23,True,14,True,0.76
973,DONOR-MA-00973,O-,Mumbai,Maharashtra,19.08417,72.90847,+91 ******3550,2026-02-02,True,4,True,0.79
974,DONOR-HA-00974,B+,Gurugram,Haryana,28.49972,76.98597,+91 ******8526,2026-05-23,True,14,True,0.71
975,DONOR-TA-00975,AB+,Chennai,Tamil Nadu,13.12704,80.23874,+91 ******1344,2026-04-01,True,3,True,0.92
976,DONOR-MA-00976,O+,Mumbai,Maharashtra,19.03295,72.8349,+91 ******8455,2026-04-20,True,2,True,0.7
977,DONOR-DE-00977,A+,Delhi,Delhi,28.62423,77.19679,+91 ******2802,2026-08-13,False,13,True,0.96
978,DONOR-HA-00978,A+,Gurugram,Haryana,28.43433,76.98496,+91 ******1221,2026-06-11,False,13,False,0.89
979,DONOR-TE-00979,O-,Hyderabad,Telangana,17.42027,78.4452,+91 ******8871,2026-06-13,False,14,False,0.76
980,DONOR-HA-00980,A-,Gurugram,Haryana,28.43388,77.03095,+91 ******9906,2026-04-09,True,1,True,0.68
981,DONOR-KA-00981,A+,Bengaluru,Karnataka,12.93186,77.63325,+91 ******3323,2026-01-23,True,4,False,0.79
982,DONOR-HA-00982,A-,Gurugram,Haryana,28.44483,77.00528,+91 ******7303,2025-09-07,True,8,False,0.69
983,DONOR-UT-00983,A-,Noida,Uttar Pradesh,28.58115,77.36918,+91 ******6467,2026-07-15,False,6,True,0.95
984,DONOR-DE-00984,B+,Delhi,Delhi,28.62435,77.17681,+91 ******6486,2025-11-25,True,11,True,0.94
985,DONOR-KA-00985,O-,Bengaluru,Karnataka,12.98408,77.5733,+91 ******5441,2026-07-01,False,11,True,0.74
986,DONOR-UT-00986,AB-,Noida,Uttar Pradesh,28.56439,77.42717,+91 ******3401,2026-06-08,True,3,True,0.89
987,DONOR-TA-00987,B+,Chennai,Tamil Nadu,13.11416,80.23202,+91 ******5562,2026-01-17,True,2,True,0.69
988,DONOR-WE-00988,AB-,Kolkata,West Bengal,22.55786,88.36332,+91 ******7782,2025-12-20,True,3,True,0.87
989,DONOR-MA-00989,O-,Mumbai,Maharashtra,19.06432,72.88263,+91 ******9745,2025-11-21,True,9,True,0.73
990,DONOR-UT-00990,A-,Noida,Uttar Pradesh,28.5436,77.38318,+91 ******4593,2025-11-01,True,4,True,0.72
991,DONOR-DE-00991,A+,Delhi,Delhi,28.60014,77.20639,+91 ******2804,2026-06-16,False,6,True,0.93
992,DONOR-HA-00992,B-,Gurugram,Haryana,28.43897,76.99101,+91 ******7898,2025-11-14,True,4,True,0.67
993,DONOR-HA-00993,A+,Gurugram,Haryana,28.42122,77.04618,+91 ******7184,2026-06-11,False,12,True,0.77
994,DONOR-UT-00994,A+,Noida,Uttar Pradesh,28.55177,77.34838,+91 ******3591,2025-10-23,True,3,True,0.68
995,DONOR-UT-00995,B+,Noida,Uttar Pradesh,28.48675,77.42411,+91 ******3452,2026-01-22,True,8,True,0.9
996,DONOR-KA-00996,AB+,Bengaluru,Karnataka,12.96862,77.61686,+91 ******1216,2026-01-08,True,2,False,0.94
997,DONOR-DE-00997,O+,Delhi,Delhi,28.62432,77.17636,+91 ******1178,2026-06-02,True,14,True,0.96
998,DONOR-TA-00998,AB+,Chennai,Tamil Nadu,13.08812,80.30365,+91 ******9222,2025-11-04,True,12,False,0.96
999,DONOR-KA-00999,O+,Bengaluru,Karnataka,13.01891,77.59675,+91 ******4471,2026-06-20,False,10,False,0.78
1000,DONOR-UT-01000,O+,Noida,Uttar Pradesh,28.56716,77.38784,+91 ******7637,2026-03-16,True,3,False,0.77
1001,DONOR-WE-01001,AB-,Kolkata,West Bengal,22.54207,88.32474,+91 ******6942,2026-07-15,False,1,False,0.7
1002,DONOR-UT-01002,B-,Noida,Uttar Pradesh,28.49203,77.40071,+91 ******4075,2026-03-18,True,11,True,0.73
1003,DONOR-UT-01003,A+,Noida,Uttar Pradesh,28.58317,77.39748,+91 ******8926,2025-11-08,True,1,True,0.96
1004,DONOR-DE-01004,B-,Delhi,Delhi,28.66195,77.23417,+91 ******9195,2026-02-01,True,6,True,0.89
1005,DONOR-HA-01005,A-,Gurugram,Haryana,28.47977,76.98634,+91 ******9250,2026-01-27,True,9,True,0.7
1006,DONOR-WE-01006,B+,Kolkata,West Bengal,22.5703,88.40078,+91 ******5753,2026-08-04,False,3,True,0.68
1007,DONOR-UT-01007,B+,Noida,Uttar Pradesh,28.58078,77.36416,+91 ******3307,2026-05-05,True,9,True,0.89
1008,DONOR-TE-01008,O+,Hyderabad,Telangana,17.37975,78.44982,+91 ******6903,2026-03-28,True,1,True,0.91
1009,DONOR-WE-01009,B+,Kolkata,West Bengal,22.54651,88.4136,+91 ******2228,2025-10-17,True,10,True,0.81
1010,DONOR-DE-01010,O-,Delhi,Delhi,28.57816,77.24605,+91 ******2428,2025-11-16,True,2,True,0.71
1011,DONOR-KA-01011,A-,Bengaluru,Karnataka,12.93775,77.57261,+91 ******6789,2026-02-18,True,2,False,0.9
1012,DONOR-KA-01012,A-,Bengaluru,Karnataka,13.02021,77.64245,+91 ******3301,2026-01-09,True,10,True,0.77
1013,DONOR-KA-01013,O-,Bengaluru,Karnataka,12.96169,77.6303,+91 ******3113,2025-09-09,True,6,True,0.86
1014,DONOR-TE-01014,AB+,Hyderabad,Telangana,17.37237,78.50492,+91 ******8374,2025-12-07,True,11,False,0.97
1015,DONOR-DE-01015,B+,Delhi,Delhi,28.638,77.18348,+91 ******1130,2025-11-09,True,14,False,0.77
1016,DONOR-WE-01016,AB-,Kolkata,West Bengal,22.60798,88.33621,+91 ******2531,2025-12-30,True,8,True,0.83
1017,DONOR-TA-01017,O+,Chennai,Tamil Nadu,13.04361,80.23873,+91 ******7503,2026-06-29,False,4,True,0.67
1018,DONOR-TE-01018,AB+,Hyderabad,Telangana,17.43464,78.48533,+91 ******2873,2025-12-23,True,8,False,0.7
1019,DONOR-TA-01019,O+,Chennai,Tamil Nadu,13.04725,80.24205,+91 ******1513,2025-11-06,True,1,True,0.77
1020,DONOR-WE-01020,O+,Kolkata,West Bengal,22.62046,88.33524,+91 ******1375,2026-05-07,True,5,False,0.71
1021,DONOR-HA-01021,O+,Gurugram,Haryana,28.41643,77.01711,+91 ******8396,2026-03-24,True,9,False,0.94
1022,DONOR-HA-01022,AB+,Gurugram,Haryana,28.49255,76.98584,+91 ******6603,2026-01-16,True,3,False,0.96
1023,DONOR-TA-01023,AB-,Chennai,Tamil Nadu,13.08025,80.28958,+91 ******8156,2026-06-02,True,12,True,0.92
1024,DONOR-MA-01024,AB-,Mumbai,Maharashtra,19.03378,72.8945,+91 ******3369,2025-10-12,True,11,True,0.96
1025,DONOR-TE-01025,AB-,Hyderabad,Telangana,17.33642,78.52635,+91 ******9182,2026-06-09,True,2,True,0.87
1026,DONOR-KA-01026,O-,Bengaluru,Karnataka,12.97367,77.54497,+91 ******3059,2026-01-05,True,11,True,0.68
1027,DONOR-MA-01027,O+,Mumbai,Maharashtra,19.10057,72.84647,+91 ******3721,2025-11-17,True,4,True,0.96
1028,DONOR-DE-01028,A-,Delhi,Delhi,28.60093,77.19538,+91 ******6029,2026-03-22,True,12,True,0.98
1029,DONOR-WE-01029,AB-,Kolkata,West Bengal,22.56364,88.34912,+91 ******7977,2025-11-19,True,2,True,0.8
1030,DONOR-TE-01030,O+,Hyderabad,Telangana,17.35269,78.49619,+91 ******8141,2025-11-19,True,5,True,0.88
1031,DONOR-WE-01031,A-,Kolkata,West Bengal,22.58601,88.38411,+91 ******2435,2026-07-04,False,2,True,0.85
1032,DONOR-WE-01032,A-,Kolkata,West Bengal,22.53297,88.38889,+91 ******9924,2025-10-08,True,11,True,0.84
1033,DONOR-DE-01033,O-,Delhi,Delhi,28.63067,77.24417,+91 ******4651,2026-05-07,True,9,True,0.71
1034,DONOR-TA-01034,O+,Chennai,Tamil Nadu,13.12776,80.25576,+91 ******7765,2025-12-29,True,1,True,0.91
1035,DONOR-KA-01035,B-,Bengaluru,Karnataka,12.94836,77.61047,+91 ******7794,2026-03-19,True,1,True,0.79
1036,DONOR-DE-01036,AB-,Delhi,Delhi,28.56652,77.23805,+91 ******6201,2025-12-01,True,3,True,0.98
1037,DONOR-MA-01037,A+,Mumbai,Maharashtra,19.08157,72.86684,+91 ******7444,2025-10-12,True,13,True,0.79
1038,DONOR-WE-01038,B+,Kolkata,West Bengal,22.62034,88.33127,+91 ******9475,2026-03-14,True,7,False,0.88
1039,DONOR-HA-01039,B+,Gurugram,Haryana,28.45993,77.03974,+91 ******5263,2026-02-04,True,6,False,0.68
1040,DONOR-WE-01040,A-,Kolkata,West Bengal,22.52375,88.3909,+91 ******1455,2026-06-06,True,10,True,0.89
1041,DONOR-HA-01041,B-,Gurugram,Haryana,28.50784,77.04005,+91 ******4056,2026-02-21,True,11,True,0.75
1042,DONOR-MA-01042,A+,Mumbai,Maharashtra,19.09863,72.90841,+91 ******5267,2026-02-11,True,5,False,0.7
1043,DONOR-DE-01043,O-,Delhi,Delhi,28.62774,77.21694,+91 ******2817,2026-07-02,False,10,False,0.7
1044,DONOR-KA-01044,B-,Bengaluru,Karnataka,13.01106,77.55388,+91 ******6921,2025-12-13,True,7,False,0.91
1045,DONOR-WE-01045,O+,Kolkata,West Bengal,22.52996,88.40982,+91 ******4445,2026-07-15,False,7,True,0.86
1046,DONOR-TA-01046,A+,Chennai,Tamil Nadu,13.11355,80.23868,+91 ******3927,2026-08-18,False,2,True,0.98
1047,DONOR-TA-01047,AB+,Chennai,Tamil Nadu,13.13219,80.2807,+91 ******3595,2026-08-21,False,2,False,0.66
1048,DONOR-DE-01048,A-,Delhi,Delhi,28.6157,77.2351,+91 ******6978,2026-05-05,True,4,False,0.7
1049,DONOR-UT-01049,O-,Noida,Uttar Pradesh,28.55827,77.43498,+91 ******5483,2026-04-08,True,4,True,0.77
1050,DONOR-KA-01050,O+,Bengaluru,Karnataka,12.9683,77.6255,+91 ******9399,2026-01-12,True,4,False,0.72
1051,DONOR-KA-01051,B+,Bengaluru,Karnataka,13.01779,77.55489,+91 ******6105,2025-10-27,True,13,False,0.89
1052,DONOR-WE-01052,A-,Kolkata,West Bengal,22.61089,88.35627,+91 ******6222,2026-04-06,True,10,True,0.72
1053,DONOR-TE-01053,B+,Hyderabad,Telangana,17.3724,78.49997,+91 ******8363,2026-07-22,False,1,True,0.73
1054,DONOR-WE-01054,AB-,Kolkata,West Bengal,22.55195,88.39657,+91 ******9691,2025-09-27,True,7,False,0.71
1055,DONOR-TE-01055,B-,Hyderabad,Telangana,17.37794,78.45529,+91 ******2190,2026-04-20,True,11,True,0.7
1056,DONOR-TE-01056,B-,Hyderabad,Telangana,17.34723,78.46856,+91 ******6388,2026-08-18,False,8,True,0.76
1057,DONOR-MA-01057,B-,Mumbai,Maharashtra,19.08216,72.86626,+91 ******4476,2025-10-19,True,2,True,0.89
1058,DONOR-UT-01058,AB-,Noida,Uttar Pradesh,28.54289,77.40563,+91 ******8130,2025-09-08,True,14,True,0.72
1059,DONOR-TA-01059,A-,Chennai,Tamil Nadu,13.08257,80.31973,+91 ******2953,2026-01-20,True,8,False,0.76
1060,DONOR-WE-01060,O-,Kolkata,West Bengal,22.54624,88.31603,+91 ******1076,2026-08-14,False,5,False,0.97
1061,DONOR-DE-01061,A+,Delhi,Delhi,28.65348,77.2508,+91 ******6527,2026-08-03,False,2,True,0.92
1062,DONOR-WE-01062,A-,Kolkata,West Bengal,22.59493,88.34137,+91 ******7559,2026-02-27,True,9,True,0.81
1063,DONOR-DE-01063,A-,Delhi,Delhi,28.60323,77.22865,+91 ******9082,2026-01-03,True,14,True,0.85
1064,DONOR-DE-01064,AB-,Delhi,Delhi,28.5863,77.24155,+91 ******2722,2026-06-13,False,14,True,0.79
1065,DONOR-HA-01065,A+,Gurugram,Haryana,28.4183,77.04901,+91 ******9807,2026-02-16,True,12,True,0.74
1066,DONOR-DE-01066,AB-,Delhi,Delhi,28.57498,77.25371,+91 ******5320,2026-07-16,False,12,True,0.92
1067,DONOR-KA-01067,A-,Bengaluru,Karnataka,12.99147,77.63709,+91 ******8548,2025-10-29,True,3,True,0.7
1068,DONOR-WE-01068,B-,Kolkata,West Bengal,22.58629,88.38072,+91 ******9644,2025-11-29,True,10,True,0.81
1069,DONOR-KA-01069,AB+,Bengaluru,Karnataka,12.95379,77.61769,+91 ******2504,2026-04-30,True,13,False,0.68
1070,DONOR-MA-01070,A-,Mumbai,Maharashtra,19.09195,72.90123,+91 ******2278,2026-05-10,True,8,False,0.65
1071,DONOR-MA-01071,AB-,Mumbai,Maharashtra,19.07282,72.86621,+91 ******2712,2025-12-17,True,4,True,0.9
1072,DONOR-TE-01072,A-,Hyderabad,Telangana,17.41105,78.46788,+91 ******3523,2026-01-03,True,3,False,0.77
1073,DONOR-TA-01073,A-,Chennai,Tamil Nadu,13.11949,80.27205,+91 ******4079,2026-01-31,True,5,True,0.88
1074,DONOR-UT-01074,A+,Noida,Uttar Pradesh,28.50023,77.42862,+91 ******4941,2026-06-28,False,8,False,0.66
1075,DONOR-TA-01075,AB-,Chennai,Tamil Nadu,13.0679,80.23253,+91 ******2377,2025-11-15,True,7,False,0.78
1076,DONOR-WE-01076,A-,Kolkata,West Bengal,22.57339,88.31922,+91 ******7058,2026-04-06,True,1,True,0.89
1077,DONOR-WE-01077,O-,Kolkata,West Bengal,22.54199,88.33284,+91 ******5520,2026-05-25,True,9,True,0.87
1078,DONOR-MA-01078,AB+,Mumbai,Maharashtra,19.1219,72.84966,+91 ******1584,2026-07-27,False,4,False,0.68
1079,DONOR-MA-01079,O+,Mumbai,Maharashtra,19.11426,72.89765,+91 ******7421,2026-01-28,True,2,False,0.92
1080,DONOR-KA-01080,AB+,Bengaluru,Karnataka,12.97112,77.5617,+91 ******6695,2026-05-11,True,12,True,0.89
1081,DONOR-UT-01081,AB+,Noida,Uttar Pradesh,28.50401,77.43178,+91 ******8811,2025-10-09,True,14,True,0.73
1082,DONOR-TE-01082,B+,Hyderabad,Telangana,17.40314,78.45336,+91 ******8458,2026-03-06,True,1,True,0.79
1083,DONOR-DE-01083,A+,Delhi,Delhi,28.58165,77.18538,+91 ******3797,2026-07-15,False,10,True,0.81
1084,DONOR-DE-01084,A+,Delhi,Delhi,28.61273,77.18375,+91 ******1740,2026-06-28,False,10,True,0.75
1085,DONOR-MA-01085,A-,Mumbai,Maharashtra,19.07853,72.84443,+91 ******2538,2026-06-09,True,5,True,0.76
1086,DONOR-TA-01086,AB+,Chennai,Tamil Nadu,13.10618,80.31968,+91 ******8970,2026-04-14,True,6,True,0.92
1087,DONOR-KA-01087,A-,Bengaluru,Karnataka,12.99262,77.63374,+91 ******8935,2025-09-18,True,5,True,0.89
1088,DONOR-DE-01088,AB-,Delhi,Delhi,28.57869,77.20003,+91 ******3320,2026-05-03,True,8,False,0.84
1089,DONOR-WE-01089,A-,Kolkata,West Bengal,22.55854,88.38834,+91 ******7189,2026-05-16,True,5,True,0.87
1090,DONOR-TA-01090,AB-,Chennai,Tamil Nadu,13.13143,80.30831,+91 ******5346,2026-05-26,True,6,True,0.79
1091,DONOR-KA-01091,A-,Bengaluru,Karnataka,12.95253,77.54871,+91 ******6624,2025-11-30,True,7,True,0.84
1092,DONOR-TE-01092,O-,Hyderabad,Telangana,17.36384,78.53365,+91 ******3410,2025-12-11,True,11,False,0.97
1093,DONOR-HA-01093,O-,Gurugram,Haryana,28.43986,77.00543,+91 ******1255,2026-03-26,True,1,False,0.92
1094,DONOR-UT-01094,A+,Noida,Uttar Pradesh,28.49082,77.37158,+91 ******6771,2026-01-15,True,1,False,0.77
1095,DONOR-KA-01095,A-,Bengaluru,Karnataka,13.00013,77.5948,+91 ******3540,2025-11-09,True,12,False,0.98
1096,DONOR-MA-01096,A+,Mumbai,Maharashtra,19.06921,72.91953,+91 ******4585,2026-03-28,True,8,True,0.73
1097,DONOR-WE-01097,AB+,Kolkata,West Bengal,22.56486,88.41059,+91 ******5280,2026-07-04,False,10,True,0.84
1098,DONOR-TE-01098,B+,Hyderabad,Telangana,17.41544,78.45062,+91 ******5096,2026-05-13,True,7,True,0.75
1099,DONOR-UT-01099,B+,Noida,Uttar Pradesh,28.51523,77.43371,+91 ******9942,2025-12-30,True,7,True,0.93
1100,DONOR-UT-01100,AB-,Noida,Uttar Pradesh,28.49936,77.38519,+91 ******9254,2026-03-16,True,8,True,0.8
1101,DONOR-WE-01101,A-,Kolkata,West Bengal,22.56873,88.40516,+91 ******7896,2026-08-10,False,13,False,0.95
1102,DONOR-MA-01102,AB+,Mumbai,Maharashtra,19.08403,72.86501,+91 ******9900,2025-10-10,True,1,True,0.78
1103,DONOR-WE-01103,A+,Kolkata,West Bengal,22.58961,88.36018,+91 ******8540,2025-12-01,True,2,False,0.92
1104,DONOR-UT-01104,AB-,Noida,Uttar Pradesh,28.51885,77.35074,+91 ******8888,2026-03-28,True,14,False,0.89
1105,DONOR-DE-01105,B+,Delhi,Delhi,28.63406,77.21063,+91 ******9115,2025-11-09,True,4,True,0.86
1106,DONOR-HA-01106,B-,Gurugram,Haryana,28.43959,77.00769,+91 ******8945,2026-08-20,False,2,False,0.7
1107,DONOR-UT-01107,A+,Noida,Uttar Pradesh,28.53748,77.36572,+91 ******8761,2026-07-01,False,14,True,0.78
1108,DONOR-UT-01108,AB+,Noida,Uttar Pradesh,28.51549,77.38937,+91 ******4849,2026-05-21,True,14,True,0.79
1109,DONOR-UT-01109,B-,Noida,Uttar Pradesh,28.52874,77.40462,+91 ******3321,2026-05-21,True,3,True,0.88
1110,DONOR-MA-01110,O-,Mumbai,Maharashtra,19.07362,72.8567,+91 ******2638,2025-09-16,True,6,True,0.78
1111,DONOR-UT-01111,AB+,Noida,Uttar Pradesh,28.5319,77.42235,+91 ******1458,2026-06-09,True,8,False,0.78
1112,DONOR-KA-01112,A+,Bengaluru,Karnataka,12.92501,77.60964,+91 ******8282,2025-09-21,True,6,True,0.8
1113,DONOR-TA-01113,B-,Chennai,Tamil Nadu,13.06039,80.31888,+91 ******9202,2026-02-21,True,6,True,0.82
1114,DONOR-UT-01114,O-,Noida,Uttar Pradesh,28.50295,77.35614,+91 ******6558,2025-09-22,True,12,True,0.7
1115,DONOR-KA-01115,O+,Bengaluru,Karnataka,13.01395,77.55142,+91 ******8925,2025-09-27,True,8,True,0.71
1116,DONOR-KA-01116,O+,Bengaluru,Karnataka,12.93454,77.57701,+91 ******6703,2025-10-30,True,2,False,0.93
1117,DONOR-HA-01117,AB-,Gurugram,Haryana,28.43267,77.04313,+91 ******8805,2025-12-11,True,13,False,0.9
1118,DONOR-MA-01118,A-,Mumbai,Maharashtra,19.03654,72.91578,+91 ******7882,2026-02-08,True,1,True,0.69
1119,DONOR-UT-01119,B+,Noida,Uttar Pradesh,28.52965,77.37843,+91 ******1482,2025-10-04,True,6,False,0.8
1120,DONOR-HA-01120,AB+,Gurugram,Haryana,28.50839,77.03398,+91 ******4206,2026-05-13,True,8,True,0.74
1121,DONOR-MA-01121,A-,Mumbai,Maharashtra,19.10022,72.87111,+91 ******4150,2025-11-26,True,10,False,0.97
1122,DONOR-UT-01122,O+,Noida,Uttar Pradesh,28.50585,77.422,+91 ******6891,2026-08-21,False,10,True,0.67
1123,DONOR-HA-01123,O-,Gurugram,Haryana,28.47774,77.07237,+91 ******9653,2025-09-29,True,4,True,0.84
1124,DONOR-TA-01124,A-,Chennai,Tamil Nadu,13.08279,80.25635,+91 ******3258,2025-11-10,True,8,True,0.77
1125,DONOR-UT-01125,A-,Noida,Uttar Pradesh,28.54242,77.35372,+91 ******5886,2025-12-02,True,2,True,0.67
1126,DONOR-TE-01126,O+,Hyderabad,Telangana,17.33725,78.51883,+91 ******5118,2026-03-28,True,12,True,0.94
1127,DONOR-HA-01127,AB+,Gurugram,Haryana,28.50631,76.98408,+91 ******4955,2025-11-02,True,7,True,0.83
1128,DONOR-UT-01128,A+,Noida,Uttar Pradesh,28.54378,77.43469,+91 ******1491,2026-04-11,True,6,True,0.72
1129,DONOR-DE-01129,B-,Delhi,Delhi,28.57783,77.21371,+91 ******2021,2026-03-08,True,8,False,0.96
1130,DONOR-DE-01130,O-,Delhi,Delhi,28.59848,77.16608,+91 ******2320,2026-01-22,True,3,False,0.66
1131,DONOR-DE-01131,O-,Delhi,Delhi,28.61356,77.18152,+91 ******8069,2026-02-25,True,5,True,0.94
1132,DONOR-MA-01132,O+,Mumbai,Maharashtra,19.02814,72.83324,+91 ******9752,2026-05-15,True,11,True,0.66
1133,DONOR-TA-01133,O+,Chennai,Tamil Nadu,13.03791,80.29727,+91 ******8040,2026-06-20,False,9,False,0.79
1134,DONOR-TE-01134,B-,Hyderabad,Telangana,17.37018,78.47101,+91 ******4902,2026-07-25,False,2,True,0.72
1135,DONOR-DE-01135,A-,Delhi,Delhi,28.66299,77.16049,+91 ******1931,2026-04-18,True,1,False,0.71
1136,DONOR-DE-01136,B+,Delhi,Delhi,28.59531,77.21924,+91 ******5790,2026-04-20,True,10,True,0.87
1137,DONOR-UT-01137,AB-,Noida,Uttar Pradesh,28.49314,77.43484,+91 ******9108,2026-05-10,True,14,False,0.89
1138,DONOR-TE-01138,AB+,Hyderabad,Telangana,17.41302,78.46597,+91 ******5001,2025-09-23,True,6,True,0.82
1139,DONOR-DE-01139,AB+,Delhi,Delhi,28.59856,77.20008,+91 ******8966,2025-10-09,True,2,False,0.7
1140,DONOR-MA-01140,B+,Mumbai,Maharashtra,19.05649,72.883,+91 ******7101,2026-06-22,False,1,True,0.88
1141,DONOR-TA-01141,AB+,Chennai,Tamil Nadu,13.128,80.22283,+91 ******5428,2026-08-06,False,10,True,0.92
1142,DONOR-UT-01142,A+,Noida,Uttar Pradesh,28.49147,77.42646,+91 ******9115,2026-02-08,True,14,True,0.8
1143,DONOR-MA-01143,A+,Mumbai,Maharashtra,19.04657,72.84614,+91 ******9724,2026-01-15,True,11,True,0.83
1144,DONOR-TE-01144,B-,Hyderabad,Telangana,17.42872,78.52771,+91 ******5301,2026-03-04,True,13,False,0.89
1145,DONOR-WE-01145,O+,Kolkata,West Bengal,22.60917,88.39216,+91 ******2789,2026-07-25,False,12,True,0.74
1146,DONOR-TA-01146,B+,Chennai,Tamil Nadu,13.07508,80.29262,+91 ******5261,2025-12-01,True,7,True,0.98
1147,DONOR-MA-01147,A-,Mumbai,Maharashtra,19.03919,72.82922,+91 ******5495,2025-09-08,True,4,True,0.75
1148,DONOR-WE-01148,A+,Kolkata,West Bengal,22.52646,88.34133,+91 ******5104,2026-04-08,True,2,True,0.87
1149,DONOR-KA-01149,A+,Bengaluru,Karnataka,13.00636,77.58898,+91 ******8207,2026-08-15,False,8,False,0.77
1150,DONOR-MA-01150,AB-,Mumbai,Maharashtra,19.06686,72.88566,+91 ******5529,2026-07-14,False,2,True,0.74
1151,DONOR-KA-01151,B+,Bengaluru,Karnataka,12.94755,77.59409,+91 ******3858,2026-04-29,True,14,True,0.67
1152,DONOR-UT-01152,AB-,Noida,Uttar Pradesh,28.55096,77.35943,+91 ******8214,2025-12-07,True,1,True,0.73
1153,DONOR-KA-01153,A+,Bengaluru,Karnataka,13.01913,77.54621,+91 ******9854,2026-02-24,True,10,False,0.69
1154,DONOR-TA-01154,AB-,Chennai,Tamil Nadu,13.04402,80.22845,+91 ******6337,2026-05-11,True,14,True,0.79
1155,DONOR-WE-01155,AB-,Kolkata,West Bengal,22.61019,88.32821,+91 ******6902,2026-03-09,True,7,True,0.77
1156,DONOR-KA-01156,B+,Bengaluru,Karnataka,12.98379,77.56063,+91 ******5765,2026-08-01,False,10,False,0.85
1157,DONOR-TE-01157,B-,Hyderabad,Telangana,17.38608,78.51479,+91 ******6636,2025-12-06,True,7,True,0.66
1158,DONOR-HA-01158,B-,Gurugram,Haryana,28.44761,77.07638,+91 ******2266,2026-07-14,False,10,True,0.84
1159,DONOR-WE-01159,O-,Kolkata,West Bengal,22.5765,88.32602,+91 ******1842,2025-11-26,True,11,True,0.8
1160,DONOR-KA-01160,B-,Bengaluru,Karnataka,12.9411,77.60212,+91 ******6385,2026-04-21,True,13,True,0.77
1161,DONOR-TA-01161,O+,Chennai,Tamil Nadu,13.06418,80.31794,+91 ******8291,2026-04-22,True,6,False,0.83
1162,DONOR-UT-01162,O-,Noida,Uttar Pradesh,28.57696,77.40633,+91 ******4774,2025-10-18,True,13,True,0.84
1163,DONOR-HA-01163,AB+,Gurugram,Haryana,28.50207,77.00109,+91 ******3263,2026-01-27,True,13,False,0.75
1164,DONOR-UT-01164,B-,Noida,Uttar Pradesh,28.52635,77.3915,+91 ******9096,2026-06-09,True,3,True,0.66
1165,DONOR-UT-01165,B+,Noida,Uttar Pradesh,28.52736,77.41755,+91 ******2654,2025-12-26,True,14,False,0.79
1166,DONOR-HA-01166,O+,Gurugram,Haryana,28.50849,76.98984,+91 ******7358,2025-11-25,True,6,False,0.88
1167,DONOR-MA-01167,A+,Mumbai,Maharashtra,19.0972,72.8396,+91 ******2765,2026-03-04,True,2,True,0.77
1168,DONOR-TA-01168,O-,Chennai,Tamil Nadu,13.12377,80.28378,+91 ******5739,2026-01-12,True,12,False,0.71
1169,DONOR-UT-01169,O-,Noida,Uttar Pradesh,28.50073,77.34178,+91 ******7060,2025-10-24,True,7,True,0.71
1170,DONOR-KA-01170,AB-,Bengaluru,Karnataka,13.01608,77.55429,+91 ******9082,2026-03-24,True,1,True,0.95
1171,DONOR-WE-01171,A+,Kolkata,West Bengal,22.55113,88.35231,+91 ******3346,2026-05-24,True,14,True,0.94
1172,DONOR-MA-01172,A-,Mumbai,Maharashtra,19.06905,72.85553,+91 ******6150,2025-10-12,True,6,False,0.69
1173,DONOR-KA-01173,AB+,Bengaluru,Karnataka,12.97026,77.56696,+91 ******5726,2026-05-29,True,10,True,0.96
1174,DONOR-KA-01174,A+,Bengaluru,Karnataka,12.9357,77.56528,+91 ******3766,2025-12-06,True,10,True,0.97
1175,DONOR-MA-01175,B-,Mumbai,Maharashtra,19.02667,72.91095,+91 ******7054,2026-08-10,False,5,True,0.84
1176,DONOR-TA-01176,A-,Chennai,Tamil Nadu,13.08479,80.3038,+91 ******2795,2026-03-25,True,8,True,0.81
1177,DONOR-UT-01177,AB-,Noida,Uttar Pradesh,28.57195,77.44031,+91 ******2908,2025-09-15,True,13,False,0.91
1178,DONOR-UT-01178,A-,Noida,Uttar Pradesh,28.51821,77.39171,+91 ******8429,2026-04-04,True,12,True,0.94
1179,DONOR-DE-01179,B-,Delhi,Delhi,28.60724,77.25224,+91 ******6202,2025-11-30,True,14,True,0.93
1180,DONOR-DE-01180,O+,Delhi,Delhi,28.65882,77.22173,+91 ******3242,2026-04-20,True,14,True,0.87
1181,DONOR-KA-01181,AB+,Bengaluru,Karnataka,12.96861,77.59305,+91 ******9138,2026-05-20,True,3,False,0.94
1182,DONOR-MA-01182,B+,Mumbai,Maharashtra,19.02632,72.83443,+91 ******4416,2025-11-11,True,1,True,0.74
1183,DONOR-WE-01183,B+,Kolkata,West Bengal,22.5857,88.33737,+91 ******8933,2026-02-26,True,5,True,0.94
1184,DONOR-TA-01184,O-,Chennai,Tamil Nadu,13.08172,80.2837,+91 ******6851,2025-10-21,True,5,False,0.69
1185,DONOR-KA-01185,A-,Bengaluru,Karnataka,12.96356,77.58932,+91 ******7960,2026-04-19,True,3,True,0.76
1186,DONOR-UT-01186,O-,Noida,Uttar Pradesh,28.52026,77.38081,+91 ******8925,2026-06-19,False,10,True,0.73
1187,DONOR-KA-01187,AB-,Bengaluru,Karnataka,12.94839,77.56611,+91 ******1996,2026-01-26,True,5,True,0.79
1188,DONOR-TA-01188,O-,Chennai,Tamil Nadu,13.07522,80.24677,+91 ******5396,2026-07-27,False,12,False,0.86
1189,DONOR-DE-01189,B-,Delhi,Delhi,28.59475,77.19998,+91 ******3728,2025-11-03,True,13,True,0.96
1190,DONOR-TE-01190,A-,Hyderabad,Telangana,17.34792,78.49068,+91 ******7212,2026-08-13,False,13,True,0.95
1191,DONOR-UT-01191,B-,Noida,Uttar Pradesh,28.55099,77.39286,+91 ******9773,2026-02-19,True,3,True,0.78
1192,DONOR-MA-01192,O+,Mumbai,Maharashtra,19.05502,72.84384,+91 ******6431,2026-02-13,True,4,True,0.73
1193,DONOR-DE-01193,O+,Delhi,Delhi,28.56751,77.161,+91 ******2679,2025-11-27,True,13,True,0.7
1194,DONOR-KA-01194,AB+,Bengaluru,Karnataka,12.92402,77.60776,+91 ******1553,2026-04-19,True,12,False,0.91
1195,DONOR-WE-01195,A-,Kolkata,West Bengal,22.53572,88.38795,+91 ******2391,2026-04-07,True,2,True,0.88
1196,DONOR-WE-01196,A-,Kolkata,West Bengal,22.52462,88.38817,+91 ******3487,2025-11-19,True,12,True,0.78
1197,DONOR-KA-01197,AB+,Bengaluru,Karnataka,13.00008,77.58712,+91 ******5950,2026-08-12,False,8,False,0.74
1198,DONOR-TA-01198,AB+,Chennai,Tamil Nadu,13.07036,80.26365,+91 ******7657,2026-05-02,True,8,False,0.88
1199,DONOR-MA-01199,A-,Mumbai,Maharashtra,19.06424,72.92702,+91 ******7106,2026-02-03,True,8,False,0.97
1200,DONOR-WE-01200,AB+,Kolkata,West Bengal,22.59972,88.35861,+91 ******2785,2025-12-22,True,6,False,0.86
1201,DONOR-UT-01201,A-,Noida,Uttar Pradesh,28.49504,77.35793,+91 ******5095,2025-12-16,True,3,True,0.93
1202,DONOR-MA-01202,AB-,Mumbai,Maharashtra,19.03189,72.87704,+91 ******6102,2026-01-25,True,14,False,0.76
1203,DONOR-WE-01203,O-,Kolkata,West Bengal,22.60974,88.34071,+91 ******9007,2026-05-08,True,6,True,0.73
1204,DONOR-TA-01204,O+,Chennai,Tamil Nadu,13.10359,80.27214,+91 ******2721,2026-07-13,False,12,False,0.69
1205,DONOR-DE-01205,O-,Delhi,Delhi,28.58011,77.23381,+91 ******4233,2026-05-30,True,14,True,0.66
1206,DONOR-WE-01206,B+,Kolkata,West Bengal,22.57212,88.37652,+91 ******8982,2025-11-28,True,12,True,0.79
1207,DONOR-DE-01207,AB-,Delhi,Delhi,28.59358,77.20255,+91 ******5441,2026-03-26,True,10,True,0.84
1208,DONOR-HA-01208,AB+,Gurugram,Haryana,28.42365,77.02893,+91 ******7082,2026-05-11,True,8,True,0.96
1209,DONOR-HA-01209,AB-,Gurugram,Haryana,28.42592,77.04811,+91 ******1160,2025-12-24,True,7,False,0.81
1210,DONOR-DE-01210,O-,Delhi,Delhi,28.59508,77.17777,+91 ******9810,2026-07-06,False,6,False,0.86
1211,DONOR-HA-01211,A+,Gurugram,Haryana,28.41618,77.04023,+91 ******6651,2026-04-30,True,4,False,0.92
1212,DONOR-WE-01212,AB+,Kolkata,West Bengal,22.58105,88.34448,+91 ******7607,2025-10-08,True,9,True,0.87
1213,DONOR-UT-01213,B+,Noida,Uttar Pradesh,28.54476,77.3513,+91 ******5587,2026-05-05,True,5,True,0.69
1214,DONOR-WE-01214,O-,Kolkata,West Bengal,22.55562,88.3911,+91 ******5542,2025-10-24,True,4,False,0.91
1215,DONOR-MA-01215,B+,Mumbai,Maharashtra,19.03513,72.90804,+91 ******3348,2026-06-09,True,8,True,0.76
1216,DONOR-DE-01216,AB-,Delhi,Delhi,28.5776,77.23972,+91 ******8728,2026-01-18,True,5,True,0.69
1217,DONOR-WE-01217,AB+,Kolkata,West Bengal,22.56033,88.35245,+91 ******6816,2025-12-24,True,14,True,0.83
1218,DONOR-MA-01218,O+,Mumbai,Maharashtra,19.12154,72.92225,+91 ******3341,2026-04-03,True,9,True,0.88
1219,DONOR-KA-01219,B+,Bengaluru,Karnataka,12.99014,77.60039,+91 ******6704,2026-01-13,True,1,True,0.93
1220,DONOR-TE-01220,O+,Hyderabad,Telangana,17.40785,78.45808,+91 ******4129,2025-11-10,True,6,False,0.9
1221,DONOR-DE-01221,AB+,Delhi,Delhi,28.58348,77.1951,+91 ******1091,2026-05-16,True,6,False,0.77
1222,DONOR-KA-01222,AB+,Bengaluru,Karnataka,12.97188,77.5459,+91 ******1549,2026-04-06,True,11,True,0.66
1223,DONOR-KA-01223,O-,Bengaluru,Karnataka,12.94902,77.55032,+91 ******1498,2025-11-04,True,10,True,0.81
1224,DONOR-TA-01224,A+,Chennai,Tamil Nadu,13.10769,80.28545,+91 ******2702,2025-11-17,True,6,False,0.95
1225,DONOR-HA-01225,O+,Gurugram,Haryana,28.48006,76.99429,+91 ******2356,2026-06-17,False,14,True,0.67
1226,DONOR-DE-01226,A+,Delhi,Delhi,28.59532,77.24479,+91 ******4181,2026-04-03,True,6,True,0.93
1227,DONOR-TE-01227,A+,Hyderabad,Telangana,17.42477,78.45362,+91 ******7000,2025-10-27,True,11,True,0.93
1228,DONOR-DE-01228,AB+,Delhi,Delhi,28.5704,77.2415,+91 ******3416,2025-12-10,True,2,False,0.66
1229,DONOR-MA-01229,AB+,Mumbai,Maharashtra,19.09487,72.86863,+91 ******1052,2025-10-02,True,5,True,0.69
1230,DONOR-TA-01230,A-,Chennai,Tamil Nadu,13.08952,80.29033,+91 ******8585,2025-11-07,True,2,True,0.71
1231,DONOR-UT-01231,A+,Noida,Uttar Pradesh,28.50407,77.40011,+91 ******3774,2026-08-13,False,4,True,0.8
1232,DONOR-MA-01232,AB+,Mumbai,Maharashtra,19.05678,72.89579,+91 ******3174,2026-05-18,True,1,True,0.74
1233,DONOR-KA-01233,AB+,Bengaluru,Karnataka,12.93564,77.57615,+91 ******4084,2026-04-30,True,4,False,0.75
1234,DONOR-TA-01234,AB-,Chennai,Tamil Nadu,13.05915,80.26969,+91 ******6957,2025-10-31,True,13,True,0.8
1235,DONOR-HA-01235,B-,Gurugram,Haryana,28.41317,77.06007,+91 ******3551,2026-02-07,True,12,True,0.86
1236,DONOR-KA-01236,A-,Bengaluru,Karnataka,12.94234,77.61457,+91 ******5406,2025-12-09,True,9,True,0.74
1237,DONOR-TA-01237,O-,Chennai,Tamil Nadu,13.05878,80.31289,+91 ******4054,2025-12-02,True,3,True,0.76
1238,DONOR-WE-01238,AB-,Kolkata,West Bengal,22.58843,88.40403,+91 ******2713,2026-03-11,True,14,True,0.7
1239,DONOR-TA-01239,AB-,Chennai,Tamil Nadu,13.06617,80.28549,+91 ******4065,2026-07-03,False,5,False,0.83
1240,DONOR-DE-01240,O+,Delhi,Delhi,28.6078,77.22066,+91 ******8126,2025-10-24,True,8,True,0.73
1241,DONOR-TE-01241,A+,Hyderabad,Telangana,17.39509,78.48496,+91 ******5918,2026-01-30,True,4,True,0.95
1242,DONOR-UT-01242,A+,Noida,Uttar Pradesh,28.5276,77.41841,+91 ******7565,2025-11-01,True,3,True,0.95
1243,DONOR-MA-01243,AB-,Mumbai,Maharashtra,19.12115,72.8845,+91 ******3128,2026-06-13,False,13,True,0.97
1244,DONOR-KA-01244,O+,Bengaluru,Karnataka,13.00089,77.55875,+91 ******8515,2026-02-27,True,3,True,0.87
1245,DONOR-MA-01245,B-,Mumbai,Maharashtra,19.1143,72.85783,+91 ******4024,2026-07-13,False,14,False,0.68
1246,DONOR-MA-01246,O-,Mumbai,Maharashtra,19.04141,72.88323,+91 ******1081,2026-02-13,True,3,True,0.81
1247,DONOR-WE-01247,O-,Kolkata,West Bengal,22.59248,88.40518,+91 ******7165,2025-09-15,True,12,False,0.95
1248,DONOR-WE-01248,AB-,Kolkata,West Bengal,22.53545,88.3902,+91 ******7551,2026-06-16,False,5,True,0.89
1249,DONOR-WE-01249,A+,Kolkata,West Bengal,22.58229,88.36731,+91 ******9000,2026-02-27,True,4,True,0.71
1250,DONOR-MA-01250,A-,Mumbai,Maharashtra,19.06291,72.86169,+91 ******7523,2026-08-23,False,11,False,0.81
1251,DONOR-DE-01251,B+,Delhi,Delhi,28.58502,77.20254,+91 ******7292,2026-03-03,True,7,False,0.75
1252,DONOR-TA-01252,B+,Chennai,Tamil Nadu,13.03618,80.31655,+91 ******3941,2026-01-20,True,7,True,0.93
1253,DONOR-TA-01253,A+,Chennai,Tamil Nadu,13.11332,80.25533,+91 ******7626,2026-07-03,False,3,True,0.84
1254,DONOR-WE-01254,O+,Kolkata,West Bengal,22.59123,88.31506,+91 ******7581,2025-09-23,True,13,False,0.79
1255,DONOR-UT-01255,AB-,Noida,Uttar Pradesh,28.54586,77.42124,+91 ******9225,2026-01-05,True,13,True,0.76
1256,DONOR-TE-01256,O+,Hyderabad,Telangana,17.34617,78.45458,+91 ******9711,2026-01-18,True,14,True,0.7
1257,DONOR-TE-01257,O-,Hyderabad,Telangana,17.42982,78.50746,+91 ******4237,2026-04-13,True,7,False,0.74
1258,DONOR-UT-01258,AB+,Noida,Uttar Pradesh,28.57229,77.38703,+91 ******7050,2026-07-29,False,7,True,0.75
1259,DONOR-DE-01259,A+,Delhi,Delhi,28.61817,77.17687,+91 ******7833,2026-02-22,True,8,True,0.86
1260,DONOR-UT-01260,B+,Noida,Uttar Pradesh,28.52122,77.34466,+91 ******5073,2026-02-02,True,2,True,0.69
1261,DONOR-HA-01261,O-,Gurugram,Haryana,28.47279,77.01971,+91 ******6658,2026-04-05,True,12,True,0.95
1262,DONOR-TA-01262,A-,Chennai,Tamil Nadu,13.03676,80.25336,+91 ******3404,2026-08-04,False,7,True,0.89
1263,DONOR-TE-01263,A+,Hyderabad,Telangana,17.42774,78.51163,+91 ******7565,2026-01-19,True,3,True,0.73
1264,DONOR-UT-01264,AB+,Noida,Uttar Pradesh,28.56919,77.38434,+91 ******4139,2026-06-25,False,5,True,0.83
1265,DONOR-MA-01265,B-,Mumbai,Maharashtra,19.09543,72.83258,+91 ******8748,2025-11-03,True,13,True,0.74
1266,DONOR-HA-01266,B+,Gurugram,Haryana,28.43719,77.04374,+91 ******7531,2025-10-18,True,11,False,0.65
1267,DONOR-MA-01267,AB+,Mumbai,Maharashtra,19.02787,72.86913,+91 ******5501,2026-06-18,False,8,True,0.97
1268,DONOR-TE-01268,A-,Hyderabad,Telangana,17.34471,78.45918,+91 ******4621,2026-03-10,True,10,False,0.88
1269,DONOR-TA-01269,O+,Chennai,Tamil Nadu,13.09149,80.28418,+91 ******9871,2026-03-08,True,8,True,0.65
1270,DONOR-TE-01270,O-,Hyderabad,Telangana,17.36696,78.51896,+91 ******8568,2026-06-07,True,4,True,0.71
1271,DONOR-WE-01271,O-,Kolkata,West Bengal,22.54817,88.31713,+91 ******2287,2025-11-04,True,9,True,0.68
1272,DONOR-TE-01272,A+,Hyderabad,Telangana,17.3654,78.51179,+91 ******8657,2026-01-04,True,3,True,0.71
1273,DONOR-TE-01273,O-,Hyderabad,Telangana,17.39149,78.47824,+91 ******5651,2026-08-12,False,4,True,0.83
1274,DONOR-WE-01274,B-,Kolkata,West Bengal,22.58331,88.39887,+91 ******7483,2026-07-05,False,4,True,0.84
1275,DONOR-HA-01275,AB-,Gurugram,Haryana,28.49599,77.05329,+91 ******7693,2026-01-30,True,13,False,0.95
1276,DONOR-KA-01276,O+,Bengaluru,Karnataka,12.95354,77.58092,+91 ******6206,2026-06-30,False,4,True,0.81
1277,DONOR-TA-01277,O+,Chennai,Tamil Nadu,13.06133,80.31316,+91 ******3910,2026-06-04,True,5,False,0.92
1278,DONOR-TA-01278,O+,Chennai,Tamil Nadu,13.09832,80.28904,+91 ******7280,2026-07-04,False,7,True,0.86
1279,DONOR-MA-01279,A+,Mumbai,Maharashtra,19.03986,72.88969,+91 ******7697,2026-07-13,False,6,True,0.7
1280,DONOR-TA-01280,B-,Chennai,Tamil Nadu,13.10114,80.31588,+91 ******7378,2026-08-12,False,14,True,0.8
1281,DONOR-MA-01281,B+,Mumbai,Maharashtra,19.04352,72.92141,+91 ******6287,2026-05-13,True,5,False,0.66
1282,DONOR-TA-01282,B+,Chennai,Tamil Nadu,13.07862,80.28907,+91 ******4963,2026-01-08,True,8,True,0.69
1283,DONOR-TE-01283,A-,Hyderabad,Telangana,17.42221,78.52759,+91 ******8572,2026-04-20,True,1,True,0.88
1284,DONOR-WE-01284,O+,Kolkata,West Bengal,22.60931,88.41345,+91 ******2152,2026-02-07,True,5,True,0.83
1285,DONOR-DE-01285,O+,Delhi,Delhi,28.60775,77.24178,+91 ******5799,2026-07-24,False,14,True,0.9
1286,DONOR-TE-01286,O+,Hyderabad,Telangana,17.37494,78.52944,+91 ******8209,2025-10-05,True,13,False,0.7
1287,DONOR-KA-01287,AB-,Bengaluru,Karnataka,12.99739,77.60258,+91 ******3768,2026-06-27,False,7,True,0.7
1288,DONOR-MA-01288,A-,Mumbai,Maharashtra,19.10556,72.84871,+91 ******6407,2026-07-05,False,8,True,0.81
1289,DONOR-MA-01289,O-,Mumbai,Maharashtra,19.1017,72.86194,+91 ******6417,2026-01-08,True,12,False,0.74
1290,DONOR-DE-01290,B-,Delhi,Delhi,28.64003,77.1738,+91 ******1425,2026-03-29,True,6,True,0.89
1291,DONOR-KA-01291,O-,Bengaluru,Karnataka,13.01608,77.56043,+91 ******5992,2025-10-03,True,12,True,0.75
1292,DONOR-HA-01292,B-,Gurugram,Haryana,28.42415,77.00583,+91 ******5215,2026-02-08,True,1,True,0.84
1293,DONOR-HA-01293,O+,Gurugram,Haryana,28.46792,77.00254,+91 ******9467,2025-12-06,True,8,True,0.71
1294,DONOR-TE-01294,AB-,Hyderabad,Telangana,17.39939,78.49541,+91 ******6149,2025-12-10,True,7,True,0.81
1295,DONOR-HA-01295,A+,Gurugram,Haryana,28.49658,77.02481,+91 ******7223,2025-12-19,True,11,True,0.76
1296,DONOR-KA-01296,B-,Bengaluru,Karnataka,12.94224,77.55961,+91 ******2959,2025-10-16,True,6,True,0.84
1297,DONOR-DE-01297,B-,Delhi,Delhi,28.6479,77.24357,+91 ******4741,2025-11-28,True,6,True,0.78
1298,DONOR-UT-01298,A-,Noida,Uttar Pradesh,28.5807,77.39174,+91 ******9761,2026-04-07,True,13,False,0.84
1299,DONOR-MA-01299,B-,Mumbai,Maharashtra,19.05047,72.90743,+91 ******5015,2026-05-22,True,12,True,0.71
1300,DONOR-KA-01300,B+,Bengaluru,Karnataka,12.9768,77.55374,+91 ******2043,2026-05-18,True,9,True,0.72
1301,DONOR-MA-01301,A+,Mumbai,Maharashtra,19.08457,72.88583,+91 ******2610,2025-12-29,True,6,True,0.67
1302,DONOR-TA-01302,B-,Chennai,Tamil Nadu,13.04434,80.22904,+91 ******2636,2026-05-14,True,10,True,0.84
1303,DONOR-WE-01303,O-,Kolkata,West Bengal,22.60871,88.32505,+91 ******4191,2026-01-09,True,1,False,0.78
1304,DONOR-KA-01304,AB+,Bengaluru,Karnataka,12.97086,77.56225,+91 ******8918,2025-12-07,True,11,False,0.94
1305,DONOR-MA-01305,O-,Mumbai,Maharashtra,19.06011,72.89548,+91 ******6059,2025-12-09,True,2,True,0.96
1306,DONOR-TA-01306,O-,Chennai,Tamil Nadu,13.03335,80.31004,+91 ******8708,2025-12-06,True,3,False,0.9
1307,DONOR-KA-01307,B+,Bengaluru,Karnataka,12.93106,77.6308,+91 ******9824,2026-03-01,True,4,True,0.9
1308,DONOR-MA-01308,A-,Mumbai,Maharashtra,19.05672,72.85824,+91 ******8731,2025-11-25,True,11,True,0.85
1309,DONOR-HA-01309,B+,Gurugram,Haryana,28.44188,76.99579,+91 ******3814,2026-02-02,True,10,True,0.76
1310,DONOR-TA-01310,AB+,Chennai,Tamil Nadu,13.09805,80.29957,+91 ******4747,2026-04-08,True,8,True,0.93
1311,DONOR-TE-01311,O-,Hyderabad,Telangana,17.3495,78.47007,+91 ******6166,2026-02-23,True,5,True,0.78
1312,DONOR-WE-01312,AB-,Kolkata,West Bengal,22.52317,88.4079,+91 ******7697,2026-07-26,False,11,True,0.97
1313,DONOR-KA-01313,AB+,Bengaluru,Karnataka,12.92355,77.61503,+91 ******5193,2026-05-09,True,14,True,0.76
1314,DONOR-WE-01314,O-,Kolkata,West Bengal,22.55517,88.3699,+91 ******4522,2026-05-13,True,14,False,0.67
1315,DONOR-HA-01315,A+,Gurugram,Haryana,28.44205,77.02457,+91 ******8698,2025-10-24,True,13,True,0.88
1316,DONOR-TA-01316,A+,Chennai,Tamil Nadu,13.05768,80.31939,+91 ******7144,2025-10-27,True,2,False,0.76
1317,DONOR-TE-01317,A-,Hyderabad,Telangana,17.37881,78.46512,+91 ******3200,2025-12-25,True,6,True,0.89
1318,DONOR-HA-01318,A-,Gurugram,Haryana,28.4969,77.03558,+91 ******4276,2025-11-03,True,8,False,0.84
1319,DONOR-KA-01319,A-,Bengaluru,Karnataka,12.97727,77.62633,+91 ******3301,2026-08-12,False,14,True,0.88
1320,DONOR-TE-01320,B+,Hyderabad,Telangana,17.43072,78.47282,+91 ******4519,2026-01-07,True,6,True,0.8
1321,DONOR-TE-01321,A+,Hyderabad,Telangana,17.3549,78.53384,+91 ******5183,2026-04-13,True,3,False,0.79
1322,DONOR-WE-01322,AB-,Kolkata,West Bengal,22.60321,88.39371,+91 ******1987,2025-11-26,True,1,True,0.98
1323,DONOR-TE-01323,A-,Hyderabad,Telangana,17.41401,78.4859,+91 ******6468,2025-11-02,True,12,False,0.68
1324,DONOR-UT-01324,B-,Noida,Uttar Pradesh,28.53868,77.42086,+91 ******8675,2026-07-10,False,13,False,0.88
1325,DONOR-KA-01325,A-,Bengaluru,Karnataka,12.96817,77.63354,+91 ******6413,2026-06-07,True,3,True,0.76
1326,DONOR-WE-01326,O+,Kolkata,West Bengal,22.61154,88.35405,+91 ******1104,2026-03-26,True,1,False,0.76
1327,DONOR-HA-01327,O-,Gurugram,Haryana,28.43539,76.99889,+91 ******6351,2025-09-12,True,11,True,0.9
1328,DONOR-TE-01328,B-,Hyderabad,Telangana,17.42432,78.50819,+91 ******3500,2025-11-01,True,13,False,0.75
1329,DONOR-UT-01329,AB-,Noida,Uttar Pradesh,28.48812,77.40119,+91 ******3086,2026-08-03,False,2,True,0.75
1330,DONOR-MA-01330,AB+,Mumbai,Maharashtra,19.09182,72.84787,+91 ******7951,2026-06-01,True,4,True,0.72
1331,DONOR-TE-01331,O+,Hyderabad,Telangana,17.33773,78.52446,+91 ******3017,2026-01-10,True,1,True,0.9
1332,DONOR-MA-01332,B-,Mumbai,Maharashtra,19.06404,72.87238,+91 ******4254,2026-01-31,True,13,True,0.92
1333,DONOR-UT-01333,A-,Noida,Uttar Pradesh,28.58242,77.39167,+91 ******9462,2025-10-31,True,3,True,0.69
1334,DONOR-TA-01334,B-,Chennai,Tamil Nadu,13.10676,80.25654,+91 ******7801,2026-03-14,True,4,True,0.91
1335,DONOR-TE-01335,A+,Hyderabad,Telangana,17.3828,78.48757,+91 ******1264,2026-01-02,True,7,True,0.78
1336,DONOR-UT-01336,AB+,Noida,Uttar Pradesh,28.52097,77.43557,+91 ******8113,2026-07-21,False,4,True,0.68
1337,DONOR-WE-01337,A+,Kolkata,West Bengal,22.61019,88.31549,+91 ******6296,2026-04-05,True,3,True,0.71
1338,DONOR-DE-01338,A+,Delhi,Delhi,28.57669,77.17458,+91 ******1638,2025-12-26,True,10,True,0.94
1339,DONOR-KA-01339,B+,Bengaluru,Karnataka,12.95877,77.58609,+91 ******7868,2026-06-04,True,3,True,0.97
1340,DONOR-HA-01340,O-,Gurugram,Haryana,28.44601,77.0691,+91 ******1491,2026-06-01,True,4,True,0.86
1341,DONOR-KA-01341,A+,Bengaluru,Karnataka,12.98379,77.54745,+91 ******6432,2026-08-10,False,8,False,0.94
1342,DONOR-WE-01342,B+,Kolkata,West Bengal,22.52725,88.3516,+91 ******9604,2025-10-21,True,3,False,0.77
1343,DONOR-MA-01343,O-,Mumbai,Maharashtra,19.03521,72.92652,+91 ******8793,2026-06-27,False,7,True,0.83
1344,DONOR-HA-01344,O-,Gurugram,Haryana,28.49519,77.05754,+91 ******6102,2026-08-23,False,8,True,0.73
1345,DONOR-TE-01345,O-,Hyderabad,Telangana,17.40064,78.47326,+91 ******2579,2025-10-13,True,8,True,0.93
1346,DONOR-MA-01346,A-,Mumbai,Maharashtra,19.03858,72.87917,+91 ******4695,2026-06-11,False,12,False,0.78
1347,DONOR-UT-01347,AB-,Noida,Uttar Pradesh,28.51048,77.36607,+91 ******5933,2025-09-20,True,12,True,0.87
1348,DONOR-KA-01348,B+,Bengaluru,Karnataka,12.99759,77.55777,+91 ******7140,2026-01-19,True,10,True,0.93
1349,DONOR-WE-01349,B+,Kolkata,West Bengal,22.58579,88.39332,+91 ******1234,2026-05-22,True,11,False,0.91
1350,DONOR-HA-01350,AB-,Gurugram,Haryana,28.44918,76.97777,+91 ******8927,2025-12-20,True,4,True,0.92
1351,DONOR-WE-01351,O-,Kolkata,West Bengal,22.56781,88.33538,+91 ******5305,2025-10-09,True,2,True,0.87
1352,DONOR-TE-01352,O-,Hyderabad,Telangana,17.36873,78.52595,+91 ******6586,2026-04-15,True,13,True,0.87
1353,DONOR-TE-01353,A+,Hyderabad,Telangana,17.41133,78.46299,+91 ******7988,2026-02-17,True,9,False,0.72
1354,DONOR-TA-01354,AB-,Chennai,Tamil Nadu,13.11571,80.23273,+91 ******3069,2026-03-25,True,5,True,0.83
1355,DONOR-UT-01355,B-,Noida,Uttar Pradesh,28.58213,77.43817,+91 ******7513,2026-05-22,True,3,True,0.72
1356,DONOR-DE-01356,A+,Delhi,Delhi,28.58377,77.23346,+91 ******3486,2025-11-27,True,13,True,0.83
1357,DONOR-HA-01357,B+,Gurugram,Haryana,28.44695,76.98661,+91 ******4707,2026-05-31,True,9,True,0.85
1358,DONOR-MA-01358,O+,Mumbai,Maharashtra,19.05384,72.92361,+91 ******5857,2026-01-30,True,9,True,0.94
1359,DONOR-TA-01359,A-,Chennai,Tamil Nadu,13.06489,80.29285,+91 ******1005,2026-03-23,True,5,True,0.87
1360,DONOR-MA-01360,O+,Mumbai,Maharashtra,19.11831,72.88901,+91 ******1970,2026-07-20,False,3,False,0.92
1361,DONOR-MA-01361,B-,Mumbai,Maharashtra,19.06512,72.84364,+91 ******7406,2026-01-21,True,4,True,0.67
1362,DONOR-KA-01362,B-,Bengaluru,Karnataka,12.93564,77.58474,+91 ******3487,2025-10-28,True,8,False,0.74
1363,DONOR-TE-01363,A-,Hyderabad,Telangana,17.33608,78.44843,+91 ******9589,2026-03-17,True,13,True,0.81
1364,DONOR-TA-01364,B+,Chennai,Tamil Nadu,13.06258,80.23319,+91 ******8444,2025-10-15,True,2,True,0.9
1365,DONOR-TE-01365,AB+,Hyderabad,Telangana,17.42252,78.53165,+91 ******7250,2026-08-03,False,2,True,0.79
1366,DONOR-HA-01366,B-,Gurugram,Haryana,28.49712,77.04574,+91 ******5769,2025-12-17,True,9,False,0.98
1367,DONOR-TE-01367,O+,Hyderabad,Telangana,17.35913,78.5217,+91 ******8085,2025-12-13,True,1,True,0.94
1368,DONOR-KA-01368,AB-,Bengaluru,Karnataka,13.00583,77.61784,+91 ******9320,2026-04-17,True,7,True,0.73
1369,DONOR-TE-01369,O-,Hyderabad,Telangana,17.34331,78.44681,+91 ******4977,2025-12-18,True,4,True,0.87
1370,DONOR-UT-01370,O+,Noida,Uttar Pradesh,28.58523,77.42363,+91 ******7157,2025-12-17,True,1,True,0.84
1371,DONOR-UT-01371,O+,Noida,Uttar Pradesh,28.54306,77.35275,+91 ******6909,2026-04-23,True,14,True,0.9
1372,DONOR-TE-01372,A+,Hyderabad,Telangana,17.39971,78.48072,+91 ******9564,2025-12-31,True,7,True,0.86
1373,DONOR-WE-01373,A+,Kolkata,West Bengal,22.58951,88.31646,+91 ******3961,2025-11-06,True,11,True,0.68
1374,DONOR-WE-01374,AB-,Kolkata,West Bengal,22.60279,88.38681,+91 ******6875,2026-04-16,True,6,True,0.73
1375,DONOR-TA-01375,B+,Chennai,Tamil Nadu,13.11107,80.25315,+91 ******5311,2025-10-02,True,4,True,0.93
1376,DONOR-TE-01376,A-,Hyderabad,Telangana,17.40907,78.51203,+91 ******9189,2026-05-27,True,6,True,0.83
1377,DONOR-MA-01377,AB-,Mumbai,Maharashtra,19.05765,72.85828,+91 ******7652,2026-07-08,False,10,True,0.71
1378,DONOR-WE-01378,AB-,Kolkata,West Bengal,22.54281,88.3995,+91 ******6744,2025-12-18,True,13,True,0.77
1379,DONOR-HA-01379,AB+,Gurugram,Haryana,28.50543,77.00888,+91 ******4109,2026-06-27,False,9,True,0.83
1380,DONOR-HA-01380,A-,Gurugram,Haryana,28.4493,77.04616,+91 ******2529,2026-05-14,True,12,True,0.94
1381,DONOR-WE-01381,AB-,Kolkata,West Bengal,22.60782,88.32848,+91 ******9729,2026-03-02,True,7,False,0.78
1382,DONOR-KA-01382,O-,Bengaluru,Karnataka,12.98294,77.64167,+91 ******4683,2026-03-11,True,14,False,0.83
1383,DONOR-KA-01383,B-,Bengaluru,Karnataka,12.92424,77.56705,+91 ******5019,2026-05-03,True,8,True,0.72
1384,DONOR-DE-01384,O-,Delhi,Delhi,28.59358,77.25546,+91 ******8917,2025-10-14,True,7,True,0.98
1385,DONOR-MA-01385,O+,Mumbai,Maharashtra,19.06723,72.91249,+91 ******7547,2025-10-30,True,12,False,0.91
1386,DONOR-TE-01386,B-,Hyderabad,Telangana,17.41534,78.46306,+91 ******6972,2026-02-15,True,6,True,0.68
1387,DONOR-HA-01387,B+,Gurugram,Haryana,28.44167,77.05934,+91 ******9819,2026-04-19,True,2,True,0.91
1388,DONOR-TA-01388,AB-,Chennai,Tamil Nadu,13.08624,80.23118,+91 ******4732,2025-10-18,True,12,True,0.97
1389,DONOR-MA-01389,O-,Mumbai,Maharashtra,19.07253,72.88513,+91 ******8540,2026-07-27,False,8,True,0.67
1390,DONOR-HA-01390,AB-,Gurugram,Haryana,28.41171,77.02145,+91 ******1942,2025-09-25,True,8,True,0.7
1391,DONOR-TE-01391,A+,Hyderabad,Telangana,17.34154,78.50859,+91 ******5128,2025-11-05,True,12,True,0.79
1392,DONOR-HA-01392,AB+,Gurugram,Haryana,28.50812,76.99812,+91 ******6076,2026-01-04,True,6,False,0.91
1393,DONOR-WE-01393,A+,Kolkata,West Bengal,22.53702,88.36786,+91 ******6152,2025-09-09,True,10,False,0.9
1394,DONOR-UT-01394,O+,Noida,Uttar Pradesh,28.56296,77.3481,+91 ******9679,2026-07-22,False,12,False,0.71
1395,DONOR-HA-01395,AB-,Gurugram,Haryana,28.49307,76.97955,+91 ******2957,2025-12-13,True,2,False,0.78
1396,DONOR-WE-01396,AB-,Kolkata,West Bengal,22.60309,88.35203,+91 ******3269,2025-12-24,True,3,False,0.77
1397,DONOR-WE-01397,O+,Kolkata,West Bengal,22.61051,88.36387,+91 ******5268,2026-05-21,True,4,False,0.98
1398,DONOR-UT-01398,A+,Noida,Uttar Pradesh,28.51947,77.41618,+91 ******5223,2025-11-28,True,10,False,0.83
1399,DONOR-TE-01399,A+,Hyderabad,Telangana,17.34455,78.43687,+91 ******1206,2025-11-26,True,6,True,0.66
1400,DONOR-TE-01400,B+,Hyderabad,Telangana,17.42094,78.53227,+91 ******9162,2026-05-19,True,9,False,0.76
1401,DONOR-HA-01401,B+,Gurugram,Haryana,28.46947,77.034,+91 ******3908,2026-01-10,True,14,True,0.66
1402,DONOR-DE-01402,AB+,Delhi,Delhi,28.65743,77.24782,+91 ******6106,2026-06-23,False,2,True,0.71
1403,DONOR-HA-01403,AB-,Gurugram,Haryana,28.49952,77.02637,+91 ******3543,2025-10-19,True,8,True,0.83
1404,DONOR-WE-01404,AB-,Kolkata,West Bengal,22.60101,88.4083,+91 ******2072,2025-09-15,True,4,True,0.73
1405,DONOR-TA-01405,O-,Chennai,Tamil Nadu,13.05153,80.26113,+91 ******1960,2026-02-21,True,13,True,0.87
1406,DONOR-UT-01406,O+,Noida,Uttar Pradesh,28.57028,77.3501,+91 ******6251,2025-09-22,True,13,True,0.72
1407,DONOR-TE-01407,O+,Hyderabad,Telangana,17.34855,78.51305,+91 ******7984,2026-03-27,True,7,True,0.81
1408,DONOR-TA-01408,AB+,Chennai,Tamil Nadu,13.04313,80.27683,+91 ******7370,2025-10-15,True,8,True,0.9
1409,DONOR-DE-01409,B+,Delhi,Delhi,28.61666,77.16316,+91 ******6031,2026-07-09,False,11,True,0.67
1410,DONOR-DE-01410,A+,Delhi,Delhi,28.56862,77.18929,+91 ******6763,2026-05-19,True,14,True,0.94
1411,DONOR-HA-01411,A-,Gurugram,Haryana,28.46037,77.04471,+91 ******4514,2026-08-01,False,8,True,0.94
1412,DONOR-TE-01412,A+,Hyderabad,Telangana,17.3423,78.45706,+91 ******1255,2026-05-10,True,7,False,0.88
1413,DONOR-KA-01413,O+,Bengaluru,Karnataka,12.92207,77.56864,+91 ******3900,2026-03-07,True,14,False,0.95
1414,DONOR-WE-01414,O+,Kolkata,West Bengal,22.52708,88.32807,+91 ******5230,2026-04-19,True,11,True,0.94
1415,DONOR-KA-01415,A+,Bengaluru,Karnataka,12.94209,77.63247,+91 ******7704,2026-04-06,True,7,True,0.77
1416,DONOR-MA-01416,O+,Mumbai,Maharashtra,19.10767,72.87652,+91 ******1170,2025-10-20,True,1,True,0.8
1417,DONOR-MA-01417,A-,Mumbai,Maharashtra,19.03305,72.83914,+91 ******9004,2026-06-03,True,3,True,0.71
1418,DONOR-KA-01418,AB+,Bengaluru,Karnataka,13.01713,77.6161,+91 ******5666,2026-02-01,True,5,True,0.74
1419,DONOR-UT-01419,O-,Noida,Uttar Pradesh,28.52499,77.42956,+91 ******2417,2026-05-12,True,4,False,0.98
1420,DONOR-TA-01420,B+,Chennai,Tamil Nadu,13.08058,80.23184,+91 ******7358,2026-08-04,False,2,True,0.92
1421,DONOR-MA-01421,A+,Mumbai,Maharashtra,19.06959,72.86479,+91 ******8242,2026-06-11,False,11,True,0.9
1422,DONOR-MA-01422,B+,Mumbai,Maharashtra,19.10285,72.90019,+91 ******1232,2026-08-01,False,6,True,0.73
1423,DONOR-HA-01423,O+,Gurugram,Haryana,28.44451,76.99666,+91 ******1924,2025-09-28,True,7,False,0.75
1424,DONOR-UT-01424,A+,Noida,Uttar Pradesh,28.50802,77.40372,+91 ******8190,2026-03-05,True,14,True,0.93
1425,DONOR-KA-01425,A-,Bengaluru,Karnataka,12.97729,77.55894,+91 ******1929,2026-03-14,True,11,False,0.82
1426,DONOR-DE-01426,A+,Delhi,Delhi,28.62576,77.17599,+91 ******7068,2026-03-12,True,3,True,0.88
1427,DONOR-DE-01427,B-,Delhi,Delhi,28.60202,77.21527,+91 ******2960,2026-02-06,True,13,True,0.84
1428,DONOR-UT-01428,AB+,Noida,Uttar Pradesh,28.48748,77.4234,+91 ******7325,2025-12-23,True,11,True,0.8
1429,DONOR-MA-01429,O-,Mumbai,Maharashtra,19.09429,72.88896,+91 ******8454,2026-02-28,True,3,True,0.94
1430,DONOR-MA-01430,AB+,Mumbai,Maharashtra,19.04044,72.89141,+91 ******7364,2026-05-26,True,3,True,0.66
1431,DONOR-KA-01431,O+,Bengaluru,Karnataka,12.936,77.59059,+91 ******4718,2025-11-19,True,3,True,0.77
1432,DONOR-WE-01432,O+,Kolkata,West Bengal,22.56471,88.35567,+91 ******8272,2026-01-04,True,8,True,0.76
1433,DONOR-WE-01433,B-,Kolkata,West Bengal,22.53591,88.36689,+91 ******4554,2026-04-20,True,10,False,0.94
1434,DONOR-TE-01434,AB+,Hyderabad,Telangana,17.42504,78.49152,+91 ******7140,2026-01-26,True,4,True,0.81
1435,DONOR-TA-01435,A+,Chennai,Tamil Nadu,13.06273,80.30399,+91 ******7752,2025-10-08,True,4,False,0.83
1436,DONOR-HA-01436,O-,Gurugram,Haryana,28.47547,77.07031,+91 ******3954,2026-01-14,True,1,True,0.78
1437,DONOR-HA-01437,O+,Gurugram,Haryana,28.43683,77.0512,+91 ******3553,2025-11-08,True,10,True,0.72
1438,DONOR-WE-01438,AB-,Kolkata,West Bengal,22.55425,88.33847,+91 ******8973,2026-06-18,False,10,True,0.85
1439,DONOR-DE-01439,A+,Delhi,Delhi,28.63152,77.2377,+91 ******1351,2026-07-11,False,14,True,0.76
1440,DONOR-UT-01440,B-,Noida,Uttar Pradesh,28.51683,77.43118,+91 ******3467,2026-05-12,True,5,True,0.77
1441,DONOR-TE-01441,B+,Hyderabad,Telangana,17.39334,78.51953,+91 ******6547,2025-12-23,True,5,True,0.91
1442,DONOR-HA-01442,O+,Gurugram,Haryana,28.49958,76.9918,+91 ******2940,2026-01-23,True,3,True,0.86
1443,DONOR-KA-01443,O-,Bengaluru,Karnataka,12.9906,77.63497,+91 ******3402,2026-06-26,False,2,True,0.69
1444,DONOR-WE-01444,O-,Kolkata,West Bengal,22.56988,88.36159,+91 ******6937,2026-08-13,False,10,True,0.8
1445,DONOR-DE-01445,AB-,Delhi,Delhi,28.66093,77.25366,+91 ******6633,2025-11-06,True,2,True,0.67
1446,DONOR-HA-01446,B-,Gurugram,Haryana,28.4719,77.04434,+91 ******2818,2026-06-08,True,11,True,0.88
1447,DONOR-UT-01447,O+,Noida,Uttar Pradesh,28.52097,77.43936,+91 ******1261,2025-12-13,True,3,True,0.73
1448,DONOR-KA-01448,AB-,Bengaluru,Karnataka,13.0198,77.63503,+91 ******9021,2026-08-11,False,3,False,0.73
1449,DONOR-KA-01449,AB+,Bengaluru,Karnataka,12.94791,77.64422,+91 ******1662,2026-03-04,True,12,True,0.87
1450,DONOR-UT-01450,A+,Noida,Uttar Pradesh,28.51879,77.34414,+91 ******1174,2025-10-08,True,5,True,0.95
1451,DONOR-WE-01451,AB-,Kolkata,West Bengal,22.56144,88.38343,+91 ******7146,2026-04-07,True,6,True,0.93
1452,DONOR-WE-01452,B-,Kolkata,West Bengal,22.56332,88.34811,+91 ******5285,2026-02-27,True,8,False,0.68
1453,DONOR-TA-01453,A-,Chennai,Tamil Nadu,13.12458,80.22918,+91 ******6220,2025-09-16,True,1,True,0.92
1454,DONOR-UT-01454,B-,Noida,Uttar Pradesh,28.5098,77.35871,+91 ******3523,2026-07-21,False,13,False,0.67
1455,DONOR-DE-01455,B+,Delhi,Delhi,28.63755,77.19311,+91 ******2153,2025-10-11,True,10,True,0.94
1456,DONOR-TA-01456,A-,Chennai,Tamil Nadu,13.0958,80.25379,+91 ******2733,2025-09-17,True,1,True,0.72
1457,DONOR-UT-01457,O+,Noida,Uttar Pradesh,28.50406,77.41283,+91 ******1062,2026-07-08,False,13,True,0.72
1458,DONOR-UT-01458,B-,Noida,Uttar Pradesh,28.52419,77.40355,+91 ******8799,2026-05-17,True,12,True,0.85
1459,DONOR-HA-01459,O-,Gurugram,Haryana,28.45642,77.04976,+91 ******2003,2025-10-24,True,3,True,0.68
1460,DONOR-MA-01460,A-,Mumbai,Maharashtra,19.05233,72.91552,+91 ******4102,2025-11-02,True,12,True,0.71
1461,DONOR-TE-01461,O+,Hyderabad,Telangana,17.41063,78.45947,+91 ******5861,2026-02-02,True,9,True,0.72
1462,DONOR-KA-01462,AB+,Bengaluru,Karnataka,13.00405,77.61814,+91 ******1114,2025-11-25,True,5,True,0.67
1463,DONOR-UT-01463,A-,Noida,Uttar Pradesh,28.53489,77.43127,+91 ******8046,2026-07-24,False,11,True,0.89
1464,DONOR-DE-01464,A-,Delhi,Delhi,28.66162,77.22645,+91 ******6922,2026-03-13,True,10,False,0.93
1465,DONOR-TA-01465,AB+,Chennai,Tamil Nadu,13.06851,80.3018,+91 ******9187,2026-02-15,True,13,True,0.83
1466,DONOR-MA-01466,O-,Mumbai,Maharashtra,19.04881,72.84476,+91 ******7713,2026-02-24,True,8,True,0.91
1467,DONOR-WE-01467,B+,Kolkata,West Bengal,22.56896,88.40381,+91 ******3501,2026-01-04,True,12,True,0.79
1468,DONOR-DE-01468,O+,Delhi,Delhi,28.65124,77.23783,+91 ******3447,2026-02-09,True,6,False,0.91
1469,DONOR-HA-01469,A+,Gurugram,Haryana,28.4246,77.0712,+91 ******2553,2026-05-04,True,7,True,0.74
1470,DONOR-MA-01470,B-,Mumbai,Maharashtra,19.02817,72.86692,+91 ******5549,2026-03-21,True,4,True,0.89
1471,DONOR-WE-01471,AB-,Kolkata,West Bengal,22.56611,88.39906,+91 ******1979,2025-12-17,True,2,False,0.76
1472,DONOR-TA-01472,B-,Chennai,Tamil Nadu,13.09348,80.23485,+91 ******9097,2025-12-01,True,7,True,0.97
1473,DONOR-HA-01473,A-,Gurugram,Haryana,28.44336,77.00766,+91 ******8028,2025-10-11,True,10,False,0.74
1474,DONOR-TE-01474,A-,Hyderabad,Telangana,17.41571,78.52311,+91 ******8758,2026-02-15,True,1,True,0.79
1475,DONOR-MA-01475,AB+,Mumbai,Maharashtra,19.12046,72.89653,+91 ******8801,2026-03-16,True,9,True,0.91
1476,DONOR-MA-01476,B-,Mumbai,Maharashtra,19.11619,72.92425,+91 ******4750,2025-10-04,True,14,True,0.81
1477,DONOR-TA-01477,B+,Chennai,Tamil Nadu,13.12176,80.25205,+91 ******7293,2026-07-06,False,10,True,0.82
1478,DONOR-TA-01478,O-,Chennai,Tamil Nadu,13.09296,80.30979,+91 ******2096,2026-04-09,True,7,True,0.91
1479,DONOR-KA-01479,B-,Bengaluru,Karnataka,12.99279,77.58098,+91 ******8761,2026-07-24,False,4,True,0.76
1480,DONOR-TA-01480,AB-,Chennai,Tamil Nadu,13.08889,80.29907,+91 ******8941,2026-03-13,True,10,True,0.72
1481,DONOR-MA-01481,A+,Mumbai,Maharashtra,19.12177,72.88746,+91 ******5843,2026-06-23,False,12,True,0.82
1482,DONOR-KA-01482,AB+,Bengaluru,Karnataka,12.94642,77.5822,+91 ******5885,2026-08-18,False,4,False,0.66
1483,DONOR-WE-01483,O+,Kolkata,West Bengal,22.53047,88.36039,+91 ******8318,2026-06-09,True,9,False,0.8
1484,DONOR-TE-01484,O-,Hyderabad,Telangana,17.34577,78.46406,+91 ******4240,2026-04-04,True,5,False,0.69
1485,DONOR-DE-01485,AB-,Delhi,Delhi,28.57629,77.24577,+91 ******8816,2025-11-14,True,3,True,0.89
1486,DONOR-DE-01486,AB-,Delhi,Delhi,28.62679,77.22363,+91 ******3916,2026-02-02,True,10,True,0.66
1487,DONOR-KA-01487,A+,Bengaluru,Karnataka,12.954,77.62025,+91 ******9383,2026-08-03,False,12,True,0.69
1488,DONOR-UT-01488,B+,Noida,Uttar Pradesh,28.57819,77.35499,+91 ******9565,2026-07-02,False,12,False,0.9
1489,DONOR-TE-01489,O+,Hyderabad,Telangana,17.36882,78.47796,+91 ******9068,2026-07-19,False,9,False,0.79
1490,DONOR-WE-01490,O-,Kolkata,West Bengal,22.59206,88.36871,+91 ******4395,2026-07-09,False,3,False,0.95
1491,DONOR-KA-01491,A+,Bengaluru,Karnataka,12.94434,77.55025,+91 ******1396,2025-09-08,True,11,True,0.72
1492,DONOR-DE-01492,AB-,Delhi,Delhi,28.56812,77.23485,+91 ******3255,2026-06-06,True,6,True,0.86
1493,DONOR-WE-01493,O+,Kolkata,West Bengal,22.52453,88.39045,+91 ******1385,2025-12-14,True,9,False,0.72
1494,DONOR-DE-01494,A-,Delhi,Delhi,28.58478,77.21727,+91 ******6724,2026-08-20,False,10,True,0.82
1495,DONOR-HA-01495,AB+,Gurugram,Haryana,28.44922,76.99183,+91 ******5610,2026-08-20,False,9,True,0.78
1496,DONOR-MA-01496,AB+,Mumbai,Maharashtra,19.10142,72.85333,+91 ******6358,2026-05-15,True,7,False,0.74
1497,DONOR-DE-01497,O+,Delhi,Delhi,28.60845,77.25577,+91 ******9385,2025-09-14,True,4,False,0.66
1498,DONOR-UT-01498,B-,Noida,Uttar Pradesh,28.55978,77.42842,+91 ******5892,2026-05-13,True,10,True,0.77
1499,DONOR-DE-01499,A+,Delhi,Delhi,28.62868,77.18198,+91 ******4552,2026-04-16,True,5,False,0.92
1500,DONOR-TE-01500,O-,Hyderabad,Telangana,17.35564,78.53138,+91 ******6363,2026-02-06,True,7,True,0.7
1501,DONOR-TA-01501,A-,Chennai,Tamil Nadu,13.08072,80.28037,+91 ******5071,2025-09-16,True,10,False,0.65
1502,DONOR-DE-01502,AB+,Delhi,Delhi,28.62583,77.24472,+91 ******1000,2026-04-05,True,8,True,0.84
1503,DONOR-HA-01503,O+,Gurugram,Haryana,28.41922,77.0134,+91 ******4125,2025-09-27,True,12,True,0.68
1504,DONOR-WE-01504,AB+,Kolkata,West Bengal,22.58796,88.34365,+91 ******2967,2026-08-06,False,3,False,0.96
1505,DONOR-MA-01505,O-,Mumbai,Maharashtra,19.03803,72.89137,+91 ******1497,2025-09-08,True,3,False,0.68
1506,DONOR-MA-01506,AB+,Mumbai,Maharashtra,19.07152,72.91634,+91 ******5475,2025-11-11,True,1,True,0.81
1507,DONOR-HA-01507,A+,Gurugram,Haryana,28.43105,77.01635,+91 ******1489,2026-02-11,True,8,True,0.8
1508,DONOR-HA-01508,AB+,Gurugram,Haryana,28.50679,77.03428,+91 ******2032,2026-08-01,False,12,False,0.81
1509,DONOR-KA-01509,O-,Bengaluru,Karnataka,12.92404,77.5718,+91 ******4847,2026-05-19,True,13,False,0.86
1510,DONOR-WE-01510,AB+,Kolkata,West Bengal,22.57849,88.38419,+91 ******1774,2026-04-27,True,6,False,0.77
1511,DONOR-TA-01511,B+,Chennai,Tamil Nadu,13.08716,80.25803,+91 ******9859,2026-02-14,True,6,True,0.76
1512,DONOR-HA-01512,B+,Gurugram,Haryana,28.46752,77.01381,+91 ******5791,2026-02-27,True,14,True,0.94
1513,DONOR-WE-01513,B+,Kolkata,West Bengal,22.55863,88.35707,+91 ******5148,2025-10-19,True,6,True,0.86
1514,DONOR-TA-01514,AB-,Chennai,Tamil Nadu,13.10807,80.30688,+91 ******1700,2026-05-31,True,9,True,0.97
1515,DONOR-HA-01515,B-,Gurugram,Haryana,28.46938,77.03062,+91 ******3285,2026-06-03,True,14,True,0.68
1516,DONOR-WE-01516,A-,Kolkata,West Bengal,22.61067,88.41295,+91 ******1687,2025-11-18,True,10,False,0.96
1517,DONOR-HA-01517,A-,Gurugram,Haryana,28.48347,77.045,+91 ******9014,2026-03-05,True,6,True,0.91
1518,DONOR-WE-01518,O+,Kolkata,West Bengal,22.57491,88.39584,+91 ******6752,2026-05-03,True,12,True,0.69
1519,DONOR-TA-01519,A-,Chennai,Tamil Nadu,13.04827,80.29009,+91 ******1009,2026-05-19,True,8,False,0.67
1520,DONOR-KA-01520,A-,Bengaluru,Karnataka,12.94578,77.58521,+91 ******9879,2026-05-08,True,14,False,0.66
1521,DONOR-KA-01521,A-,Bengaluru,Karnataka,12.93371,77.56317,+91 ******2168,2025-09-09,True,5,True,0.69
1522,DONOR-TE-01522,AB-,Hyderabad,Telangana,17.40116,78.43776,+91 ******5918,2025-10-22,True,7,True,0.75
1523,DONOR-TA-01523,A+,Chennai,Tamil Nadu,13.09622,80.28003,+91 ******9050,2025-09-10,True,8,True,0.66
1524,DONOR-TA-01524,O+,Chennai,Tamil Nadu,13.11882,80.25908,+91 ******2605,2025-11-21,True,12,True,0.94
1525,DONOR-TA-01525,O-,Chennai,Tamil Nadu,13.13216,80.2587,+91 ******2422,2025-12-17,True,5,True,0.68
1526,DONOR-UT-01526,A+,Noida,Uttar Pradesh,28.53097,77.41591,+91 ******8688,2026-04-22,True,6,True,0.91
1527,DONOR-TA-01527,A+,Chennai,Tamil Nadu,13.05436,80.26176,+91 ******3103,2026-08-18,False,9,True,0.82
1528,DONOR-TA-01528,AB+,Chennai,Tamil Nadu,13.06017,80.2772,+91 ******1798,2025-11-22,True,10,False,0.82
1529,DONOR-HA-01529,AB+,Gurugram,Haryana,28.49973,77.00594,+91 ******1652,2026-06-01,True,10,True,0.69
1530,DONOR-HA-01530,B-,Gurugram,Haryana,28.50636,76.98428,+91 ******8966,2025-12-20,True,1,True,0.9
1531,DONOR-HA-01531,AB-,Gurugram,Haryana,28.48675,76.98099,+91 ******4660,2026-05-22,True,14,True,0.93
1532,DONOR-MA-01532,B+,Mumbai,Maharashtra,19.09738,72.90854,+91 ******2663,2026-06-25,False,3,False,0.97
1533,DONOR-DE-01533,AB-,Delhi,Delhi,28.60771,77.19567,+91 ******1336,2026-01-15,True,11,True,0.79
1534,DONOR-DE-01534,A-,Delhi,Delhi,28.59179,77.21473,+91 ******2096,2026-01-19,True,2,False,0.96
1535,DONOR-TE-01535,A-,Hyderabad,Telangana,17.38246,78.48741,+91 ******3253,2026-04-21,True,1,False,0.84
1536,DONOR-MA-01536,O-,Mumbai,Maharashtra,19.07061,72.92735,+91 ******5309,2026-02-13,True,2,True,0.87
1537,DONOR-WE-01537,AB+,Kolkata,West Bengal,22.53418,88.31788,+91 ******3414,2026-05-12,True,3,True,0.78
1538,DONOR-TE-01538,AB+,Hyderabad,Telangana,17.341,78.51551,+91 ******9594,2026-06-27,False,10,True,0.75
1539,DONOR-HA-01539,B-,Gurugram,Haryana,28.44145,77.00097,+91 ******4498,2025-12-21,True,11,True,0.81
1540,DONOR-UT-01540,A-,Noida,Uttar Pradesh,28.50274,77.3963,+91 ******9870,2025-10-06,True,3,True,0.93
1541,DONOR-HA-01541,B+,Gurugram,Haryana,28.49562,76.9834,+91 ******2189,2025-12-04,True,4,True,0.79
1542,DONOR-TE-01542,O+,Hyderabad,Telangana,17.42876,78.5195,+91 ******1977,2026-01-27,True,1,True,0.91
1543,DONOR-DE-01543,O-,Delhi,Delhi,28.58316,77.23165,+91 ******7402,2026-02-13,True,10,True,0.72
1544,DONOR-HA-01544,B+,Gurugram,Haryana,28.45744,77.07154,+91 ******7660,2025-12-06,True,4,True,0.74
1545,DONOR-UT-01545,B+,Noida,Uttar Pradesh,28.52877,77.34409,+91 ******2390,2026-07-21,False,13,True,0.77
1546,DONOR-WE-01546,AB-,Kolkata,West Bengal,22.55068,88.37892,+91 ******5972,2026-03-02,True,5,True,0.81
1547,DONOR-TA-01547,O-,Chennai,Tamil Nadu,13.07131,80.30782,+91 ******3248,2025-10-26,True,6,False,0.81
1548,DONOR-TE-01548,AB+,Hyderabad,Telangana,17.38827,78.49834,+91 ******5122,2026-07-22,False,5,True,0.85
1549,DONOR-MA-01549,AB-,Mumbai,Maharashtra,19.05731,72.91828,+91 ******4133,2026-04-23,True,5,False,0.76
1550,DONOR-WE-01550,B+,Kolkata,West Bengal,22.55045,88.37368,+91 ******4085,2025-09-15,True,13,True,0.75
1551,DONOR-TE-01551,B+,Hyderabad,Telangana,17.40626,78.49199,+91 ******8580,2026-05-11,True,2,True,0.94
1552,DONOR-MA-01552,O-,Mumbai,Maharashtra,19.04657,72.90669,+91 ******3999,2026-03-04,True,6,False,0.81
1553,DONOR-KA-01553,AB+,Bengaluru,Karnataka,13.01485,77.59051,+91 ******3397,2026-03-02,True,10,False,0.69
1554,DONOR-WE-01554,B-,Kolkata,West Bengal,22.60391,88.41229,+91 ******2090,2026-08-22,False,13,True,0.96
1555,DONOR-TA-01555,O+,Chennai,Tamil Nadu,13.12618,80.27576,+91 ******9374,2026-04-04,True,4,False,0.97
1556,DONOR-TA-01556,A-,Chennai,Tamil Nadu,13.09223,80.26834,+91 ******6130,2026-02-06,True,3,False,0.77
1557,DONOR-DE-01557,AB+,Delhi,Delhi,28.568,77.16603,+91 ******9986,2026-06-29,False,3,True,0.96
1558,DONOR-WE-01558,A+,Kolkata,West Bengal,22.54309,88.40303,+91 ******1981,2025-11-06,True,2,True,0.86
1559,DONOR-KA-01559,AB-,Bengaluru,Karnataka,12.95002,77.56867,+91 ******5370,2026-05-03,True,14,False,0.66
1560,DONOR-TE-01560,A+,Hyderabad,Telangana,17.41124,78.45388,+91 ******4328,2026-02-08,True,3,False,0.89
1561,DONOR-KA-01561,B-,Bengaluru,Karnataka,13.00256,77.55706,+91 ******7658,2026-04-19,True,4,True,0.7
1562,DONOR-HA-01562,AB+,Gurugram,Haryana,28.50126,77.00455,+91 ******4912,2026-08-22,False,7,True,0.85
1563,DONOR-WE-01563,O-,Kolkata,West Bengal,22.56722,88.33712,+91 ******7693,2026-07-13,False,8,False,0.94
1564,DONOR-WE-01564,O+,Kolkata,West Bengal,22.5249,88.39041,+91 ******9053,2026-05-10,True,13,True,0.76
1565,DONOR-DE-01565,AB-,Delhi,Delhi,28.6138,77.22056,+91 ******4366,2026-01-09,True,3,True,0.85
1566,DONOR-WE-01566,AB-,Kolkata,West Bengal,22.53944,88.3543,+91 ******6148,2026-05-04,True,7,False,0.89
1567,DONOR-MA-01567,A-,Mumbai,Maharashtra,19.06394,72.91547,+91 ******4998,2026-08-11,False,8,True,0.66
1568,DONOR-TE-01568,O+,Hyderabad,Telangana,17.37095,78.43875,+91 ******8296,2026-01-12,True,2,True,0.76
1569,DONOR-KA-01569,B+,Bengaluru,Karnataka,12.95826,77.64431,+91 ******3590,2025-12-21,True,4,True,0.86
1570,DONOR-MA-01570,B-,Mumbai,Maharashtra,19.11059,72.92562,+91 ******1786,2026-02-18,True,2,True,0.7
1571,DONOR-DE-01571,B+,Delhi,Delhi,28.58894,77.21153,+91 ******8423,2026-04-15,True,5,False,0.79
1572,DONOR-HA-01572,B-,Gurugram,Haryana,28.43241,77.00776,+91 ******2094,2025-11-30,True,14,False,0.67
1573,DONOR-HA-01573,B-,Gurugram,Haryana,28.43832,77.02362,+91 ******3751,2026-01-19,True,1,True,0.71
1574,DONOR-UT-01574,A-,Noida,Uttar Pradesh,28.49224,77.35115,+91 ******9748,2026-05-24,True,13,True,0.9
1575,DONOR-HA-01575,AB-,Gurugram,Haryana,28.42477,77.06982,+91 ******1143,2026-04-20,True,14,False,0.74
1576,DONOR-DE-01576,B+,Delhi,Delhi,28.61399,77.24848,+91 ******3211,2026-02-03,True,1,True,0.93
1577,DONOR-MA-01577,O-,Mumbai,Maharashtra,19.11217,72.91113,+91 ******5575,2025-11-03,True,4,True,0.88
1578,DONOR-MA-01578,O+,Mumbai,Maharashtra,19.04221,72.8883,+91 ******2098,2026-08-02,False,3,False,0.8
1579,DONOR-TA-01579,O-,Chennai,Tamil Nadu,13.10045,80.2602,+91 ******7617,2025-11-19,True,11,True,0.77
1580,DONOR-WE-01580,O-,Kolkata,West Bengal,22.59776,88.36625,+91 ******3734,2026-01-27,True,3,True,0.72
1581,DONOR-TE-01581,O+,Hyderabad,Telangana,17.41919,78.44825,+91 ******7268,2026-01-24,True,5,True,0.75
1582,DONOR-MA-01582,O-,Mumbai,Maharashtra,19.10103,72.84926,+91 ******3411,2025-10-01,True,14,True,0.9
1583,DONOR-HA-01583,A+,Gurugram,Haryana,28.47441,77.0068,+91 ******3331,2026-04-20,True,4,True,0.73
1584,DONOR-WE-01584,B+,Kolkata,West Bengal,22.56923,88.36042,+91 ******8590,2026-05-11,True,7,True,0.73
1585,DONOR-HA-01585,A+,Gurugram,Haryana,28.4992,77.06887,+91 ******7128,2026-03-25,True,6,True,0.78
1586,DONOR-WE-01586,A+,Kolkata,West Bengal,22.53041,88.3433,+91 ******8816,2025-12-04,True,14,True,0.67
1587,DONOR-TE-01587,A-,Hyderabad,Telangana,17.35435,78.5289,+91 ******1181,2026-05-31,True,3,True,0.84
1588,DONOR-DE-01588,A+,Delhi,Delhi,28.56637,77.18087,+91 ******7082,2025-11-30,True,8,True,0.91
1589,DONOR-TA-01589,A-,Chennai,Tamil Nadu,13.06739,80.25335,+91 ******1834,2026-02-16,True,8,True,0.79
1590,DONOR-DE-01590,A-,Delhi,Delhi,28.63053,77.2138,+91 ******9289,2025-11-07,True,3,True,0.77
1591,DONOR-TA-01591,B-,Chennai,Tamil Nadu,13.10584,80.28422,+91 ******3329,2026-06-11,False,2,True,0.74
1592,DONOR-MA-01592,O+,Mumbai,Maharashtra,19.03019,72.85799,+91 ******4186,2026-06-16,False,10,False,0.91
1593,DONOR-HA-01593,A-,Gurugram,Haryana,28.45219,77.03342,+91 ******1009,2026-05-08,True,3,True,0.74
1594,DONOR-TA-01594,A-,Chennai,Tamil Nadu,13.1114,80.24261,+91 ******9085,2026-05-31,True,2,True,0.92
1595,DONOR-TE-01595,AB-,Hyderabad,Telangana,17.39668,78.53465,+91 ******5228,2025-12-26,True,11,True,0.82
1596,DONOR-KA-01596,A+,Bengaluru,Karnataka,13.00222,77.62243,+91 ******4706,2026-04-20,True,7,True,0.76
1597,DONOR-KA-01597,AB+,Bengaluru,Karnataka,12.97149,77.61703,+91 ******1840,2026-01-28,True,13,True,0.69
1598,DONOR-HA-01598,O-,Gurugram,Haryana,28.465,77.06105,+91 ******5075,2026-05-03,True,3,True,0.88
1599,DONOR-TE-01599,AB+,Hyderabad,Telangana,17.37626,78.47669,+91 ******6426,2025-11-06,True,2,False,0.86
1600,DONOR-UT-01600,O+,Noida,Uttar Pradesh,28.563,77.43361,+91 ******8137,2026-07-25,False,14,True,0.79
1601,DONOR-DE-01601,O-,Delhi,Delhi,28.59728,77.19604,+91 ******4861,2026-03-19,True,8,True,0.78
1602,DONOR-MA-01602,B+,Mumbai,Maharashtra,19.06653,72.91265,+91 ******4985,2026-03-30,True,6,False,0.76
1603,DONOR-WE-01603,B+,Kolkata,West Bengal,22.60792,88.32397,+91 ******1139,2026-07-12,False,9,True,0.95
1604,DONOR-HA-01604,B+,Gurugram,Haryana,28.50868,76.97681,+91 ******1535,2026-05-25,True,5,True,0.77
1605,DONOR-TE-01605,AB-,Hyderabad,Telangana,17.40161,78.44545,+91 ******6075,2026-05-31,True,2,False,0.84
1606,DONOR-DE-01606,O+,Delhi,Delhi,28.62534,77.24114,+91 ******3784,2026-05-17,True,14,True,0.69
1607,DONOR-KA-01607,B+,Bengaluru,Karnataka,12.98314,77.59721,+91 ******5660,2025-10-14,True,2,True,0.93
1608,DONOR-HA-01608,B-,Gurugram,Haryana,28.47385,77.04659,+91 ******9133,2026-07-05,False,12,False,0.78
1609,DONOR-TE-01609,AB+,Hyderabad,Telangana,17.4015,78.50619,+91 ******6877,2026-01-04,True,5,True,0.92
1610,DONOR-WE-01610,B-,Kolkata,West Bengal,22.6033,88.33741,+91 ******6351,2026-03-18,True,4,True,0.88
1611,DONOR-DE-01611,A-,Delhi,Delhi,28.57185,77.21777,+91 ******3419,2026-06-24,False,8,False,0.89
1612,DONOR-KA-01612,O-,Bengaluru,Karnataka,12.99864,77.61337,+91 ******4919,2025-10-31,True,7,True,0.96
1613,DONOR-KA-01613,AB-,Bengaluru,Karnataka,13.01534,77.56558,+91 ******1554,2025-12-24,True,3,True,0.76
1614,DONOR-DE-01614,B+,Delhi,Delhi,28.56704,77.24431,+91 ******7382,2026-04-16,True,14,True,0.87
1615,DONOR-WE-01615,AB-,Kolkata,West Bengal,22.60097,88.40016,+91 ******3177,2026-01-05,True,12,True,0.79
1616,DONOR-TE-01616,B+,Hyderabad,Telangana,17.43081,78.51185,+91 ******1121,2026-05-21,True,5,True,0.81
1617,DONOR-TE-01617,O-,Hyderabad,Telangana,17.34982,78.52512,+91 ******9401,2026-04-23,True,5,True,0.89
1618,DONOR-WE-01618,AB-,Kolkata,West Bengal,22.52644,88.31482,+91 ******6619,2026-02-20,True,6,False,0.81
1619,DONOR-MA-01619,AB+,Mumbai,Maharashtra,19.04711,72.86095,+91 ******9273,2025-09-20,True,9,True,0.82
1620,DONOR-MA-01620,AB+,Mumbai,Maharashtra,19.06949,72.92268,+91 ******8453,2026-08-03,False,9,True,0.8
1621,DONOR-KA-01621,O-,Bengaluru,Karnataka,12.95486,77.58533,+91 ******2028,2025-10-06,True,14,True,0.96
1622,DONOR-MA-01622,AB+,Mumbai,Maharashtra,19.11831,72.91118,+91 ******8360,2026-05-01,True,5,True,0.93
1623,DONOR-MA-01623,A+,Mumbai,Maharashtra,19.09284,72.88566,+91 ******5347,2026-02-02,True,9,False,0.72
1624,DONOR-TA-01624,AB+,Chennai,Tamil Nadu,13.0566,80.22093,+91 ******2246,2026-07-30,False,9,True,0.83
1625,DONOR-WE-01625,A+,Kolkata,West Bengal,22.52423,88.40075,+91 ******6016,2025-09-30,True,8,True,0.72
1626,DONOR-KA-01626,B+,Bengaluru,Karnataka,12.99957,77.63012,+91 ******6383,2026-02-05,True,9,True,0.65
1627,DONOR-WE-01627,A-,Kolkata,West Bengal,22.53057,88.37858,+91 ******1338,2025-12-21,True,3,True,0.89
1628,DONOR-HA-01628,O+,Gurugram,Haryana,28.47525,77.04378,+91 ******3651,2026-01-23,True,4,True,0.77
1629,DONOR-KA-01629,A-,Bengaluru,Karnataka,12.95255,77.59883,+91 ******2123,2025-11-16,True,3,True,0.93
1630,DONOR-DE-01630,A-,Delhi,Delhi,28.65926,77.1656,+91 ******3932,2026-04-07,True,13,True,0.69
1631,DONOR-TA-01631,A-,Chennai,Tamil Nadu,13.08378,80.26882,+91 ******5559,2025-10-13,True,6,True,0.77
1632,DONOR-WE-01632,A-,Kolkata,West Bengal,22.60326,88.36843,+91 ******1298,2026-04-17,True,2,False,0.76
1633,DONOR-MA-01633,A+,Mumbai,Maharashtra,19.07387,72.92017,+91 ******6757,2025-10-04,True,6,True,0.91
1634,DONOR-WE-01634,B+,Kolkata,West Bengal,22.53296,88.36514,+91 ******4479,2026-01-29,True,4,True,0.81
1635,DONOR-UT-01635,O-,Noida,Uttar Pradesh,28.58311,77.41547,+91 ******9099,2025-09-21,True,7,True,0.77
1636,DONOR-DE-01636,A+,Delhi,Delhi,28.56754,77.17781,+91 ******6823,2025-11-04,True,11,True,0.86
1637,DONOR-WE-01637,A-,Kolkata,West Bengal,22.59757,88.31464,+91 ******8593,2026-03-15,True,3,True,0.85
1638,DONOR-UT-01638,A-,Noida,Uttar Pradesh,28.54479,77.38834,+91 ******6582,2025-11-13,True,10,True,0.91
1639,DONOR-TE-01639,A+,Hyderabad,Telangana,17.3596,78.49041,+91 ******5807,2026-01-18,True,14,False,0.96
1640,DONOR-HA-01640,AB-,Gurugram,Haryana,28.47909,77.05817,+91 ******5598,2026-06-06,True,14,True,0.67
1641,DONOR-TE-01641,A+,Hyderabad,Telangana,17.34251,78.46754,+91 ******7666,2026-03-23,True,1,True,0.76
1642,DONOR-UT-01642,AB-,Noida,Uttar Pradesh,28.57245,77.43414,+91 ******2640,2025-10-19,True,2,False,0.74
1643,DONOR-TE-01643,A-,Hyderabad,Telangana,17.36683,78.44907,+91 ******4478,2025-11-01,True,4,False,0.75
1644,DONOR-UT-01644,AB+,Noida,Uttar Pradesh,28.56666,77.39589,+91 ******9946,2025-11-01,True,9,True,0.68
1645,DONOR-WE-01645,AB-,Kolkata,West Bengal,22.59783,88.31797,+91 ******2523,2026-01-20,True,5,True,0.7
1646,DONOR-UT-01646,A+,Noida,Uttar Pradesh,28.5804,77.39983,+91 ******8814,2026-06-30,False,8,True,0.78
1647,DONOR-UT-01647,A-,Noida,Uttar Pradesh,28.51193,77.40009,+91 ******5056,2025-11-09,True,6,False,0.86
1648,DONOR-UT-01648,B+,Noida,Uttar Pradesh,28.54858,77.34268,+91 ******3075,2026-05-04,True,12,True,0.94
1649,DONOR-MA-01649,B-,Mumbai,Maharashtra,19.12496,72.82823,+91 ******5477,2025-11-29,True,8,True,0.67
1650,DONOR-MA-01650,AB-,Mumbai,Maharashtra,19.08733,72.86654,+91 ******5795,2025-11-26,True,3,True,0.84
1651,DONOR-KA-01651,AB+,Bengaluru,Karnataka,12.94854,77.60624,+91 ******7884,2026-06-21,False,11,True,0.65
1652,DONOR-UT-01652,B+,Noida,Uttar Pradesh,28.52605,77.36012,+91 ******3100,2026-04-16,True,14,True,0.69
1653,DONOR-MA-01653,A-,Mumbai,Maharashtra,19.03924,72.83172,+91 ******1762,2026-04-18,True,11,True,0.97
1654,DONOR-KA-01654,A-,Bengaluru,Karnataka,13.01754,77.60206,+91 ******4443,2025-09-24,True,14,True,0.79
1655,DONOR-TE-01655,AB-,Hyderabad,Telangana,17.35563,78.45114,+91 ******3019,2025-09-26,True,6,True,0.77
1656,DONOR-KA-01656,B-,Bengaluru,Karnataka,12.96594,77.56475,+91 ******3390,2025-10-02,True,7,True,0.94
1657,DONOR-MA-01657,AB+,Mumbai,Maharashtra,19.07499,72.92261,+91 ******1801,2026-01-12,True,1,True,0.7
1658,DONOR-DE-01658,A-,Delhi,Delhi,28.63873,77.21143,+91 ******7773,2026-05-11,True,5,False,0.74
1659,DONOR-WE-01659,O-,Kolkata,West Bengal,22.59951,88.36122,+91 ******2069,2025-11-25,True,6,True,0.72
1660,DONOR-MA-01660,AB+,Mumbai,Maharashtra,19.09484,72.85526,+91 ******7399,2025-12-22,True,3,True,0.79
1661,DONOR-HA-01661,B-,Gurugram,Haryana,28.41121,77.00004,+91 ******7300,2025-12-18,True,9,True,0.96
1662,DONOR-UT-01662,AB+,Noida,Uttar Pradesh,28.51227,77.37808,+91 ******2619,2026-04-15,True,14,True,0.91
1663,DONOR-WE-01663,AB+,Kolkata,West Bengal,22.52463,88.37062,+91 ******4952,2026-06-30,False,5,True,0.9
1664,DONOR-HA-01664,A+,Gurugram,Haryana,28.47225,77.07435,+91 ******3442,2026-08-22,False,6,True,0.9
1665,DONOR-WE-01665,A-,Kolkata,West Bengal,22.5794,88.31405,+91 ******4069,2026-05-16,True,12,True,0.9
1666,DONOR-KA-01666,AB-,Bengaluru,Karnataka,12.9912,77.57179,+91 ******7585,2026-05-13,True,2,True,0.86
1667,DONOR-MA-01667,B-,Mumbai,Maharashtra,19.05847,72.91348,+91 ******8723,2026-02-22,True,9,True,0.73
1668,DONOR-DE-01668,O+,Delhi,Delhi,28.63287,77.16932,+91 ******4789,2026-06-14,False,14,False,0.8
1669,DONOR-UT-01669,B+,Noida,Uttar Pradesh,28.49576,77.43998,+91 ******8229,2025-11-16,True,4,True,0.72
1670,DONOR-UT-01670,A-,Noida,Uttar Pradesh,28.48916,77.34217,+91 ******7703,2025-10-27,True,5,True,0.94
1671,DONOR-MA-01671,A-,Mumbai,Maharashtra,19.03535,72.92006,+91 ******2946,2025-10-14,True,13,False,0.85
1672,DONOR-MA-01672,A+,Mumbai,Maharashtra,19.03042,72.8966,+91 ******3736,2025-11-19,True,14,True,0.98
1673,DONOR-WE-01673,AB+,Kolkata,West Bengal,22.61135,88.32391,+91 ******4757,2025-12-09,True,1,True,0.77
1674,DONOR-TE-01674,A-,Hyderabad,Telangana,17.41033,78.49233,+91 ******1440,2026-05-31,True,11,True,0.87
1675,DONOR-MA-01675,B-,Mumbai,Maharashtra,19.04321,72.8434,+91 ******3939,2026-07-31,False,14,False,0.69
1676,DONOR-TA-01676,A+,Chennai,Tamil Nadu,13.03883,80.26565,+91 ******3203,2025-10-11,True,2,True,0.89
1677,DONOR-TE-01677,B+,Hyderabad,Telangana,17.39771,78.52472,+91 ******8074,2026-03-23,True,12,False,0.95
1678,DONOR-TA-01678,B+,Chennai,Tamil Nadu,13.07051,80.23784,+91 ******9733,2026-08-06,False,11,True,0.79
1679,DONOR-UT-01679,A-,Noida,Uttar Pradesh,28.56194,77.36218,+91 ******7800,2026-06-06,True,7,False,0.92
1680,DONOR-KA-01680,AB-,Bengaluru,Karnataka,12.99297,77.61597,+91 ******9697,2025-09-11,True,8,False,0.98
1681,DONOR-MA-01681,AB+,Mumbai,Maharashtra,19.12136,72.87019,+91 ******8292,2025-10-15,True,6,False,0.72
1682,DONOR-DE-01682,A-,Delhi,Delhi,28.58353,77.18855,+91 ******8616,2025-11-22,True,14,True,0.91
1683,DONOR-HA-01683,O-,Gurugram,Haryana,28.49958,76.99957,+91 ******2854,2025-11-23,True,7,True,0.84
1684,DONOR-HA-01684,B-,Gurugram,Haryana,28.41478,76.99458,+91 ******3071,2026-04-27,True,1,True,0.85
1685,DONOR-UT-01685,A-,Noida,Uttar Pradesh,28.50965,77.39623,+91 ******9602,2026-03-03,True,5,False,0.83
1686,DONOR-HA-01686,B-,Gurugram,Haryana,28.4139,77.02565,+91 ******3289,2026-05-10,True,12,True,0.82
1687,DONOR-TA-01687,AB-,Chennai,Tamil Nadu,13.03984,80.29279,+91 ******2313,2025-11-17,True,8,False,0.74
1688,DONOR-TE-01688,A+,Hyderabad,Telangana,17.338,78.51325,+91 ******1396,2026-08-10,False,2,True,0.9
1689,DONOR-UT-01689,AB-,Noida,Uttar Pradesh,28.49376,77.36004,+91 ******8192,2026-07-04,False,1,True,0.9
1690,DONOR-DE-01690,A-,Delhi,Delhi,28.63582,77.25784,+91 ******7210,2026-03-16,True,13,True,0.86
1691,DONOR-KA-01691,O-,Bengaluru,Karnataka,12.94768,77.5531,+91 ******9847,2026-06-09,True,5,True,0.95
1692,DONOR-UT-01692,A+,Noida,Uttar Pradesh,28.50056,77.42344,+91 ******9215,2026-03-29,True,6,True,0.66
1693,DONOR-WE-01693,AB+,Kolkata,West Bengal,22.56933,88.31831,+91 ******1045,2026-07-29,False,4,True,0.86
1694,DONOR-UT-01694,O+,Noida,Uttar Pradesh,28.52165,77.39259,+91 ******3456,2025-11-25,True,7,True,0.73
1695,DONOR-HA-01695,A+,Gurugram,Haryana,28.48927,77.02777,+91 ******7054,2026-03-12,True,6,True,0.71
1696,DONOR-WE-01696,A+,Kolkata,West Bengal,22.59556,88.36915,+91 ******8696,2026-08-03,False,7,False,0.79
1697,DONOR-TA-01697,B+,Chennai,Tamil Nadu,13.09451,80.29935,+91 ******9615,2026-08-15,False,3,False,0.74
1698,DONOR-DE-01698,A-,Delhi,Delhi,28.65671,77.24553,+91 ******9660,2026-04-16,True,9,True,0.89
1699,DONOR-KA-01699,O-,Bengaluru,Karnataka,12.98416,77.57047,+91 ******3907,2025-09-28,True,8,True,0.73
1700,DONOR-MA-01700,O+,Mumbai,Maharashtra,19.06381,72.90409,+91 ******2051,2025-11-26,True,5,False,0.87
1701,DONOR-HA-01701,AB+,Gurugram,Haryana,28.47916,77.03851,+91 ******3799,2026-03-25,True,7,False,0.66
1702,DONOR-WE-01702,B-,Kolkata,West Bengal,22.59825,88.32695,+91 ******8059,2025-11-26,True,2,True,0.91
1703,DONOR-UT-01703,O+,Noida,Uttar Pradesh,28.5317,77.34508,+91 ******5777,2026-02-05,True,3,True,0.9
1704,DONOR-KA-01704,AB-,Bengaluru,Karnataka,13.00823,77.54883,+91 ******4753,2026-01-29,True,6,True,0.71
1705,DONOR-MA-01705,O-,Mumbai,Maharashtra,19.12192,72.91884,+91 ******2386,2026-08-12,False,7,True,0.91
1706,DONOR-KA-01706,A+,Bengaluru,Karnataka,12.9729,77.6406,+91 ******9277,2025-11-25,True,13,False,0.69
1707,DONOR-MA-01707,AB-,Mumbai,Maharashtra,19.08161,72.8778,+91 ******5512,2026-05-24,True,12,True,0.8
1708,DONOR-DE-01708,AB+,Delhi,Delhi,28.63127,77.19299,+91 ******1942,2026-03-28,True,4,False,0.72
1709,DONOR-TE-01709,A-,Hyderabad,Telangana,17.35443,78.48932,+91 ******6162,2025-10-27,True,7,True,0.92
1710,DONOR-UT-01710,O-,Noida,Uttar Pradesh,28.49451,77.41213,+91 ******9621,2026-01-03,True,12,True,0.69
1711,DONOR-DE-01711,B-,Delhi,Delhi,28.62455,77.17886,+91 ******2497,2025-10-24,True,8,False,0.78
1712,DONOR-TE-01712,A-,Hyderabad,Telangana,17.43494,78.44062,+91 ******1569,2026-01-27,True,2,True,0.85
1713,DONOR-TA-01713,O-,Chennai,Tamil Nadu,13.10854,80.25344,+91 ******2561,2026-02-05,True,9,True,0.91
1714,DONOR-DE-01714,A-,Delhi,Delhi,28.56497,77.17748,+91 ******1481,2026-08-10,False,6,True,0.69
1715,DONOR-HA-01715,O+,Gurugram,Haryana,28.49326,77.02899,+91 ******5004,2026-08-17,False,6,True,0.88
1716,DONOR-KA-01716,O+,Bengaluru,Karnataka,12.99453,77.6269,+91 ******2961,2025-10-22,True,1,True,0.87
1717,DONOR-WE-01717,A-,Kolkata,West Bengal,22.55939,88.39311,+91 ******1949,2026-06-16,False,5,True,0.92
1718,DONOR-KA-01718,O-,Bengaluru,Karnataka,12.93249,77.57382,+91 ******7504,2026-04-27,True,6,True,0.84
1719,DONOR-WE-01719,B+,Kolkata,West Bengal,22.54207,88.39539,+91 ******4532,2026-06-04,True,2,False,0.74
1720,DONOR-TE-01720,B+,Hyderabad,Telangana,17.37683,78.44592,+91 ******5816,2026-08-05,False,9,True,0.96
1721,DONOR-DE-01721,O-,Delhi,Delhi,28.64686,77.22205,+91 ******4893,2026-03-04,True,7,True,0.97
1722,DONOR-DE-01722,A+,Delhi,Delhi,28.61583,77.1686,+91 ******7988,2026-06-19,False,1,True,0.94
1723,DONOR-DE-01723,A-,Delhi,Delhi,28.61593,77.17932,+91 ******7518,2026-02-05,True,14,True,0.66
1724,DONOR-HA-01724,B+,Gurugram,Haryana,28.47799,76.98387,+91 ******2637,2026-05-07,True,13,False,0.95
1725,DONOR-TE-01725,O+,Hyderabad,Telangana,17.34021,78.47968,+91 ******4004,2025-11-15,True,10,False,0.86
1726,DONOR-TA-01726,AB+,Chennai,Tamil Nadu,13.07515,80.27684,+91 ******4454,2026-06-11,False,5,True,0.66
1727,DONOR-MA-01727,B-,Mumbai,Maharashtra,19.0564,72.88315,+91 ******8330,2025-11-26,True,6,False,0.81
1728,DONOR-HA-01728,A-,Gurugram,Haryana,28.45025,76.9978,+91 ******7132,2025-09-27,True,1,False,0.77
1729,DONOR-DE-01729,AB+,Delhi,Delhi,28.62447,77.16375,+91 ******2062,2026-02-16,True,5,True,0.96
1730,DONOR-TA-01730,O+,Chennai,Tamil Nadu,13.13189,80.27899,+91 ******7600,2026-05-31,True,13,True,0.92
1731,DONOR-KA-01731,A-,Bengaluru,Karnataka,13.00463,77.60877,+91 ******8474,2025-10-20,True,9,False,0.83
1732,DONOR-TE-01732,B+,Hyderabad,Telangana,17.39293,78.50038,+91 ******5066,2025-11-05,True,6,True,0.75
1733,DONOR-KA-01733,B-,Bengaluru,Karnataka,12.97855,77.62383,+91 ******3869,2026-05-16,True,2,False,0.91
1734,DONOR-MA-01734,A+,Mumbai,Maharashtra,19.05544,72.84183,+91 ******7622,2026-01-15,True,7,True,0.66
1735,DONOR-TA-01735,A+,Chennai,Tamil Nadu,13.0482,80.28472,+91 ******7843,2026-01-01,True,11,True,0.9
1736,DONOR-KA-01736,B-,Bengaluru,Karnataka,12.97777,77.64407,+91 ******9519,2026-04-29,True,6,True,0.85
1737,DONOR-TE-01737,A+,Hyderabad,Telangana,17.40002,78.52655,+91 ******3269,2025-11-30,True,14,True,0.74
1738,DONOR-DE-01738,B+,Delhi,Delhi,28.65363,77.255,+91 ******2930,2025-09-18,True,12,True,0.79
1739,DONOR-DE-01739,AB-,Delhi,Delhi,28.61883,77.2439,+91 ******7655,2026-06-09,True,9,True,0.79
1740,DONOR-KA-01740,AB-,Bengaluru,Karnataka,12.93095,77.59966,+91 ******7198,2025-11-03,True,7,True,0.95
1741,DONOR-MA-01741,B+,Mumbai,Maharashtra,19.02749,72.87589,+91 ******2609,2026-01-17,True,13,False,0.82
1742,DONOR-TE-01742,AB+,Hyderabad,Telangana,17.43305,78.51174,+91 ******4146,2026-04-17,True,7,True,0.73
1743,DONOR-KA-01743,B+,Bengaluru,Karnataka,13.00658,77.57179,+91 ******1482,2026-08-03,False,8,True,0.65
1744,DONOR-WE-01744,A+,Kolkata,West Bengal,22.58264,88.40463,+91 ******2025,2026-02-05,True,2,True,0.9
1745,DONOR-MA-01745,A+,Mumbai,Maharashtra,19.03351,72.89453,+91 ******6486,2025-10-14,True,1,True,0.77
1746,DONOR-DE-01746,AB-,Delhi,Delhi,28.62511,77.18692,+91 ******2198,2026-03-26,True,1,True,0.91
1747,DONOR-MA-01747,B+,Mumbai,Maharashtra,19.11318,72.92264,+91 ******7736,2025-09-29,True,1,True,0.72
1748,DONOR-KA-01748,AB+,Bengaluru,Karnataka,12.94861,77.63417,+91 ******8253,2026-01-10,True,7,False,0.89
1749,DONOR-TA-01749,B+,Chennai,Tamil Nadu,13.12124,80.2933,+91 ******3130,2026-01-25,True,6,False,0.91
1750,DONOR-TA-01750,B+,Chennai,Tamil Nadu,13.1052,80.3033,+91 ******1781,2026-02-08,True,10,True,0.85
1751,DONOR-KA-01751,AB+,Bengaluru,Karnataka,12.92387,77.63826,+91 ******9741,2025-09-12,True,2,True,0.72
1752,DONOR-TA-01752,B+,Chennai,Tamil Nadu,13.05591,80.31442,+91 ******6863,2026-03-16,True,4,True,0.97
1753,DONOR-UT-01753,B-,Noida,Uttar Pradesh,28.53222,77.43372,+91 ******1174,2025-12-29,True,14,True,0.95
1754,DONOR-UT-01754,B-,Noida,Uttar Pradesh,28.49336,77.35734,+91 ******2845,2026-02-10,True,13,True,0.92
1755,DONOR-TE-01755,O+,Hyderabad,Telangana,17.34824,78.48627,+91 ******6651,2025-11-03,True,2,False,0.8
1756,DONOR-KA-01756,A+,Bengaluru,Karnataka,12.95231,77.60386,+91 ******6292,2026-05-29,True,3,True,0.75
1757,DONOR-DE-01757,A+,Delhi,Delhi,28.66121,77.16845,+91 ******5665,2026-04-04,True,4,True,0.88
1758,DONOR-UT-01758,O-,Noida,Uttar Pradesh,28.52534,77.39442,+91 ******8589,2026-06-12,False,11,True,0.95
1759,DONOR-UT-01759,B+,Noida,Uttar Pradesh,28.4869,77.35715,+91 ******9053,2026-07-07,False,2,True,0.74
1760,DONOR-WE-01760,B-,Kolkata,West Bengal,22.53976,88.36851,+91 ******8175,2025-12-15,True,13,True,0.92
1761,DONOR-MA-01761,AB-,Mumbai,Maharashtra,19.11366,72.91251,+91 ******9904,2026-05-25,True,7,False,0.73
1762,DONOR-TA-01762,O+,Chennai,Tamil Nadu,13.12868,80.22299,+91 ******9922,2025-10-26,True,7,True,0.98
1763,DONOR-TA-01763,O+,Chennai,Tamil Nadu,13.08053,80.22681,+91 ******4865,2025-12-12,True,9,True,0.7
1764,DONOR-DE-01764,A-,Delhi,Delhi,28.60041,77.15923,+91 ******3353,2025-11-20,True,11,True,0.71
1765,DONOR-TE-01765,A+,Hyderabad,Telangana,17.36779,78.45262,+91 ******6997,2026-02-03,True,13,True,0.98
1766,DONOR-UT-01766,B+,Noida,Uttar Pradesh,28.55417,77.38149,+91 ******2193,2026-06-08,True,2,True,0.7
1767,DONOR-WE-01767,AB+,Kolkata,West Bengal,22.61949,88.3894,+91 ******9753,2026-08-03,False,4,True,0.85
1768,DONOR-KA-01768,A+,Bengaluru,Karnataka,12.99993,77.63141,+91 ******3078,2026-06-03,True,14,True,0.66
1769,DONOR-MA-01769,AB+,Mumbai,Maharashtra,19.09223,72.88193,+91 ******5108,2025-10-21,True,11,False,0.94
1770,DONOR-TE-01770,A-,Hyderabad,Telangana,17.41961,78.49767,+91 ******2081,2025-11-13,True,5,True,0.86
1771,DONOR-TA-01771,A-,Chennai,Tamil Nadu,13.12894,80.29582,+91 ******8231,2026-08-05,False,6,True,0.73
1772,DONOR-WE-01772,A+,Kolkata,West Bengal,22.56736,88.36166,+91 ******4059,2025-11-20,True,10,True,0.78
1773,DONOR-UT-01773,O-,Noida,Uttar Pradesh,28.58185,77.34735,+91 ******8559,2025-10-06,True,10,True,0.78
1774,DONOR-HA-01774,O-,Gurugram,Haryana,28.4952,77.03406,+91 ******9287,2026-01-12,True,12,True,0.93
1775,DONOR-HA-01775,AB-,Gurugram,Haryana,28.44151,77.03428,+91 ******1625,2025-12-14,True,11,True,0.78
1776,DONOR-HA-01776,AB+,Gurugram,Haryana,28.47773,77.05584,+91 ******1849,2026-02-16,True,1,True,0.94
1777,DONOR-WE-01777,A+,Kolkata,West Bengal,22.56069,88.37585,+91 ******1627,2026-01-02,True,11,False,0.74
1778,DONOR-HA-01778,AB+,Gurugram,Haryana,28.48734,77.01086,+91 ******5396,2026-02-13,True,3,True,0.78
1779,DONOR-WE-01779,B+,Kolkata,West Bengal,22.54221,88.3492,+91 ******5819,2025-10-14,True,11,False,0.96
1780,DONOR-KA-01780,A-,Bengaluru,Karnataka,13.00055,77.62763,+91 ******4187,2026-05-02,True,6,True,0.74
1781,DONOR-TE-01781,AB-,Hyderabad,Telangana,17.35366,78.51285,+91 ******3914,2025-12-19,True,7,False,0.84
1782,DONOR-WE-01782,AB-,Kolkata,West Bengal,22.61721,88.33607,+91 ******6625,2026-05-02,True,2,False,0.98
1783,DONOR-UT-01783,O-,Noida,Uttar Pradesh,28.54149,77.38012,+91 ******1420,2026-02-17,True,9,False,0.78
1784,DONOR-TE-01784,AB+,Hyderabad,Telangana,17.33656,78.46874,+91 ******5707,2025-12-17,True,4,False,0.75
1785,DONOR-UT-01785,A-,Noida,Uttar Pradesh,28.57328,77.43039,+91 ******2220,2025-11-01,True,8,True,0.7
1786,DONOR-MA-01786,AB+,Mumbai,Maharashtra,19.07815,72.89817,+91 ******4866,2025-10-30,True,13,False,0.93
1787,DONOR-MA-01787,A-,Mumbai,Maharashtra,19.06545,72.83652,+91 ******8433,2026-03-26,True,6,True,0.72
1788,DONOR-MA-01788,O-,Mumbai,Maharashtra,19.09889,72.86431,+91 ******7872,2026-05-06,True,12,True,0.82
1789,DONOR-MA-01789,A+,Mumbai,Maharashtra,19.10588,72.87243,+91 ******1750,2026-03-14,True,10,False,0.93
1790,DONOR-UT-01790,AB-,Noida,Uttar Pradesh,28.51385,77.41798,+91 ******1576,2026-07-10,False,3,True,0.85
1791,DONOR-UT-01791,B+,Noida,Uttar Pradesh,28.55511,77.39337,+91 ******1985,2025-11-09,True,13,True,0.74
1792,DONOR-HA-01792,O+,Gurugram,Haryana,28.433,77.02803,+91 ******6706,2025-11-11,True,3,True,0.96
1793,DONOR-WE-01793,O+,Kolkata,West Bengal,22.56421,88.40945,+91 ******9297,2025-10-29,True,13,True,0.83
1794,DONOR-KA-01794,AB-,Bengaluru,Karnataka,12.95147,77.56136,+91 ******6535,2025-12-14,True,12,True,0.74
1795,DONOR-TE-01795,AB+,Hyderabad,Telangana,17.40829,78.4789,+91 ******6199,2026-02-18,True,3,True,0.75
1796,DONOR-UT-01796,A+,Noida,Uttar Pradesh,28.58226,77.42224,+91 ******6444,2026-01-16,True,3,True,0.65
1797,DONOR-DE-01797,B-,Delhi,Delhi,28.56819,77.23916,+91 ******4761,2026-02-14,True,2,True,0.69
1798,DONOR-UT-01798,A+,Noida,Uttar Pradesh,28.56543,77.42785,+91 ******4413,2026-07-19,False,6,True,0.66
1799,DONOR-MA-01799,AB+,Mumbai,Maharashtra,19.08934,72.87027,+91 ******2644,2026-05-22,True,5,False,0.82
1800,DONOR-WE-01800,O-,Kolkata,West Bengal,22.56118,88.3759,+91 ******3360,2025-12-15,True,14,True,0.96
1801,DONOR-WE-01801,O+,Kolkata,West Bengal,22.5675,88.37763,+91 ******5795,2026-01-10,True,3,True,0.69
1802,DONOR-HA-01802,B-,Gurugram,Haryana,28.50142,77.00539,+91 ******9615,2026-07-19,False,13,True,0.88
1803,DONOR-UT-01803,B-,Noida,Uttar Pradesh,28.5592,77.36004,+91 ******3069,2026-07-22,False,10,False,0.93
1804,DONOR-DE-01804,A+,Delhi,Delhi,28.62659,77.22141,+91 ******7179,2026-07-24,False,2,True,0.79
1805,DONOR-TA-01805,A+,Chennai,Tamil Nadu,13.04872,80.29245,+91 ******6652,2025-12-29,True,9,False,0.81
1806,DONOR-UT-01806,O-,Noida,Uttar Pradesh,28.55202,77.35869,+91 ******6735,2026-05-23,True,8,True,0.9
1807,DONOR-TE-01807,B+,Hyderabad,Telangana,17.3912,78.46326,+91 ******7208,2026-06-15,False,14,True,0.66
1808,DONOR-HA-01808,O+,Gurugram,Haryana,28.47136,77.02769,+91 ******8431,2025-09-15,True,11,True,0.89
1809,DONOR-WE-01809,O-,Kolkata,West Bengal,22.52791,88.4008,+91 ******2981,2026-01-10,True,3,False,0.88
1810,DONOR-MA-01810,A+,Mumbai,Maharashtra,19.07029,72.89942,+91 ******4049,2026-05-04,True,6,False,0.7
1811,DONOR-MA-01811,AB-,Mumbai,Maharashtra,19.1001,72.91586,+91 ******7997,2026-07-03,False,11,True,0.67
1812,DONOR-KA-01812,AB-,Bengaluru,Karnataka,12.94523,77.59967,+91 ******3728,2026-04-24,True,11,True,0.97
1813,DONOR-MA-01813,A-,Mumbai,Maharashtra,19.05802,72.92167,+91 ******7846,2026-04-09,True,8,True,0.8
1814,DONOR-TA-01814,A+,Chennai,Tamil Nadu,13.05459,80.30152,+91 ******5049,2026-03-28,True,10,True,0.94
1815,DONOR-TA-01815,O-,Chennai,Tamil Nadu,13.09382,80.2932,+91 ******8320,2026-05-23,True,1,False,0.71
1816,DONOR-UT-01816,O-,Noida,Uttar Pradesh,28.50171,77.37411,+91 ******8676,2025-09-16,True,12,False,0.81
1817,DONOR-TE-01817,B+,Hyderabad,Telangana,17.34883,78.53182,+91 ******4981,2025-12-01,True,3,False,0.87
1818,DONOR-UT-01818,B-,Noida,Uttar Pradesh,28.49897,77.37743,+91 ******9978,2026-07-27,False,3,False,0.66
1819,DONOR-TA-01819,O-,Chennai,Tamil Nadu,13.09336,80.31467,+91 ******9497,2025-12-28,True,6,True,0.88
1820,DONOR-TE-01820,O+,Hyderabad,Telangana,17.40173,78.47244,+91 ******9765,2026-04-24,True,1,True,0.95
1821,DONOR-DE-01821,O+,Delhi,Delhi,28.5841,77.18681,+91 ******4871,2026-03-22,True,11,False,0.84
1822,DONOR-TE-01822,A-,Hyderabad,Telangana,17.34595,78.44334,+91 ******4441,2026-06-01,True,1,True,0.86
1823,DONOR-HA-01823,A+,Gurugram,Haryana,28.48742,77.04958,+91 ******6705,2025-10-27,True,2,True,0.81
1824,DONOR-MA-01824,O-,Mumbai,Maharashtra,19.03167,72.91002,+91 ******7808,2026-08-21,False,2,False,0.85
1825,DONOR-UT-01825,B+,Noida,Uttar Pradesh,28.54637,77.35252,+91 ******1793,2026-02-01,True,12,False,0.72
1826,DONOR-UT-01826,O-,Noida,Uttar Pradesh,28.57217,77.4334,+91 ******7719,2025-12-31,True,13,True,0.67
1827,DONOR-UT-01827,B+,Noida,Uttar Pradesh,28.49709,77.37926,+91 ******3121,2026-07-01,False,1,False,0.89
1828,DONOR-TA-01828,B-,Chennai,Tamil Nadu,13.0463,80.25499,+91 ******8170,2025-11-26,True,4,True,0.9
1829,DONOR-MA-01829,AB-,Mumbai,Maharashtra,19.0297,72.88489,+91 ******7230,2026-01-15,True,4,True,0.87
1830,DONOR-TA-01830,A-,Chennai,Tamil Nadu,13.09776,80.28721,+91 ******9535,2026-03-22,True,3,True,0.74
1831,DONOR-UT-01831,B+,Noida,Uttar Pradesh,28.49451,77.34327,+91 ******7468,2025-11-11,True,6,True,0.84
1832,DONOR-TE-01832,B+,Hyderabad,Telangana,17.4332,78.45171,+91 ******7153,2026-03-30,True,1,True,0.85
1833,DONOR-TE-01833,A+,Hyderabad,Telangana,17.43446,78.4717,+91 ******2081,2026-02-10,True,13,True,0.89
1834,DONOR-TE-01834,A-,Hyderabad,Telangana,17.34782,78.50616,+91 ******1279,2025-12-12,True,4,True,0.69
1835,DONOR-KA-01835,AB-,Bengaluru,Karnataka,12.94068,77.63812,+91 ******6351,2025-11-15,True,7,True,0.95
1836,DONOR-MA-01836,A+,Mumbai,Maharashtra,19.11063,72.85364,+91 ******3558,2026-07-16,False,3,True,0.96
1837,DONOR-WE-01837,O-,Kolkata,West Bengal,22.53491,88.37533,+91 ******4781,2025-12-21,True,5,False,0.85
1838,DONOR-DE-01838,O+,Delhi,Delhi,28.60821,77.23115,+91 ******8065,2026-07-11,False,14,True,0.79
1839,DONOR-HA-01839,AB-,Gurugram,Haryana,28.42215,77.00474,+91 ******2753,2025-09-25,True,6,False,0.94
1840,DONOR-DE-01840,B-,Delhi,Delhi,28.58608,77.23003,+91 ******1530,2026-03-30,True,1,False,0.85
1841,DONOR-WE-01841,AB-,Kolkata,West Bengal,22.61826,88.37034,+91 ******8396,2025-09-30,True,7,True,0.75
1842,DONOR-UT-01842,AB+,Noida,Uttar Pradesh,28.52259,77.40001,+91 ******7094,2026-02-26,True,7,True,0.96
1843,DONOR-KA-01843,O+,Bengaluru,Karnataka,12.96956,77.55524,+91 ******8565,2026-04-17,True,1,False,0.83
1844,DONOR-UT-01844,A+,Noida,Uttar Pradesh,28.56523,77.39242,+91 ******4395,2026-08-04,False,13,True,0.91
1845,DONOR-MA-01845,B+,Mumbai,Maharashtra,19.03604,72.86756,+91 ******9011,2026-07-08,False,7,True,0.83
1846,DONOR-UT-01846,B+,Noida,Uttar Pradesh,28.56673,77.40802,+91 ******2759,2026-01-06,True,10,False,0.89
1847,DONOR-TE-01847,A+,Hyderabad,Telangana,17.40543,78.48305,+91 ******9329,2026-05-15,True,7,True,0.73
1848,DONOR-TA-01848,AB-,Chennai,Tamil Nadu,13.10396,80.25391,+91 ******5714,2026-07-30,False,9,True,0.81
1849,DONOR-MA-01849,A+,Mumbai,Maharashtra,19.1061,72.8452,+91 ******1406,2026-05-15,True,10,True,0.77
1850,DONOR-TE-01850,O-,Hyderabad,Telangana,17.37968,78.50704,+91 ******5157,2025-10-22,True,1,False,0.84
1851,DONOR-TE-01851,B+,Hyderabad,Telangana,17.3549,78.50381,+91 ******7595,2026-05-13,True,14,True,0.96
1852,DONOR-KA-01852,A-,Bengaluru,Karnataka,13.00543,77.63356,+91 ******3439,2026-01-12,True,6,True,0.82
1853,DONOR-HA-01853,AB+,Gurugram,Haryana,28.47945,77.0241,+91 ******1943,2026-08-07,False,7,True,0.68
1854,DONOR-TE-01854,A+,Hyderabad,Telangana,17.39768,78.43919,+91 ******2908,2026-07-20,False,8,True,0.87
1855,DONOR-UT-01855,B-,Noida,Uttar Pradesh,28.57689,77.34474,+91 ******5303,2025-09-22,True,9,True,0.83
1856,DONOR-KA-01856,AB-,Bengaluru,Karnataka,12.97902,77.5761,+91 ******2077,2025-09-16,True,13,False,0.73
1857,DONOR-DE-01857,O+,Delhi,Delhi,28.64468,77.18876,+91 ******9141,2025-10-21,True,13,True,0.98
1858,DONOR-MA-01858,A-,Mumbai,Maharashtra,19.0908,72.84757,+91 ******8192,2025-10-25,True,14,True,0.85
1859,DONOR-KA-01859,B-,Bengaluru,Karnataka,12.93181,77.63541,+91 ******3432,2026-07-04,False,8,False,0.67
1860,DONOR-TA-01860,O+,Chennai,Tamil Nadu,13.0898,80.24552,+91 ******6280,2026-05-26,True,3,False,0.88
1861,DONOR-KA-01861,A+,Bengaluru,Karnataka,12.97989,77.6358,+91 ******8308,2025-10-15,True,2,True,0.95
1862,DONOR-HA-01862,A+,Gurugram,Haryana,28.49784,77.06141,+91 ******3286,2025-09-19,True,4,True,0.82
1863,DONOR-HA-01863,AB+,Gurugram,Haryana,28.42007,77.01767,+91 ******1449,2026-06-03,True,2,True,0.95
1864,DONOR-UT-01864,O-,Noida,Uttar Pradesh,28.50902,77.40943,+91 ******9404,2025-10-13,True,3,True,0.68
1865,DONOR-TA-01865,AB+,Chennai,Tamil Nadu,13.12895,80.2938,+91 ******9251,2025-11-21,True,11,True,0.92
1866,DONOR-UT-01866,B+,Noida,Uttar Pradesh,28.58255,77.43381,+91 ******5982,2026-04-12,True,3,True,0.8
1867,DONOR-TE-01867,AB-,Hyderabad,Telangana,17.38719,78.51044,+91 ******8214,2026-04-26,True,8,True,0.83
1868,DONOR-DE-01868,O-,Delhi,Delhi,28.64509,77.18495,+91 ******7861,2026-07-31,False,6,True,0.68
1869,DONOR-HA-01869,O+,Gurugram,Haryana,28.49371,77.01462,+91 ******5907,2026-07-11,False,2,True,0.87
1870,DONOR-HA-01870,B+,Gurugram,Haryana,28.46059,77.02657,+91 ******5430,2025-10-25,True,10,True,0.83
1871,DONOR-HA-01871,A+,Gurugram,Haryana,28.45584,77.05182,+91 ******8817,2025-10-31,True,5,False,0.77
1872,DONOR-UT-01872,A-,Noida,Uttar Pradesh,28.51137,77.42005,+91 ******7938,2025-10-30,True,6,True,0.81
1873,DONOR-MA-01873,AB-,Mumbai,Maharashtra,19.0437,72.85611,+91 ******4672,2025-11-13,True,12,True,0.69
1874,DONOR-TA-01874,B+,Chennai,Tamil Nadu,13.0908,80.3066,+91 ******7523,2025-09-20,True,5,True,0.94
1875,DONOR-WE-01875,O+,Kolkata,West Bengal,22.5928,88.3422,+91 ******7165,2025-10-15,True,9,False,0.74
1876,DONOR-WE-01876,A-,Kolkata,West Bengal,22.52516,88.35921,+91 ******3485,2026-03-17,True,8,False,0.84
1877,DONOR-UT-01877,O+,Noida,Uttar Pradesh,28.52409,77.35698,+91 ******4983,2026-02-22,True,5,True,0.69
1878,DONOR-MA-01878,A+,Mumbai,Maharashtra,19.05259,72.86771,+91 ******4734,2025-12-10,True,7,False,0.74
1879,DONOR-TA-01879,A-,Chennai,Tamil Nadu,13.04783,80.31945,+91 ******8293,2025-11-27,True,7,False,0.92
1880,DONOR-UT-01880,AB-,Noida,Uttar Pradesh,28.51549,77.36245,+91 ******5067,2026-06-27,False,11,True,0.85
1881,DONOR-HA-01881,B-,Gurugram,Haryana,28.50936,77.06391,+91 ******2768,2026-01-27,True,4,True,0.78
1882,DONOR-DE-01882,AB-,Delhi,Delhi,28.59807,77.2571,+91 ******5169,2026-08-01,False,9,True,0.78
1883,DONOR-DE-01883,O-,Delhi,Delhi,28.6549,77.19503,+91 ******5949,2026-04-03,True,3,False,0.85
1884,DONOR-WE-01884,AB+,Kolkata,West Bengal,22.55439,88.31706,+91 ******5737,2026-05-17,True,1,True,0.79
1885,DONOR-UT-01885,B+,Noida,Uttar Pradesh,28.5325,77.41503,+91 ******9450,2026-07-21,False,12,False,0.83
1886,DONOR-DE-01886,O-,Delhi,Delhi,28.61857,77.25464,+91 ******7565,2026-08-22,False,14,True,0.68
1887,DONOR-UT-01887,AB-,Noida,Uttar Pradesh,28.52979,77.38237,+91 ******4710,2026-07-01,False,10,False,0.78
1888,DONOR-WE-01888,B-,Kolkata,West Bengal,22.61732,88.36849,+91 ******9821,2025-10-12,True,12,True,0.78
1889,DONOR-TA-01889,A-,Chennai,Tamil Nadu,13.06386,80.27137,+91 ******6117,2025-11-06,True,6,True,0.74
1890,DONOR-TE-01890,B+,Hyderabad,Telangana,17.41536,78.44163,+91 ******3208,2026-06-21,False,1,True,0.91
1891,DONOR-TE-01891,A-,Hyderabad,Telangana,17.35964,78.52957,+91 ******6755,2026-08-01,False,2,True,0.79
1892,DONOR-DE-01892,B-,Delhi,Delhi,28.58661,77.2186,+91 ******7469,2025-11-12,True,7,True,0.79
1893,DONOR-HA-01893,A+,Gurugram,Haryana,28.4195,77.03453,+91 ******7101,2026-03-09,True,7,True,0.67
1894,DONOR-KA-01894,B+,Bengaluru,Karnataka,13.0023,77.57447,+91 ******5099,2025-10-30,True,1,False,0.77
1895,DONOR-WE-01895,O+,Kolkata,West Bengal,22.59084,88.3413,+91 ******8125,2025-11-11,True,8,True,0.76
1896,DONOR-WE-01896,O+,Kolkata,West Bengal,22.54881,88.31534,+91 ******6156,2026-03-17,True,14,True,0.9
1897,DONOR-TE-01897,AB-,Hyderabad,Telangana,17.38875,78.43962,+91 ******6054,2026-01-05,True,4,False,0.82
1898,DONOR-DE-01898,O+,Delhi,Delhi,28.60642,77.18325,+91 ******5228,2026-02-15,True,7,True,0.93
1899,DONOR-HA-01899,A-,Gurugram,Haryana,28.48654,77.01025,+91 ******1887,2026-03-28,True,7,True,0.85
1900,DONOR-TE-01900,B+,Hyderabad,Telangana,17.35789,78.44207,+91 ******7971,2025-09-12,True,14,False,0.71
1901,DONOR-KA-01901,O-,Bengaluru,Karnataka,12.9397,77.6208,+91 ******8015,2026-01-04,True,12,True,0.75
1902,DONOR-HA-01902,A-,Gurugram,Haryana,28.48588,77.03793,+91 ******1454,2026-02-05,True,2,False,0.88
1903,DONOR-UT-01903,O+,Noida,Uttar Pradesh,28.49473,77.43207,+91 ******5115,2025-12-09,True,1,False,0.95
1904,DONOR-DE-01904,O-,Delhi,Delhi,28.57473,77.21788,+91 ******8883,2026-02-02,True,9,False,0.94
1905,DONOR-HA-01905,A+,Gurugram,Haryana,28.46728,77.06485,+91 ******8275,2026-02-21,True,13,False,0.69
1906,DONOR-WE-01906,A-,Kolkata,West Bengal,22.60185,88.39917,+91 ******7963,2025-10-01,True,3,True,0.95
1907,DONOR-DE-01907,B-,Delhi,Delhi,28.58429,77.18412,+91 ******6605,2025-12-21,True,7,True,0.84
1908,DONOR-WE-01908,B+,Kolkata,West Bengal,22.60924,88.36713,+91 ******6740,2025-12-30,True,6,True,0.96
1909,DONOR-HA-01909,AB-,Gurugram,Haryana,28.44048,76.98894,+91 ******4810,2025-11-11,True,5,True,0.9
1910,DONOR-KA-01910,AB+,Bengaluru,Karnataka,12.92631,77.61218,+91 ******5169,2026-01-16,True,11,True,0.87
1911,DONOR-TE-01911,B+,Hyderabad,Telangana,17.40898,78.52369,+91 ******2825,2026-07-15,False,4,False,0.89
1912,DONOR-TA-01912,O-,Chennai,Tamil Nadu,13.06125,80.27443,+91 ******2390,2025-12-15,True,8,True,0.78
1913,DONOR-MA-01913,O-,Mumbai,Maharashtra,19.05029,72.85705,+91 ******3725,2025-09-29,True,3,False,0.94
1914,DONOR-WE-01914,A+,Kolkata,West Bengal,22.59111,88.39586,+91 ******6793,2025-12-23,True,11,True,0.91
1915,DONOR-UT-01915,AB+,Noida,Uttar Pradesh,28.54617,77.3797,+91 ******1683,2026-04-19,True,6,True,0.71
1916,DONOR-WE-01916,B+,Kolkata,West Bengal,22.58349,88.39318,+91 ******6324,2026-04-28,True,5,True,0.73
1917,DONOR-MA-01917,A-,Mumbai,Maharashtra,19.11411,72.82888,+91 ******2701,2025-10-03,True,12,True,0.8
1918,DONOR-KA-01918,B+,Bengaluru,Karnataka,12.97302,77.5513,+91 ******6658,2026-01-18,True,5,False,0.95
1919,DONOR-TE-01919,AB-,Hyderabad,Telangana,17.36117,78.47945,+91 ******4444,2025-11-24,True,12,False,0.85
1920,DONOR-MA-01920,AB-,Mumbai,Maharashtra,19.07103,72.90613,+91 ******1255,2026-06-30,False,4,True,0.69
1921,DONOR-TA-01921,O+,Chennai,Tamil Nadu,13.12873,80.27195,+91 ******9828,2026-04-15,True,13,True,0.84
1922,DONOR-HA-01922,AB+,Gurugram,Haryana,28.49798,77.05303,+91 ******1998,2025-10-21,True,6,True,0.88
1923,DONOR-TA-01923,AB+,Chennai,Tamil Nadu,13.04317,80.30467,+91 ******3253,2025-09-09,True,7,False,0.92
1924,DONOR-WE-01924,B-,Kolkata,West Bengal,22.59365,88.3314,+91 ******4337,2026-06-17,False,10,True,0.82
1925,DONOR-MA-01925,A+,Mumbai,Maharashtra,19.0828,72.83802,+91 ******9191,2026-06-27,False,7,True,0.7
1926,DONOR-MA-01926,B-,Mumbai,Maharashtra,19.12434,72.87941,+91 ******1808,2025-12-03,True,3,False,0.66
1927,DONOR-UT-01927,A-,Noida,Uttar Pradesh,28.48699,77.364,+91 ******1266,2026-08-22,False,12,True,0.8
1928,DONOR-WE-01928,O+,Kolkata,West Bengal,22.53406,88.4049,+91 ******8878,2025-12-06,True,2,False,0.68
1929,DONOR-KA-01929,A+,Bengaluru,Karnataka,12.94054,77.58297,+91 ******5731,2026-07-07,False,12,False,0.83
1930,DONOR-TE-01930,A+,Hyderabad,Telangana,17.39999,78.50082,+91 ******9361,2026-07-11,False,13,True,0.79
1931,DONOR-HA-01931,A-,Gurugram,Haryana,28.429,77.00753,+91 ******6183,2025-10-26,True,1,False,0.89
1932,DONOR-DE-01932,AB-,Delhi,Delhi,28.6096,77.23416,+91 ******1057,2026-05-22,True,14,True,0.96
1933,DONOR-WE-01933,O+,Kolkata,West Bengal,22.56635,88.32135,+91 ******1754,2026-08-13,False,7,True,0.87
1934,DONOR-WE-01934,AB-,Kolkata,West Bengal,22.54947,88.32128,+91 ******7438,2025-09-26,True,5,True,0.88
1935,DONOR-MA-01935,AB-,Mumbai,Maharashtra,19.12468,72.82786,+91 ******9874,2026-01-07,True,2,True,0.92
1936,DONOR-KA-01936,AB-,Bengaluru,Karnataka,12.99884,77.59154,+91 ******1246,2025-11-29,True,13,True,0.71
1937,DONOR-WE-01937,O+,Kolkata,West Bengal,22.57742,88.34332,+91 ******7191,2026-06-12,False,3,True,0.8
1938,DONOR-DE-01938,A-,Delhi,Delhi,28.6167,77.21299,+91 ******9520,2025-11-11,True,8,True,0.88
1939,DONOR-TA-01939,O+,Chennai,Tamil Nadu,13.11086,80.22796,+91 ******7078,2026-08-08,False,3,True,0.93
1940,DONOR-TA-01940,B+,Chennai,Tamil Nadu,13.12238,80.22304,+91 ******4878,2025-10-23,True,1,True,0.69
1941,DONOR-TE-01941,O+,Hyderabad,Telangana,17.38046,78.53304,+91 ******4060,2025-11-29,True,1,True,0.68
1942,DONOR-DE-01942,B+,Delhi,Delhi,28.64001,77.25704,+91 ******7038,2025-11-04,True,2,True,0.77
1943,DONOR-TE-01943,AB+,Hyderabad,Telangana,17.43215,78.44848,+91 ******8486,2025-12-17,True,12,False,0.9
1944,DONOR-TA-01944,B+,Chennai,Tamil Nadu,13.06238,80.28091,+91 ******2582,2026-07-16,False,5,False,0.89
1945,DONOR-WE-01945,B+,Kolkata,West Bengal,22.6166,88.35747,+91 ******3665,2026-05-25,True,10,True,0.76
1946,DONOR-UT-01946,AB+,Noida,Uttar Pradesh,28.53043,77.42212,+91 ******7003,2026-04-10,True,3,False,0.83
1947,DONOR-KA-01947,O+,Bengaluru,Karnataka,12.95888,77.62794,+91 ******6225,2026-07-31,False,13,True,0.65
1948,DONOR-HA-01948,A+,Gurugram,Haryana,28.42213,77.06356,+91 ******1000,2025-12-12,True,12,False,0.86
1949,DONOR-MA-01949,A+,Mumbai,Maharashtra,19.11853,72.91755,+91 ******5507,2026-01-26,True,8,False,0.92
1950,DONOR-KA-01950,B+,Bengaluru,Karnataka,13.00636,77.5916,+91 ******9242,2026-05-25,True,9,True,0.94
1951,DONOR-KA-01951,B+,Bengaluru,Karnataka,12.92211,77.5535,+91 ******9465,2025-11-30,True,3,True,0.89
1952,DONOR-MA-01952,AB-,Mumbai,Maharashtra,19.03501,72.92707,+91 ******7381,2026-07-17,False,1,True,0.67
1953,DONOR-TE-01953,A-,Hyderabad,Telangana,17.4293,78.50085,+91 ******2498,2026-07-24,False,10,True,0.65
1954,DONOR-HA-01954,AB-,Gurugram,Haryana,28.49388,77.06519,+91 ******2411,2026-06-29,False,3,True,0.9
1955,DONOR-DE-01955,B+,Delhi,Delhi,28.63829,77.18174,+91 ******1872,2026-01-10,True,4,False,0.8
1956,DONOR-WE-01956,AB+,Kolkata,West Bengal,22.58196,88.38195,+91 ******8927,2026-08-21,False,12,True,0.87
1957,DONOR-KA-01957,B+,Bengaluru,Karnataka,12.97778,77.57732,+91 ******4719,2026-03-26,True,13,True,0.8
1958,DONOR-MA-01958,AB+,Mumbai,Maharashtra,19.11252,72.86891,+91 ******5212,2026-06-17,False,8,True,0.79
1959,DONOR-UT-01959,O-,Noida,Uttar Pradesh,28.58143,77.4203,+91 ******3314,2025-12-03,True,4,True,0.92
1960,DONOR-UT-01960,AB+,Noida,Uttar Pradesh,28.50682,77.41805,+91 ******1581,2026-07-18,False,6,False,0.77
1961,DONOR-WE-01961,B-,Kolkata,West Bengal,22.54478,88.33222,+91 ******5862,2025-12-27,True,13,True,0.77
1962,DONOR-KA-01962,B+,Bengaluru,Karnataka,12.974,77.63273,+91 ******6527,2026-04-22,True,7,True,0.78
1963,DONOR-KA-01963,B-,Bengaluru,Karnataka,13.0195,77.58814,+91 ******8336,2026-01-16,True,10,True,0.98
1964,DONOR-KA-01964,AB+,Bengaluru,Karnataka,13.0107,77.63769,+91 ******4198,2025-12-09,True,3,True,0.73
1965,DONOR-KA-01965,AB-,Bengaluru,Karnataka,12.96219,77.55839,+91 ******6420,2026-07-30,False,1,True,0.8
1966,DONOR-KA-01966,AB-,Bengaluru,Karnataka,12.99207,77.58395,+91 ******6497,2026-01-06,True,2,True,0.78
1967,DONOR-MA-01967,AB-,Mumbai,Maharashtra,19.08246,72.90062,+91 ******1557,2026-08-19,False,13,True,0.66
1968,DONOR-KA-01968,B-,Bengaluru,Karnataka,12.99466,77.61121,+91 ******2666,2025-10-20,True,2,True,0.98
1969,DONOR-TA-01969,B+,Chennai,Tamil Nadu,13.11059,80.31484,+91 ******1312,2026-07-06,False,6,True,0.88
1970,DONOR-TA-01970,A+,Chennai,Tamil Nadu,13.1009,80.2261,+91 ******3755,2026-05-25,True,7,True,0.77
1971,DONOR-MA-01971,B+,Mumbai,Maharashtra,19.05751,72.91969,+91 ******2362,2026-04-08,True,1,True,0.87
1972,DONOR-HA-01972,A+,Gurugram,Haryana,28.45327,77.00797,+91 ******6854,2025-11-07,True,1,False,0.79
1973,DONOR-DE-01973,AB-,Delhi,Delhi,28.57179,77.1701,+91 ******3999,2026-05-06,True,13,True,0.88
1974,DONOR-KA-01974,O-,Bengaluru,Karnataka,12.96562,77.63366,+91 ******1524,2026-03-03,True,5,False,0.93
1975,DONOR-UT-01975,A+,Noida,Uttar Pradesh,28.562,77.41142,+91 ******8597,2026-06-18,False,6,True,0.84
1976,DONOR-TE-01976,A+,Hyderabad,Telangana,17.39939,78.52805,+91 ******2077,2025-09-16,True,1,True,0.74
1977,DONOR-MA-01977,A-,Mumbai,Maharashtra,19.12298,72.90499,+91 ******4330,2026-08-17,False,1,False,0.69
1978,DONOR-DE-01978,A-,Delhi,Delhi,28.65173,77.20184,+91 ******5656,2025-12-07,True,2,True,0.86
1979,DONOR-UT-01979,AB-,Noida,Uttar Pradesh,28.58104,77.44005,+91 ******3855,2026-03-04,True,6,True,0.73
1980,DONOR-TE-01980,O+,Hyderabad,Telangana,17.4036,78.47075,+91 ******6920,2026-07-31,False,2,False,0.78
1981,DONOR-TA-01981,O+,Chennai,Tamil Nadu,13.08964,80.27846,+91 ******1314,2025-09-28,True,10,True,0.95
1982,DONOR-DE-01982,AB+,Delhi,Delhi,28.57127,77.19769,+91 ******8823,2026-01-11,True,1,True,0.95
1983,DONOR-TA-01983,B-,Chennai,Tamil Nadu,13.0828,80.29014,+91 ******4568,2026-06-20,False,10,True,0.75
1984,DONOR-TE-01984,O-,Hyderabad,Telangana,17.42119,78.43875,+91 ******9040,2026-02-03,True,7,True,0.93
1985,DONOR-TE-01985,A+,Hyderabad,Telangana,17.36781,78.4585,+91 ******6700,2025-10-03,True,2,True,0.98
1986,DONOR-TE-01986,A-,Hyderabad,Telangana,17.36051,78.52658,+91 ******5683,2026-05-21,True,8,True,0.71
1987,DONOR-DE-01987,B-,Delhi,Delhi,28.62667,77.22515,+91 ******3448,2025-11-03,True,13,False,0.76
1988,DONOR-UT-01988,O+,Noida,Uttar Pradesh,28.49247,77.41472,+91 ******1652,2026-08-07,False,14,True,0.77
1989,DONOR-DE-01989,AB+,Delhi,Delhi,28.62762,77.25491,+91 ******7783,2025-11-12,True,4,False,0.94
1990,DONOR-UT-01990,A+,Noida,Uttar Pradesh,28.49434,77.38026,+91 ******3229,2026-05-03,True,5,True,0.76
1991,DONOR-TA-01991,O-,Chennai,Tamil Nadu,13.06611,80.30835,+91 ******9897,2025-11-08,True,6,True,0.93
1992,DONOR-UT-01992,B+,Noida,Uttar Pradesh,28.5026,77.41469,+91 ******6106,2026-01-19,True,7,False,0.96
1993,DONOR-MA-01993,B+,Mumbai,Maharashtra,19.06791,72.90811,+91 ******1138,2026-05-24,True,8,True,0.82
1994,DONOR-UT-01994,A+,Noida,Uttar Pradesh,28.51108,77.43933,+91 ******3065,2026-08-11,False,8,False,0.91
1995,DONOR-HA-01995,B-,Gurugram,Haryana,28.43206,77.05179,+91 ******3964,2026-08-20,False,7,True,0.71
1996,DONOR-HA-01996,O-,Gurugram,Haryana,28.41625,77.06729,+91 ******3039,2025-11-28,True,12,False,0.77
1997,DONOR-UT-01997,B-,Noida,Uttar Pradesh,28.52887,77.41828,+91 ******8152,2025-12-09,True,9,True,0.83
1998,DONOR-UT-01998,O-,Noida,Uttar Pradesh,28.55853,77.42907,+91 ******8598,2025-11-05,True,3,True,0.68
1999,DONOR-DE-01999,O-,Delhi,Delhi,28.63478,77.23404,+91 ******4872,2026-03-03,True,9,True,0.88
2000,DONOR-MA-02000,O-,Mumbai,Maharashtra,19.03272,72.92561,+91 ******3532,2025-10-16,True,3,True,0.74
2001,DONOR-KA-02001,B+,Bengaluru,Karnataka,13.00822,77.61034,+91 ******3262,2025-12-03,True,12,True,0.7
2002,DONOR-DE-02002,B+,Delhi,Delhi,28.58166,77.18038,+91 ******9792,2026-03-26,True,11,True,0.97
2003,DONOR-HA-02003,AB+,Gurugram,Haryana,28.47575,76.99215,+91 ******2452,2026-04-16,True,5,True,0.74
2004,DONOR-MA-02004,A-,Mumbai,Maharashtra,19.09911,72.92016,+91 ******2797,2025-11-28,True,7,True,0.97
2005,DONOR-MA-02005,B+,Mumbai,Maharashtra,19.09611,72.89501,+91 ******1213,2025-10-06,True,1,True,0.97
2006,DONOR-KA-02006,B+,Bengaluru,Karnataka,13.01531,77.61419,+91 ******3149,2026-05-03,True,12,True,0.77
2007,DONOR-HA-02007,A+,Gurugram,Haryana,28.47905,76.98692,+91 ******4177,2026-02-14,True,13,True,0.82
2008,DONOR-WE-02008,B-,Kolkata,West Bengal,22.55615,88.3186,+91 ******7485,2026-04-16,True,1,True,0.92
2009,DONOR-TE-02009,O-,Hyderabad,Telangana,17.40652,78.49619,+91 ******8486,2026-01-10,True,6,True,0.84
2010,DONOR-MA-02010,A-,Mumbai,Maharashtra,19.0392,72.8348,+91 ******3652,2026-08-12,False,7,True,0.92
2011,DONOR-UT-02011,B+,Noida,Uttar Pradesh,28.53247,77.37881,+91 ******1669,2025-10-16,True,10,True,0.83
2012,DONOR-UT-02012,AB+,Noida,Uttar Pradesh,28.57991,77.34392,+91 ******9867,2026-04-19,True,2,True,0.78
2013,DONOR-HA-02013,O+,Gurugram,Haryana,28.46625,77.05675,+91 ******2941,2026-05-12,True,8,False,0.67
2014,DONOR-WE-02014,O-,Kolkata,West Bengal,22.57832,88.35076,+91 ******7443,2026-01-22,True,13,True,0.66
2015,DONOR-MA-02015,O+,Mumbai,Maharashtra,19.09604,72.92069,+91 ******9390,2026-07-11,False,6,True,0.75
2016,DONOR-KA-02016,O-,Bengaluru,Karnataka,12.99948,77.62292,+91 ******1592,2026-03-23,True,7,True,0.71
2017,DONOR-KA-02017,AB-,Bengaluru,Karnataka,12.98207,77.56346,+91 ******7829,2026-04-30,True,1,True,0.85
2018,DONOR-HA-02018,B+,Gurugram,Haryana,28.45486,76.98955,+91 ******7313,2026-05-29,True,7,True,0.69
2019,DONOR-KA-02019,AB-,Bengaluru,Karnataka,13.01847,77.57017,+91 ******3251,2026-01-25,True,11,True,0.76
2020,DONOR-HA-02020,O-,Gurugram,Haryana,28.41964,77.02807,+91 ******1643,2025-12-04,True,10,True,0.85
2021,DONOR-WE-02021,O+,Kolkata,West Bengal,22.53735,88.33791,+91 ******2386,2026-03-17,True,5,False,0.83
2022,DONOR-MA-02022,B+,Mumbai,Maharashtra,19.11474,72.89972,+91 ******8551,2026-04-01,True,6,True,0.77
2023,DONOR-MA-02023,B-,Mumbai,Maharashtra,19.04849,72.85377,+91 ******1569,2026-05-12,True,2,False,0.93
2024,DONOR-TA-02024,O-,Chennai,Tamil Nadu,13.07327,80.25809,+91 ******7058,2026-04-09,True,13,True,0.95
2025,DONOR-KA-02025,AB-,Bengaluru,Karnataka,12.97154,77.62421,+91 ******5395,2026-01-30,True,4,True,0.73
2026,DONOR-TE-02026,O+,Hyderabad,Telangana,17.39143,78.53581,+91 ******7439,2026-04-07,True,12,True,0.82
2027,DONOR-UT-02027,B+,Noida,Uttar Pradesh,28.52859,77.43159,+91 ******2295,2026-06-20,False,6,False,0.66
2028,DONOR-DE-02028,A-,Delhi,Delhi,28.62117,77.25153,+91 ******6019,2025-10-11,True,14,True,0.9
2029,DONOR-HA-02029,O+,Gurugram,Haryana,28.44181,77.0706,+91 ******7247,2025-11-02,True,5,True,0.71
2030,DONOR-MA-02030,B-,Mumbai,Maharashtra,19.02735,72.91471,+91 ******3239,2026-04-04,True,6,True,0.84
2031,DONOR-UT-02031,AB+,Noida,Uttar Pradesh,28.51207,77.37948,+91 ******1862,2026-03-30,True,11,True,0.71
2032,DONOR-HA-02032,AB+,Gurugram,Haryana,28.5036,77.05826,+91 ******6189,2026-03-22,True,4,True,0.67
2033,DONOR-WE-02033,A+,Kolkata,West Bengal,22.5446,88.39093,+91 ******2708,2026-04-30,True,1,True,0.88
2034,DONOR-UT-02034,B+,Noida,Uttar Pradesh,28.53507,77.39408,+91 ******3736,2026-02-22,True,2,False,0.89
2035,DONOR-TA-02035,B+,Chennai,Tamil Nadu,13.04194,80.31395,+91 ******6215,2026-04-02,True,4,True,0.97
2036,DONOR-KA-02036,AB+,Bengaluru,Karnataka,12.99551,77.56222,+91 ******8547,2025-12-08,True,5,True,0.86
2037,DONOR-TA-02037,A+,Chennai,Tamil Nadu,13.03756,80.27042,+91 ******3680,2025-09-28,True,12,True,0.91
2038,DONOR-HA-02038,O+,Gurugram,Haryana,28.43176,77.02107,+91 ******3163,2026-01-04,True,7,True,0.78
2039,DONOR-MA-02039,AB-,Mumbai,Maharashtra,19.0728,72.83885,+91 ******1764,2026-07-23,False,14,False,0.79
2040,DONOR-UT-02040,A+,Noida,Uttar Pradesh,28.48796,77.43461,+91 ******9505,2026-03-10,True,1,False,0.7
2041,DONOR-HA-02041,O-,Gurugram,Haryana,28.48245,76.98317,+91 ******6239,2026-05-20,True,11,True,0.71
2042,DONOR-WE-02042,B-,Kolkata,West Bengal,22.52525,88.34401,+91 ******3022,2025-11-03,True,13,True,0.92
2043,DONOR-UT-02043,A-,Noida,Uttar Pradesh,28.53494,77.35745,+91 ******4251,2026-08-06,False,4,True,0.76
2044,DONOR-HA-02044,O-,Gurugram,Haryana,28.46131,77.01568,+91 ******4055,2026-08-10,False,13,False,0.69
2045,DONOR-TE-02045,B-,Hyderabad,Telangana,17.43164,78.47192,+91 ******4493,2025-09-20,True,3,False,0.86
2046,DONOR-TA-02046,A+,Chennai,Tamil Nadu,13.05538,80.28229,+91 ******3855,2025-11-29,True,5,True,0.81
2047,DONOR-MA-02047,O+,Mumbai,Maharashtra,19.10419,72.85025,+91 ******7934,2026-04-29,True,2,True,0.97
2048,DONOR-TA-02048,A+,Chennai,Tamil Nadu,13.07241,80.31144,+91 ******8522,2025-11-14,True,9,False,0.85
2049,DONOR-UT-02049,A+,Noida,Uttar Pradesh,28.56195,77.42169,+91 ******7244,2026-05-13,True,2,False,0.69
2050,DONOR-WE-02050,B+,Kolkata,West Bengal,22.53258,88.37838,+91 ******4641,2025-11-13,True,12,False,0.93
2051,DONOR-WE-02051,O+,Kolkata,West Bengal,22.6149,88.3901,+91 ******5231,2025-11-23,True,8,False,0.8
2052,DONOR-KA-02052,B+,Bengaluru,Karnataka,12.9347,77.56558,+91 ******3502,2026-05-05,True,3,True,0.82
2053,DONOR-UT-02053,B+,Noida,Uttar Pradesh,28.56094,77.3702,+91 ******6670,2026-06-06,True,12,True,0.98
2054,DONOR-HA-02054,O+,Gurugram,Haryana,28.42736,77.07244,+91 ******1936,2026-01-28,True,3,True,0.85
2055,DONOR-TE-02055,O-,Hyderabad,Telangana,17.35611,78.50231,+91 ******4968,2026-02-05,True,14,True,0.67
2056,DONOR-UT-02056,AB+,Noida,Uttar Pradesh,28.53866,77.36816,+91 ******9057,2025-09-07,True,2,True,0.65
2057,DONOR-TE-02057,AB-,Hyderabad,Telangana,17.35791,78.49259,+91 ******2999,2026-03-20,True,3,False,0.87
2058,DONOR-MA-02058,AB+,Mumbai,Maharashtra,19.10348,72.84515,+91 ******1939,2025-09-19,True,11,True,0.84
2059,DONOR-TA-02059,O-,Chennai,Tamil Nadu,13.09839,80.25931,+91 ******5535,2026-03-16,True,1,True,0.73
2060,DONOR-UT-02060,AB-,Noida,Uttar Pradesh,28.56543,77.43468,+91 ******2102,2025-09-20,True,2,True,0.89
2061,DONOR-UT-02061,AB-,Noida,Uttar Pradesh,28.49325,77.41764,+91 ******6606,2025-09-13,True,7,False,0.84
2062,DONOR-UT-02062,O-,Noida,Uttar Pradesh,28.54312,77.3786,+91 ******6259,2026-05-07,True,9,True,0.92
2063,DONOR-DE-02063,AB+,Delhi,Delhi,28.61162,77.15905,+91 ******1297,2026-06-14,False,3,True,0.7
2064,DONOR-DE-02064,B+,Delhi,Delhi,28.57101,77.24569,+91 ******2574,2025-12-12,True,12,True,0.7
2065,DONOR-UT-02065,O-,Noida,Uttar Pradesh,28.57958,77.39816,+91 ******7611,2026-01-15,True,9,True,0.8
2066,DONOR-DE-02066,B+,Delhi,Delhi,28.62054,77.21132,+91 ******2215,2026-05-05,True,7,True,0.81
2067,DONOR-UT-02067,O-,Noida,Uttar Pradesh,28.56529,77.43951,+91 ******3160,2026-05-21,True,11,True,0.9
2068,DONOR-TA-02068,O-,Chennai,Tamil Nadu,13.12861,80.29025,+91 ******9761,2025-11-25,True,11,True,0.77
2069,DONOR-MA-02069,A-,Mumbai,Maharashtra,19.12007,72.89619,+91 ******4326,2026-03-18,True,10,False,0.9
2070,DONOR-TE-02070,B+,Hyderabad,Telangana,17.36588,78.43979,+91 ******6486,2025-12-04,True,4,False,0.67
2071,DONOR-UT-02071,O-,Noida,Uttar Pradesh,28.54411,77.3762,+91 ******6719,2026-08-11,False,13,True,0.98
2072,DONOR-TA-02072,A+,Chennai,Tamil Nadu,13.11265,80.24911,+91 ******1818,2026-08-20,False,3,True,0.84
2073,DONOR-WE-02073,O+,Kolkata,West Bengal,22.55322,88.36838,+91 ******9133,2026-01-13,True,5,True,0.85
2074,DONOR-KA-02074,AB-,Bengaluru,Karnataka,13.01008,77.5535,+91 ******7318,2026-05-12,True,7,True,0.66
2075,DONOR-TE-02075,B-,Hyderabad,Telangana,17.3383,78.47737,+91 ******6156,2026-02-24,True,8,False,0.84
2076,DONOR-WE-02076,O-,Kolkata,West Bengal,22.62011,88.3704,+91 ******4055,2025-10-12,True,8,False,0.94
2077,DONOR-TE-02077,B-,Hyderabad,Telangana,17.34874,78.50629,+91 ******6260,2026-05-01,True,1,True,0.85
2078,DONOR-DE-02078,B+,Delhi,Delhi,28.58182,77.19398,+91 ******9667,2026-06-02,True,8,True,0.72
2079,DONOR-KA-02079,AB-,Bengaluru,Karnataka,12.94508,77.55244,+91 ******5751,2026-03-16,True,10,True,0.95
2080,DONOR-WE-02080,AB+,Kolkata,West Bengal,22.58835,88.3387,+91 ******5288,2026-03-07,True,12,False,0.88
2081,DONOR-UT-02081,B-,Noida,Uttar Pradesh,28.56467,77.37154,+91 ******7480,2026-06-22,False,13,True,0.93
2082,DONOR-KA-02082,O+,Bengaluru,Karnataka,12.94918,77.58969,+91 ******5417,2026-04-30,True,5,False,0.9
2083,DONOR-HA-02083,O+,Gurugram,Haryana,28.42411,76.98137,+91 ******9200,2026-03-08,True,3,True,0.81
2084,DONOR-MA-02084,AB+,Mumbai,Maharashtra,19.12483,72.8946,+91 ******9558,2025-11-24,True,2,False,0.68
2085,DONOR-DE-02085,A+,Delhi,Delhi,28.66367,77.23502,+91 ******3114,2026-01-07,True,12,False,0.93
2086,DONOR-DE-02086,B-,Delhi,Delhi,28.61179,77.18914,+91 ******6697,2025-12-01,True,5,True,0.91
2087,DONOR-TE-02087,A+,Hyderabad,Telangana,17.36867,78.51674,+91 ******3058,2026-06-17,False,4,False,0.75
2088,DONOR-WE-02088,B-,Kolkata,West Bengal,22.60743,88.35205,+91 ******3431,2026-07-22,False,10,False,0.66
2089,DONOR-TE-02089,AB-,Hyderabad,Telangana,17.34566,78.51458,+91 ******8560,2026-05-11,True,14,True,0.77
2090,DONOR-WE-02090,A+,Kolkata,West Bengal,22.54163,88.37214,+91 ******8722,2025-10-06,True,9,True,0.97
2091,DONOR-UT-02091,AB-,Noida,Uttar Pradesh,28.57777,77.40195,+91 ******5277,2026-07-19,False,9,False,0.74
2092,DONOR-TE-02092,AB-,Hyderabad,Telangana,17.37465,78.45883,+91 ******4650,2026-07-17,False,1,True,0.75
2093,DONOR-HA-02093,A+,Gurugram,Haryana,28.42855,77.01734,+91 ******3223,2025-09-14,True,14,False,0.75
2094,DONOR-KA-02094,A+,Bengaluru,Karnataka,12.93991,77.58526,+91 ******2765,2025-09-22,True,5,False,0.8
2095,DONOR-WE-02095,A+,Kolkata,West Bengal,22.57304,88.38321,+91 ******7492,2025-09-21,True,1,True,0.95
2096,DONOR-TE-02096,O+,Hyderabad,Telangana,17.40608,78.52642,+91 ******5597,2025-11-05,True,13,True,0.67
2097,DONOR-UT-02097,A-,Noida,Uttar Pradesh,28.55016,77.43823,+91 ******5686,2026-01-11,True,8,False,0.98
2098,DONOR-KA-02098,AB-,Bengaluru,Karnataka,12.94238,77.57645,+91 ******4741,2026-06-05,True,1,False,0.92
2099,DONOR-KA-02099,B+,Bengaluru,Karnataka,12.96381,77.57843,+91 ******6517,2026-01-06,True,4,False,0.82
2100,DONOR-HA-02100,B+,Gurugram,Haryana,28.47186,76.99998,+91 ******1266,2026-06-15,False,6,True,0.98
2101,DONOR-MA-02101,B-,Mumbai,Maharashtra,19.04644,72.8287,+91 ******4595,2026-08-12,False,5,True,0.8
2102,DONOR-UT-02102,A+,Noida,Uttar Pradesh,28.55253,77.38378,+91 ******6983,2026-01-02,True,8,True,0.7
2103,DONOR-TA-02103,A+,Chennai,Tamil Nadu,13.09367,80.25544,+91 ******5081,2026-03-15,True,3,False,0.77
2104,DONOR-DE-02104,O-,Delhi,Delhi,28.57172,77.24935,+91 ******5232,2026-04-27,True,3,False,0.72
2105,DONOR-HA-02105,A+,Gurugram,Haryana,28.41417,77.03062,+91 ******2115,2026-01-01,True,2,True,0.7
2106,DONOR-HA-02106,A+,Gurugram,Haryana,28.47569,76.98984,+91 ******7116,2026-07-28,False,8,True,0.89
2107,DONOR-KA-02107,O-,Bengaluru,Karnataka,12.98766,77.59925,+91 ******8803,2026-07-02,False,6,True,0.79
2108,DONOR-HA-02108,B-,Gurugram,Haryana,28.50207,76.9816,+91 ******9873,2026-02-20,True,9,True,0.8
2109,DONOR-TA-02109,B+,Chennai,Tamil Nadu,13.09559,80.25465,+91 ******3947,2026-07-22,False,6,True,0.91
2110,DONOR-TE-02110,B+,Hyderabad,Telangana,17.37353,78.51252,+91 ******5173,2026-04-01,True,4,True,0.86
2111,DONOR-TA-02111,B+,Chennai,Tamil Nadu,13.09004,80.31475,+91 ******2633,2026-05-20,True,2,False,0.67
2112,DONOR-TA-02112,A+,Chennai,Tamil Nadu,13.1293,80.2249,+91 ******7814,2026-02-27,True,11,True,0.97
2113,DONOR-UT-02113,A+,Noida,Uttar Pradesh,28.53094,77.34595,+91 ******5773,2025-12-18,True,13,True,0.72
2114,DONOR-HA-02114,AB-,Gurugram,Haryana,28.44475,77.03538,+91 ******5125,2025-10-10,True,3,True,0.89
2115,DONOR-UT-02115,O+,Noida,Uttar Pradesh,28.5349,77.35827,+91 ******9064,2026-06-12,False,12,False,0.72
2116,DONOR-TA-02116,B+,Chennai,Tamil Nadu,13.05088,80.22285,+91 ******3451,2026-03-28,True,2,True,0.77
2117,DONOR-TE-02117,B-,Hyderabad,Telangana,17.40351,78.46277,+91 ******7266,2025-09-27,True,4,True,0.65
2118,DONOR-MA-02118,A+,Mumbai,Maharashtra,19.04624,72.85669,+91 ******8255,2026-03-22,True,5,True,0.82
2119,DONOR-TE-02119,AB-,Hyderabad,Telangana,17.33617,78.48316,+91 ******1169,2026-05-30,True,10,True,0.9
2120,DONOR-TE-02120,O-,Hyderabad,Telangana,17.34214,78.51331,+91 ******4104,2026-03-16,True,8,False,0.88
2121,DONOR-HA-02121,AB-,Gurugram,Haryana,28.44923,77.04007,+91 ******3620,2026-05-08,True,7,False,0.71
2122,DONOR-TA-02122,B+,Chennai,Tamil Nadu,13.08012,80.30018,+91 ******6876,2026-06-03,True,1,True,0.94
2123,DONOR-TE-02123,A+,Hyderabad,Telangana,17.38927,78.45088,+91 ******3192,2025-10-18,True,11,True,0.89
2124,DONOR-HA-02124,O+,Gurugram,Haryana,28.42459,77.00518,+91 ******6285,2026-07-18,False,4,False,0.85
2125,DONOR-TE-02125,O+,Hyderabad,Telangana,17.41075,78.50681,+91 ******4810,2026-01-30,True,4,True,0.89
2126,DONOR-HA-02126,B+,Gurugram,Haryana,28.47408,76.99384,+91 ******5860,2025-10-09,True,1,True,0.68
2127,DONOR-KA-02127,A-,Bengaluru,Karnataka,12.98395,77.54731,+91 ******6564,2025-09-15,True,4,False,0.69
2128,DONOR-DE-02128,A-,Delhi,Delhi,28.56826,77.21639,+91 ******3572,2026-05-01,True,14,True,0.71
2129,DONOR-HA-02129,AB+,Gurugram,Haryana,28.41894,77.05948,+91 ******7096,2026-07-15,False,9,True,0.94
2130,DONOR-TE-02130,O-,Hyderabad,Telangana,17.38883,78.52367,+91 ******7834,2025-11-18,True,7,False,0.65
2131,DONOR-UT-02131,O+,Noida,Uttar Pradesh,28.53858,77.36721,+91 ******1958,2025-11-21,True,5,True,0.9
2132,DONOR-DE-02132,O-,Delhi,Delhi,28.56816,77.19783,+91 ******9232,2025-11-05,True,8,True,0.81
2133,DONOR-TE-02133,AB+,Hyderabad,Telangana,17.38708,78.51429,+91 ******7581,2026-02-06,True,14,True,0.75
2134,DONOR-UT-02134,B+,Noida,Uttar Pradesh,28.54508,77.41342,+91 ******5852,2026-05-04,True,2,True,0.89
2135,DONOR-WE-02135,A+,Kolkata,West Bengal,22.60347,88.3318,+91 ******3998,2026-05-17,True,5,True,0.67
2136,DONOR-HA-02136,O-,Gurugram,Haryana,28.47067,77.02979,+91 ******5610,2026-06-27,False,9,True,0.84
2137,DONOR-UT-02137,O+,Noida,Uttar Pradesh,28.4945,77.42727,+91 ******3513,2026-01-07,True,10,True,0.97
2138,DONOR-KA-02138,B-,Bengaluru,Karnataka,12.97914,77.59728,+91 ******3635,2025-09-24,True,2,True,0.66
2139,DONOR-MA-02139,A+,Mumbai,Maharashtra,19.11352,72.86992,+91 ******3754,2026-08-13,False,1,False,0.96
2140,DONOR-HA-02140,A-,Gurugram,Haryana,28.46342,76.99594,+91 ******4089,2026-02-02,True,1,True,0.67
2141,DONOR-HA-02141,AB-,Gurugram,Haryana,28.43652,77.06523,+91 ******1031,2026-04-25,True,9,True,0.96
2142,DONOR-HA-02142,A+,Gurugram,Haryana,28.4755,77.03306,+91 ******2023,2025-10-14,True,8,True,0.88
2143,DONOR-HA-02143,B+,Gurugram,Haryana,28.49176,77.05223,+91 ******4721,2026-04-21,True,14,True,0.94
2144,DONOR-WE-02144,O-,Kolkata,West Bengal,22.58992,88.40218,+91 ******4514,2026-05-11,True,7,True,0.68
2145,DONOR-TE-02145,B+,Hyderabad,Telangana,17.3985,78.52503,+91 ******7594,2025-11-19,True,7,True,0.73
2146,DONOR-KA-02146,B+,Bengaluru,Karnataka,13.01811,77.55547,+91 ******4110,2026-07-16,False,11,True,0.7
2147,DONOR-MA-02147,B-,Mumbai,Maharashtra,19.09769,72.84294,+91 ******9856,2025-09-13,True,6,True,0.8
2148,DONOR-UT-02148,O-,Noida,Uttar Pradesh,28.53834,77.37354,+91 ******7652,2026-08-13,False,8,True,0.86
2149,DONOR-WE-02149,A+,Kolkata,West Bengal,22.59815,88.38624,+91 ******3736,2025-10-30,True,11,True,0.83
2150,DONOR-UT-02150,B+,Noida,Uttar Pradesh,28.57113,77.42232,+91 ******2229,2026-04-19,True,8,True,0.97
2151,DONOR-UT-02151,O+,Noida,Uttar Pradesh,28.53156,77.39132,+91 ******6772,2026-06-28,False,10,True,0.86
2152,DONOR-KA-02152,B+,Bengaluru,Karnataka,12.95659,77.59435,+91 ******1272,2025-09-12,True,12,True,0.77
2153,DONOR-WE-02153,A-,Kolkata,West Bengal,22.57599,88.39027,+91 ******6798,2025-10-14,True,3,True,0.72
2154,DONOR-HA-02154,A+,Gurugram,Haryana,28.44384,76.99895,+91 ******8129,2026-04-06,True,13,True,0.75
2155,DONOR-HA-02155,O-,Gurugram,Haryana,28.46743,77.03738,+91 ******5392,2026-01-08,True,3,True,0.79
2156,DONOR-KA-02156,O-,Bengaluru,Karnataka,12.92789,77.58839,+91 ******7493,2025-10-11,True,1,True,0.83
2157,DONOR-TA-02157,AB+,Chennai,Tamil Nadu,13.0634,80.28867,+91 ******6766,2026-04-15,True,7,False,0.96
2158,DONOR-MA-02158,O+,Mumbai,Maharashtra,19.10627,72.9079,+91 ******2843,2026-03-22,True,8,False,0.93
2159,DONOR-TE-02159,A-,Hyderabad,Telangana,17.35563,78.51001,+91 ******9736,2025-11-22,True,7,False,0.84
2160,DONOR-DE-02160,O+,Delhi,Delhi,28.59042,77.1906,+91 ******3730,2025-10-18,True,1,True,0.71
2161,DONOR-DE-02161,O+,Delhi,Delhi,28.5803,77.17295,+91 ******1640,2026-01-01,True,7,False,0.85
2162,DONOR-DE-02162,AB+,Delhi,Delhi,28.56571,77.21344,+91 ******9759,2026-04-07,True,6,True,0.9
2163,DONOR-DE-02163,A+,Delhi,Delhi,28.61953,77.21296,+91 ******4112,2025-11-12,True,6,True,0.87
2164,DONOR-MA-02164,AB-,Mumbai,Maharashtra,19.08789,72.90139,+91 ******2736,2026-04-11,True,7,True,0.73
2165,DONOR-HA-02165,A+,Gurugram,Haryana,28.50205,77.02131,+91 ******1208,2026-02-15,True,1,False,0.87
2166,DONOR-WE-02166,B-,Kolkata,West Bengal,22.59858,88.35423,+91 ******6830,2025-10-24,True,1,True,0.96
2167,DONOR-WE-02167,O-,Kolkata,West Bengal,22.55188,88.3697,+91 ******4138,2025-11-07,True,9,True,0.95
2168,DONOR-KA-02168,A+,Bengaluru,Karnataka,12.9648,77.60155,+91 ******8861,2025-12-09,True,11,False,0.81
2169,DONOR-WE-02169,B-,Kolkata,West Bengal,22.61042,88.39426,+91 ******2851,2026-08-08,False,7,True,0.88
2170,DONOR-DE-02170,B+,Delhi,Delhi,28.58699,77.25089,+91 ******5129,2026-03-21,True,10,True,0.66
2171,DONOR-TA-02171,AB-,Chennai,Tamil Nadu,13.06013,80.25499,+91 ******7567,2026-01-19,True,3,True,0.66
2172,DONOR-HA-02172,O+,Gurugram,Haryana,28.48824,76.9892,+91 ******6639,2026-03-11,True,14,True,0.75
2173,DONOR-WE-02173,A+,Kolkata,West Bengal,22.59941,88.33232,+91 ******3046,2026-05-23,True,6,False,0.96
2174,DONOR-KA-02174,O-,Bengaluru,Karnataka,12.96556,77.54754,+91 ******6034,2025-12-11,True,7,True,0.75
2175,DONOR-TE-02175,B+,Hyderabad,Telangana,17.37224,78.45898,+91 ******6345,2026-01-12,True,2,True,0.92
2176,DONOR-MA-02176,AB+,Mumbai,Maharashtra,19.05725,72.87661,+91 ******3247,2026-07-13,False,6,True,0.72
2177,DONOR-HA-02177,A+,Gurugram,Haryana,28.47965,77.06279,+91 ******1923,2025-10-22,True,12,False,0.69
2178,DONOR-HA-02178,B-,Gurugram,Haryana,28.50415,77.06965,+91 ******8738,2026-07-20,False,13,True,0.86
2179,DONOR-TA-02179,B-,Chennai,Tamil Nadu,13.08217,80.26326,+91 ******9782,2026-04-07,True,10,True,0.76
2180,DONOR-TE-02180,B+,Hyderabad,Telangana,17.39041,78.4538,+91 ******6001,2025-10-28,True,11,True,0.7
2181,DONOR-TE-02181,O-,Hyderabad,Telangana,17.34514,78.44827,+91 ******6368,2025-12-09,True,6,True,0.8
2182,DONOR-DE-02182,AB-,Delhi,Delhi,28.5975,77.16422,+91 ******1772,2025-10-01,True,5,True,0.74
2183,DONOR-TA-02183,AB-,Chennai,Tamil Nadu,13.06343,80.26786,+91 ******4519,2026-02-17,True,13,False,0.79
2184,DONOR-KA-02184,AB-,Bengaluru,Karnataka,12.93281,77.62355,+91 ******2951,2025-12-30,True,10,True,0.92
2185,DONOR-TA-02185,A+,Chennai,Tamil Nadu,13.05264,80.24964,+91 ******4328,2025-10-19,True,6,False,0.82
2186,DONOR-DE-02186,A-,Delhi,Delhi,28.58612,77.17148,+91 ******7902,2026-05-04,True,14,True,0.88
2187,DONOR-MA-02187,O+,Mumbai,Maharashtra,19.10855,72.87982,+91 ******3985,2025-10-20,True,1,True,0.82
2188,DONOR-HA-02188,O-,Gurugram,Haryana,28.49071,77.03228,+91 ******3852,2026-02-24,True,9,True,0.65
2189,DONOR-WE-02189,A-,Kolkata,West Bengal,22.541,88.38233,+91 ******3974,2026-03-16,True,8,True,0.78
2190,DONOR-MA-02190,A+,Mumbai,Maharashtra,19.11866,72.90059,+91 ******9386,2025-12-19,True,2,True,0.93
2191,DONOR-TE-02191,O+,Hyderabad,Telangana,17.37749,78.48454,+91 ******5574,2026-03-27,True,8,False,0.81
2192,DONOR-WE-02192,AB+,Kolkata,West Bengal,22.61595,88.37315,+91 ******2069,2026-02-01,True,4,False,0.78
2193,DONOR-KA-02193,AB-,Bengaluru,Karnataka,13.01047,77.60751,+91 ******5292,2026-01-15,True,1,True,0.84
2194,DONOR-DE-02194,O-,Delhi,Delhi,28.63285,77.17022,+91 ******6575,2025-11-24,True,4,True,0.83
2195,DONOR-MA-02195,A-,Mumbai,Maharashtra,19.10927,72.89608,+91 ******3682,2026-03-02,True,12,False,0.85
2196,DONOR-KA-02196,AB+,Bengaluru,Karnataka,13.01206,77.56162,+91 ******7387,2026-03-26,True,12,True,0.91
2197,DONOR-KA-02197,AB-,Bengaluru,Karnataka,12.98353,77.63852,+91 ******8500,2025-09-14,True,8,False,0.95
2198,DONOR-TE-02198,B+,Hyderabad,Telangana,17.41739,78.52568,+91 ******6710,2026-03-08,True,9,True,0.93
2199,DONOR-DE-02199,A-,Delhi,Delhi,28.58182,77.16615,+91 ******8581,2025-10-29,True,14,False,0.82
2200,DONOR-MA-02200,O-,Mumbai,Maharashtra,19.08993,72.91843,+91 ******2342,2026-01-04,True,1,True,0.9
2201,DONOR-KA-02201,AB+,Bengaluru,Karnataka,13.01319,77.57087,+91 ******2620,2026-03-08,True,13,True,0.79
2202,DONOR-HA-02202,A-,Gurugram,Haryana,28.46181,77.01572,+91 ******2717,2025-11-29,True,3,True,0.86
2203,DONOR-MA-02203,A-,Mumbai,Maharashtra,19.07882,72.86187,+91 ******9787,2026-01-13,True,13,False,0.73
2204,DONOR-TA-02204,A+,Chennai,Tamil Nadu,13.11613,80.22868,+91 ******1186,2026-03-04,True,12,True,0.87
2205,DONOR-HA-02205,AB-,Gurugram,Haryana,28.49284,77.02113,+91 ******1769,2025-11-01,True,6,False,0.93
2206,DONOR-WE-02206,AB-,Kolkata,West Bengal,22.58112,88.336,+91 ******2465,2026-02-13,True,12,True,0.9
2207,DONOR-TA-02207,B-,Chennai,Tamil Nadu,13.12882,80.22189,+91 ******6216,2025-09-15,True,3,True,0.66
2208,DONOR-UT-02208,A+,Noida,Uttar Pradesh,28.49769,77.36511,+91 ******2307,2025-10-28,True,4,True,0.83
2209,DONOR-TA-02209,A-,Chennai,Tamil Nadu,13.06344,80.28533,+91 ******6727,2026-03-15,True,4,True,0.66
2210,DONOR-DE-02210,A-,Delhi,Delhi,28.63291,77.19181,+91 ******2655,2025-11-23,True,1,False,0.67
2211,DONOR-HA-02211,A-,Gurugram,Haryana,28.43943,77.04806,+91 ******7561,2026-05-10,True,6,True,0.91
2212,DONOR-TA-02212,A-,Chennai,Tamil Nadu,13.05326,80.29645,+91 ******8206,2026-06-13,False,4,True,0.82
2213,DONOR-WE-02213,A+,Kolkata,West Bengal,22.57943,88.3348,+91 ******1988,2026-04-22,True,11,True,0.76
2214,DONOR-WE-02214,B-,Kolkata,West Bengal,22.53163,88.37719,+91 ******8378,2026-03-27,True,2,True,0.93
2215,DONOR-WE-02215,AB-,Kolkata,West Bengal,22.54654,88.36263,+91 ******6850,2026-05-20,True,13,True,0.68
2216,DONOR-KA-02216,B+,Bengaluru,Karnataka,12.94621,77.64025,+91 ******1697,2025-10-13,True,14,True,0.73
2217,DONOR-TA-02217,O+,Chennai,Tamil Nadu,13.05087,80.22352,+91 ******9924,2026-06-03,True,13,True,0.79
2218,DONOR-TE-02218,O+,Hyderabad,Telangana,17.42641,78.4662,+91 ******2346,2025-11-30,True,13,False,0.67
2219,DONOR-WE-02219,AB-,Kolkata,West Bengal,22.53025,88.40323,+91 ******8566,2025-10-08,True,11,True,0.76
2220,DONOR-KA-02220,A+,Bengaluru,Karnataka,12.96256,77.57116,+91 ******3038,2026-02-13,True,4,True,0.83
2221,DONOR-HA-02221,O-,Gurugram,Haryana,28.45854,76.998,+91 ******3338,2026-04-10,True,7,False,0.69
2222,DONOR-UT-02222,A-,Noida,Uttar Pradesh,28.51183,77.36692,+91 ******8426,2026-04-07,True,9,True,0.73
2223,DONOR-TE-02223,A+,Hyderabad,Telangana,17.41442,78.52936,+91 ******7746,2025-11-02,True,7,True,0.74
2224,DONOR-DE-02224,O-,Delhi,Delhi,28.62087,77.17631,+91 ******5558,2025-11-22,True,13,False,0.76
2225,DONOR-TE-02225,O-,Hyderabad,Telangana,17.34619,78.50739,+91 ******9808,2026-03-08,True,3,True,0.69
2226,DONOR-KA-02226,A-,Bengaluru,Karnataka,13.01043,77.54673,+91 ******2963,2026-01-18,True,13,True,0.92
2227,DONOR-KA-02227,AB+,Bengaluru,Karnataka,12.99917,77.62117,+91 ******4327,2026-08-06,False,4,True,0.9
2228,DONOR-UT-02228,AB-,Noida,Uttar Pradesh,28.53623,77.36155,+91 ******8261,2025-12-26,True,9,False,0.73
2229,DONOR-WE-02229,A-,Kolkata,West Bengal,22.551,88.36139,+91 ******5113,2026-08-16,False,4,True,0.85
2230,DONOR-UT-02230,A+,Noida,Uttar Pradesh,28.57971,77.37591,+91 ******7867,2025-12-04,True,3,True,0.78
2231,DONOR-TE-02231,A-,Hyderabad,Telangana,17.36145,78.45339,+91 ******5292,2026-08-03,False,11,True,0.93
2232,DONOR-MA-02232,O-,Mumbai,Maharashtra,19.11544,72.88882,+91 ******6834,2025-09-23,True,8,False,0.74
2233,DONOR-KA-02233,A-,Bengaluru,Karnataka,12.92823,77.55026,+91 ******5458,2025-12-13,True,10,False,0.74
2234,DONOR-MA-02234,AB+,Mumbai,Maharashtra,19.11002,72.89202,+91 ******8908,2026-07-24,False,2,True,0.95
2235,DONOR-HA-02235,O-,Gurugram,Haryana,28.48457,77.031,+91 ******1461,2025-12-28,True,3,True,0.97
2236,DONOR-WE-02236,AB+,Kolkata,West Bengal,22.54307,88.33165,+91 ******9126,2026-07-14,False,13,False,0.75
2237,DONOR-KA-02237,B+,Bengaluru,Karnataka,13.00484,77.61399,+91 ******4505,2025-09-13,True,7,False,0.83
2238,DONOR-DE-02238,A-,Delhi,Delhi,28.56744,77.18955,+91 ******8071,2025-11-27,True,12,True,0.67
2239,DONOR-DE-02239,A+,Delhi,Delhi,28.57883,77.19894,+91 ******3782,2025-09-23,True,3,True,0.66
2240,DONOR-TE-02240,A-,Hyderabad,Telangana,17.41294,78.46034,+91 ******3220,2026-01-23,True,10,True,0.79
2241,DONOR-DE-02241,A+,Delhi,Delhi,28.5649,77.20548,+91 ******6128,2025-10-18,True,1,False,0.73
2242,DONOR-TE-02242,O-,Hyderabad,Telangana,17.43053,78.49301,+91 ******1425,2026-08-17,False,4,True,0.68
2243,DONOR-DE-02243,B-,Delhi,Delhi,28.62933,77.17617,+91 ******2788,2026-07-07,False,9,True,0.84
2244,DONOR-TA-02244,B+,Chennai,Tamil Nadu,13.12116,80.28621,+91 ******3335,2025-12-13,True,2,False,0.92
2245,DONOR-TE-02245,A-,Hyderabad,Telangana,17.42201,78.50769,+91 ******7676,2026-04-02,True,8,False,0.71
2246,DONOR-UT-02246,B-,Noida,Uttar Pradesh,28.5329,77.34163,+91 ******6019,2026-04-14,True,7,False,0.97
2247,DONOR-MA-02247,AB-,Mumbai,Maharashtra,19.10196,72.85701,+91 ******4009,2026-06-17,False,3,False,0.78
2248,DONOR-HA-02248,A-,Gurugram,Haryana,28.44373,76.99807,+91 ******5421,2025-10-27,True,3,True,0.95
2249,DONOR-DE-02249,B+,Delhi,Delhi,28.62223,77.18951,+91 ******8773,2026-01-07,True,7,True,0.72
2250,DONOR-HA-02250,B-,Gurugram,Haryana,28.45157,77.03915,+91 ******2546,2026-03-15,True,3,True,0.68
2251,DONOR-TA-02251,B+,Chennai,Tamil Nadu,13.09297,80.25071,+91 ******1394,2025-11-11,True,5,True,0.92
2252,DONOR-TE-02252,B+,Hyderabad,Telangana,17.39343,78.47178,+91 ******1607,2026-02-09,True,2,False,0.87
2253,DONOR-TE-02253,O+,Hyderabad,Telangana,17.43051,78.4904,+91 ******3797,2026-07-08,False,9,True,0.98
2254,DONOR-KA-02254,O-,Bengaluru,Karnataka,12.99485,77.62483,+91 ******5182,2026-01-24,True,9,True,0.94
2255,DONOR-WE-02255,AB+,Kolkata,West Bengal,22.53529,88.36026,+91 ******1158,2026-07-24,False,5,True,0.66
2256,DONOR-MA-02256,A+,Mumbai,Maharashtra,19.06983,72.89343,+91 ******2794,2026-07-09,False,8,False,0.93
2257,DONOR-HA-02257,B-,Gurugram,Haryana,28.41808,77.00668,+91 ******7613,2026-07-29,False,7,True,0.89
2258,DONOR-HA-02258,AB+,Gurugram,Haryana,28.49286,77.05514,+91 ******5564,2026-04-28,True,9,True,0.8
2259,DONOR-DE-02259,O+,Delhi,Delhi,28.61432,77.17073,+91 ******9647,2025-11-03,True,6,False,0.71
2260,DONOR-DE-02260,B+,Delhi,Delhi,28.58072,77.25879,+91 ******9055,2026-05-13,True,14,False,0.95
2261,DONOR-DE-02261,A+,Delhi,Delhi,28.65176,77.23514,+91 ******1998,2026-08-22,False,1,True,0.77
2262,DONOR-KA-02262,A-,Bengaluru,Karnataka,12.99598,77.64401,+91 ******4920,2026-01-03,True,10,False,0.82
2263,DONOR-UT-02263,A-,Noida,Uttar Pradesh,28.49763,77.35291,+91 ******1379,2026-08-22,False,7,True,0.89
2264,DONOR-HA-02264,O-,Gurugram,Haryana,28.49154,76.99049,+91 ******4302,2025-12-13,True,12,True,0.87
2265,DONOR-TA-02265,AB-,Chennai,Tamil Nadu,13.1067,80.28248,+91 ******1145,2026-02-06,True,5,True,0.93
2266,DONOR-UT-02266,O-,Noida,Uttar Pradesh,28.57978,77.42766,+91 ******7967,2025-11-16,True,5,True,0.66
2267,DONOR-DE-02267,AB+,Delhi,Delhi,28.65604,77.24059,+91 ******9438,2025-10-26,True,11,False,0.79
2268,DONOR-UT-02268,A-,Noida,Uttar Pradesh,28.5578,77.36543,+91 ******2351,2026-01-07,True,9,True,0.76
2269,DONOR-TE-02269,B+,Hyderabad,Telangana,17.40443,78.46967,+91 ******6063,2026-06-12,False,1,False,0.74
2270,DONOR-DE-02270,O+,Delhi,Delhi,28.57074,77.17935,+91 ******5550,2026-04-23,True,7,False,0.76
2271,DONOR-KA-02271,O+,Bengaluru,Karnataka,12.94994,77.63366,+91 ******7626,2026-04-06,True,8,False,0.67
2272,DONOR-DE-02272,B+,Delhi,Delhi,28.61895,77.1857,+91 ******1262,2025-09-28,True,12,True,0.95
2273,DONOR-HA-02273,AB+,Gurugram,Haryana,28.50157,77.04186,+91 ******8319,2025-12-04,True,1,False,0.94
2274,DONOR-HA-02274,AB+,Gurugram,Haryana,28.41287,77.01127,+91 ******9140,2026-07-19,False,12,True,0.69
2275,DONOR-MA-02275,AB+,Mumbai,Maharashtra,19.10497,72.86355,+91 ******7743,2026-05-17,True,3,True,0.72
2276,DONOR-TA-02276,B+,Chennai,Tamil Nadu,13.03444,80.25017,+91 ******2551,2026-06-03,True,9,True,0.69
2277,DONOR-UT-02277,AB-,Noida,Uttar Pradesh,28.55416,77.43483,+91 ******3894,2025-10-06,True,6,True,0.74
2278,DONOR-WE-02278,B-,Kolkata,West Bengal,22.53404,88.31707,+91 ******3832,2025-12-29,True,1,False,0.78
2279,DONOR-DE-02279,O-,Delhi,Delhi,28.57243,77.21516,+91 ******3348,2025-11-29,True,2,False,0.89
2280,DONOR-HA-02280,A-,Gurugram,Haryana,28.42955,77.06701,+91 ******7999,2025-11-06,True,6,False,0.66
2281,DONOR-KA-02281,O+,Bengaluru,Karnataka,13.01625,77.61613,+91 ******9155,2026-08-18,False,7,True,0.72
2282,DONOR-KA-02282,B+,Bengaluru,Karnataka,12.95281,77.61714,+91 ******3911,2026-03-20,True,8,True,0.72
2283,DONOR-KA-02283,AB-,Bengaluru,Karnataka,12.95988,77.64124,+91 ******2443,2026-06-30,False,4,False,0.81
2284,DONOR-MA-02284,B-,Mumbai,Maharashtra,19.1224,72.85861,+91 ******5251,2026-06-08,True,6,True,0.79
2285,DONOR-TA-02285,A-,Chennai,Tamil Nadu,13.13262,80.27418,+91 ******6207,2026-06-01,True,12,True,0.92
2286,DONOR-HA-02286,O+,Gurugram,Haryana,28.44892,77.07529,+91 ******7422,2025-12-06,True,12,True,0.96
2287,DONOR-WE-02287,O-,Kolkata,West Bengal,22.61787,88.39949,+91 ******2254,2026-04-04,True,7,True,0.8
2288,DONOR-KA-02288,B+,Bengaluru,Karnataka,13.00061,77.57395,+91 ******2319,2025-12-27,True,10,False,0.72
2289,DONOR-DE-02289,AB+,Delhi,Delhi,28.56755,77.2565,+91 ******9360,2026-06-29,False,9,True,0.98
2290,DONOR-HA-02290,AB+,Gurugram,Haryana,28.42206,77.00792,+91 ******4432,2026-04-06,True,1,True,0.79
2291,DONOR-WE-02291,AB-,Kolkata,West Bengal,22.57737,88.40865,+91 ******2423,2026-06-07,True,13,True,0.93
2292,DONOR-TE-02292,O+,Hyderabad,Telangana,17.35136,78.46238,+91 ******1281,2026-05-27,True,11,True,0.91
2293,DONOR-UT-02293,B-,Noida,Uttar Pradesh,28.56214,77.35111,+91 ******9078,2025-10-14,True,9,True,0.83
2294,DONOR-TA-02294,AB+,Chennai,Tamil Nadu,13.05761,80.30642,+91 ******4825,2026-01-16,True,4,True,0.84
2295,DONOR-KA-02295,AB+,Bengaluru,Karnataka,12.97164,77.631,+91 ******2061,2026-05-24,True,10,True,0.83
2296,DONOR-WE-02296,A-,Kolkata,West Bengal,22.56312,88.40052,+91 ******6690,2026-08-14,False,14,False,0.66
2297,DONOR-UT-02297,AB+,Noida,Uttar Pradesh,28.5016,77.42882,+91 ******4212,2026-03-17,True,2,True,0.71
2298,DONOR-DE-02298,O+,Delhi,Delhi,28.57575,77.19914,+91 ******9648,2026-03-17,True,1,True,0.73
2299,DONOR-HA-02299,A+,Gurugram,Haryana,28.41955,77.0496,+91 ******7308,2025-12-08,True,1,False,0.67
2300,DONOR-MA-02300,A-,Mumbai,Maharashtra,19.0365,72.87237,+91 ******1810,2025-10-24,True,2,True,0.66
2301,DONOR-DE-02301,B-,Delhi,Delhi,28.58489,77.2509,+91 ******2913,2025-12-23,True,2,True,0.81
2302,DONOR-UT-02302,A+,Noida,Uttar Pradesh,28.54447,77.38766,+91 ******7798,2025-09-24,True,13,True,0.94
2303,DONOR-WE-02303,AB+,Kolkata,West Bengal,22.61101,88.32946,+91 ******1834,2026-02-23,True,2,True,0.74
2304,DONOR-TA-02304,A-,Chennai,Tamil Nadu,13.11485,80.25357,+91 ******1154,2026-02-18,True,2,False,0.79
2305,DONOR-MA-02305,O-,Mumbai,Maharashtra,19.05977,72.84426,+91 ******1370,2026-06-23,False,3,True,0.87
2306,DONOR-TA-02306,A+,Chennai,Tamil Nadu,13.08496,80.22105,+91 ******8667,2026-06-14,False,12,False,0.69
2307,DONOR-WE-02307,O-,Kolkata,West Bengal,22.53318,88.31665,+91 ******2819,2025-12-04,True,14,False,0.94
2308,DONOR-WE-02308,B-,Kolkata,West Bengal,22.54773,88.36294,+91 ******9773,2026-06-23,False,8,True,0.72
2309,DONOR-TA-02309,B+,Chennai,Tamil Nadu,13.12053,80.27667,+91 ******1114,2026-06-30,False,13,False,0.65
2310,DONOR-TE-02310,A+,Hyderabad,Telangana,17.41344,78.48325,+91 ******1515,2025-12-10,True,3,True,0.87
2311,DONOR-KA-02311,B+,Bengaluru,Karnataka,12.94102,77.6214,+91 ******7475,2026-05-06,True,3,True,0.69
2312,DONOR-DE-02312,AB-,Delhi,Delhi,28.64283,77.19745,+91 ******7265,2025-09-15,True,14,True,0.78
2313,DONOR-TA-02313,A-,Chennai,Tamil Nadu,13.03469,80.30078,+91 ******6841,2025-09-08,True,7,True,0.69
2314,DONOR-TE-02314,AB-,Hyderabad,Telangana,17.4047,78.53066,+91 ******2465,2026-06-12,False,1,True,0.93
2315,DONOR-KA-02315,A+,Bengaluru,Karnataka,13.00395,77.58344,+91 ******8869,2026-08-21,False,4,False,0.67
2316,DONOR-KA-02316,B-,Bengaluru,Karnataka,13.01088,77.56025,+91 ******2843,2026-05-07,True,10,False,0.83
2317,DONOR-KA-02317,A-,Bengaluru,Karnataka,12.97194,77.56664,+91 ******5938,2026-08-18,False,12,True,0.92
2318,DONOR-UT-02318,B+,Noida,Uttar Pradesh,28.5669,77.37264,+91 ******1767,2026-04-28,True,2,True,0.67
2319,DONOR-TA-02319,AB+,Chennai,Tamil Nadu,13.10467,80.29707,+91 ******7359,2025-11-15,True,7,True,0.73
2320,DONOR-TE-02320,AB-,Hyderabad,Telangana,17.35827,78.4917,+91 ******1051,2026-07-07,False,1,True,0.94
2321,DONOR-KA-02321,O+,Bengaluru,Karnataka,13.01281,77.58666,+91 ******9037,2026-06-05,True,14,True,0.76
2322,DONOR-MA-02322,A-,Mumbai,Maharashtra,19.08118,72.8598,+91 ******3241,2026-06-28,False,8,True,0.76
2323,DONOR-UT-02323,A-,Noida,Uttar Pradesh,28.4989,77.40023,+91 ******9155,2025-11-08,True,6,True,0.7
2324,DONOR-DE-02324,B-,Delhi,Delhi,28.64014,77.24021,+91 ******3634,2025-12-30,True,12,True,0.7
2325,DONOR-KA-02325,O+,Bengaluru,Karnataka,12.96511,77.61841,+91 ******5590,2026-02-15,True,13,True,0.7
2326,DONOR-TE-02326,A+,Hyderabad,Telangana,17.34147,78.44687,+91 ******4335,2025-12-31,True,14,True,0.69
2327,DONOR-WE-02327,B-,Kolkata,West Bengal,22.60315,88.38937,+91 ******9709,2025-12-20,True,8,True,0.67
2328,DONOR-UT-02328,A+,Noida,Uttar Pradesh,28.53417,77.37169,+91 ******9684,2026-04-29,True,13,False,0.8
2329,DONOR-UT-02329,B+,Noida,Uttar Pradesh,28.56955,77.39133,+91 ******8520,2026-03-10,True,7,False,0.84
2330,DONOR-TE-02330,O+,Hyderabad,Telangana,17.36096,78.51187,+91 ******9652,2025-09-07,True,3,True,0.71
2331,DONOR-KA-02331,B+,Bengaluru,Karnataka,13.0213,77.58947,+91 ******5107,2026-01-16,True,1,True,0.94
2332,DONOR-MA-02332,B-,Mumbai,Maharashtra,19.04038,72.92226,+91 ******6542,2026-05-10,True,12,True,0.95
2333,DONOR-TA-02333,B-,Chennai,Tamil Nadu,13.07446,80.23454,+91 ******3054,2025-10-18,True,9,True,0.82
2334,DONOR-TA-02334,AB+,Chennai,Tamil Nadu,13.09344,80.26134,+91 ******1494,2025-09-14,True,9,True,0.82
2335,DONOR-WE-02335,AB-,Kolkata,West Bengal,22.58173,88.33728,+91 ******6482,2026-07-25,False,13,False,0.65
2336,DONOR-DE-02336,O-,Delhi,Delhi,28.63263,77.25336,+91 ******3372,2025-10-18,True,4,True,0.89
2337,DONOR-TE-02337,AB-,Hyderabad,Telangana,17.39462,78.48164,+91 ******1144,2026-04-14,True,4,True,0.89
2338,DONOR-WE-02338,O-,Kolkata,West Bengal,22.56762,88.38757,+91 ******8591,2025-12-10,True,12,True,0.73
2339,DONOR-WE-02339,AB+,Kolkata,West Bengal,22.60765,88.37257,+91 ******4952,2026-08-09,False,3,True,0.81
2340,DONOR-WE-02340,A+,Kolkata,West Bengal,22.59756,88.32692,+91 ******3953,2026-05-10,True,12,False,0.96
2341,DONOR-HA-02341,AB-,Gurugram,Haryana,28.45771,76.98724,+91 ******8615,2026-07-16,False,11,True,0.79
2342,DONOR-UT-02342,AB+,Noida,Uttar Pradesh,28.58237,77.35166,+91 ******1937,2026-05-31,True,3,True,0.83
2343,DONOR-UT-02343,A+,Noida,Uttar Pradesh,28.5144,77.42471,+91 ******4812,2026-01-29,True,6,False,0.68
2344,DONOR-WE-02344,B+,Kolkata,West Bengal,22.61814,88.31469,+91 ******3935,2025-10-28,True,1,True,0.9
2345,DONOR-DE-02345,O+,Delhi,Delhi,28.57347,77.25693,+91 ******4020,2026-04-09,True,5,True,0.68
2346,DONOR-WE-02346,A+,Kolkata,West Bengal,22.57724,88.40074,+91 ******8611,2026-01-05,True,4,True,0.68
2347,DONOR-MA-02347,A+,Mumbai,Maharashtra,19.07056,72.90555,+91 ******1176,2026-03-01,True,5,True,0.72
2348,DONOR-WE-02348,B-,Kolkata,West Bengal,22.60611,88.33225,+91 ******7172,2026-04-02,True,14,False,0.92
2349,DONOR-HA-02349,A+,Gurugram,Haryana,28.46582,77.05485,+91 ******4959,2026-01-14,True,9,False,0.84
2350,DONOR-WE-02350,AB-,Kolkata,West Bengal,22.59822,88.34641,+91 ******3560,2026-07-23,False,10,True,0.92
2351,DONOR-TE-02351,B+,Hyderabad,Telangana,17.34587,78.49706,+91 ******4684,2025-10-18,True,8,True,0.98
2352,DONOR-TA-02352,O+,Chennai,Tamil Nadu,13.05072,80.30682,+91 ******2931,2026-06-03,True,4,True,0.67
2353,DONOR-WE-02353,O+,Kolkata,West Bengal,22.52855,88.39694,+91 ******8414,2026-01-21,True,11,True,0.71
2354,DONOR-HA-02354,AB+,Gurugram,Haryana,28.4648,77.00697,+91 ******9015,2026-05-10,True,10,True,0.84
2355,DONOR-DE-02355,AB+,Delhi,Delhi,28.60916,77.15906,+91 ******8124,2025-11-17,True,14,False,0.9
2356,DONOR-TE-02356,A+,Hyderabad,Telangana,17.41035,78.52135,+91 ******3779,2026-08-12,False,9,False,0.89
2357,DONOR-UT-02357,B+,Noida,Uttar Pradesh,28.542,77.42524,+91 ******1761,2026-05-28,True,3,True,0.95
2358,DONOR-KA-02358,AB+,Bengaluru,Karnataka,13.00981,77.56842,+91 ******5579,2026-08-07,False,9,True,0.66
2359,DONOR-MA-02359,B-,Mumbai,Maharashtra,19.04334,72.84339,+91 ******5051,2026-05-17,True,3,False,0.71
2360,DONOR-TE-02360,AB-,Hyderabad,Telangana,17.34172,78.4521,+91 ******6429,2026-02-13,True,14,True,0.69
2361,DONOR-MA-02361,B-,Mumbai,Maharashtra,19.12493,72.85607,+91 ******1547,2025-09-08,True,14,True,0.82
2362,DONOR-KA-02362,B-,Bengaluru,Karnataka,12.99111,77.56542,+91 ******5023,2026-05-16,True,3,False,0.73
2363,DONOR-HA-02363,AB-,Gurugram,Haryana,28.46871,76.98983,+91 ******1436,2025-11-21,True,10,True,0.83
2364,DONOR-MA-02364,A-,Mumbai,Maharashtra,19.03824,72.91087,+91 ******5427,2026-04-08,True,3,True,0.67
2365,DONOR-TE-02365,A+,Hyderabad,Telangana,17.41014,78.47598,+91 ******3193,2025-10-14,True,2,False,0.97
2366,DONOR-WE-02366,AB+,Kolkata,West Bengal,22.54241,88.36201,+91 ******7089,2026-03-18,True,3,False,0.65
2367,DONOR-HA-02367,B-,Gurugram,Haryana,28.46903,77.0633,+91 ******2522,2025-09-29,True,8,True,0.98
2368,DONOR-UT-02368,B-,Noida,Uttar Pradesh,28.5441,77.35908,+91 ******2245,2026-01-07,True,2,True,0.73
2369,DONOR-WE-02369,AB-,Kolkata,West Bengal,22.53541,88.35626,+91 ******8757,2026-04-05,True,3,True,0.82
2370,DONOR-WE-02370,O+,Kolkata,West Bengal,22.54779,88.32419,+91 ******1416,2026-06-12,False,2,True,0.9
2371,DONOR-DE-02371,AB+,Delhi,Delhi,28.56435,77.21831,+91 ******9733,2025-09-20,True,6,True,0.74
2372,DONOR-MA-02372,AB-,Mumbai,Maharashtra,19.04262,72.83829,+91 ******4772,2026-02-23,True,6,False,0.68
2373,DONOR-MA-02373,AB+,Mumbai,Maharashtra,19.09798,72.84166,+91 ******2721,2025-10-30,True,4,True,0.67
2374,DONOR-TA-02374,AB+,Chennai,Tamil Nadu,13.08121,80.27983,+91 ******3288,2025-10-01,True,8,True,0.69
2375,DONOR-KA-02375,B-,Bengaluru,Karnataka,13.0076,77.55993,+91 ******9220,2026-07-07,False,12,True,0.86
2376,DONOR-TE-02376,A+,Hyderabad,Telangana,17.40504,78.49067,+91 ******3954,2026-06-28,False,5,True,0.81
2377,DONOR-DE-02377,B-,Delhi,Delhi,28.60704,77.2224,+91 ******4248,2025-11-02,True,4,True,0.84
2378,DONOR-WE-02378,B+,Kolkata,West Bengal,22.55803,88.3497,+91 ******1936,2025-10-11,True,6,True,0.83
2379,DONOR-KA-02379,AB-,Bengaluru,Karnataka,13.0176,77.57209,+91 ******6464,2025-11-30,True,12,True,0.71
2380,DONOR-HA-02380,B+,Gurugram,Haryana,28.50677,77.00866,+91 ******8828,2026-01-12,True,7,True,0.66
2381,DONOR-KA-02381,AB-,Bengaluru,Karnataka,12.96139,77.55713,+91 ******3757,2025-10-28,True,5,True,0.93
2382,DONOR-TE-02382,B+,Hyderabad,Telangana,17.40871,78.44472,+91 ******7419,2025-10-28,True,9,False,0.71
2383,DONOR-TE-02383,O+,Hyderabad,Telangana,17.33586,78.44733,+91 ******6778,2026-05-22,True,3,True,0.98
2384,DONOR-TA-02384,B+,Chennai,Tamil Nadu,13.04991,80.26182,+91 ******5127,2025-10-26,True,11,False,0.93
2385,DONOR-HA-02385,AB+,Gurugram,Haryana,28.48879,77.00117,+91 ******2428,2026-04-05,True,10,True,0.85
2386,DONOR-DE-02386,O-,Delhi,Delhi,28.62445,77.22451,+91 ******3789,2026-02-03,True,1,False,0.78
2387,DONOR-KA-02387,O+,Bengaluru,Karnataka,13.01346,77.63379,+91 ******6919,2026-07-28,False,4,False,0.81
2388,DONOR-KA-02388,A+,Bengaluru,Karnataka,12.9863,77.54648,+91 ******2226,2026-04-27,True,12,True,0.84
2389,DONOR-MA-02389,B+,Mumbai,Maharashtra,19.06307,72.84778,+91 ******3910,2025-10-10,True,3,False,0.8
2390,DONOR-UT-02390,O+,Noida,Uttar Pradesh,28.58046,77.36322,+91 ******1766,2026-08-21,False,1,True,0.7
2391,DONOR-TA-02391,A-,Chennai,Tamil Nadu,13.09861,80.25274,+91 ******7557,2026-04-02,True,11,True,0.92
2392,DONOR-DE-02392,AB+,Delhi,Delhi,28.6113,77.20259,+91 ******7404,2026-06-18,False,4,True,0.89
2393,DONOR-TE-02393,B+,Hyderabad,Telangana,17.33603,78.49394,+91 ******8586,2026-04-29,True,4,False,0.68
2394,DONOR-WE-02394,B-,Kolkata,West Bengal,22.5885,88.39964,+91 ******2823,2025-09-13,True,14,True,0.91
2395,DONOR-UT-02395,AB+,Noida,Uttar Pradesh,28.48674,77.43469,+91 ******5243,2025-10-11,True,12,False,0.79
2396,DONOR-HA-02396,AB+,Gurugram,Haryana,28.50337,77.04814,+91 ******6717,2026-02-05,True,14,False,0.95
2397,DONOR-MA-02397,AB-,Mumbai,Maharashtra,19.07198,72.87409,+91 ******7362,2025-09-20,True,8,True,0.95
2398,DONOR-DE-02398,B+,Delhi,Delhi,28.6061,77.22825,+91 ******5789,2026-04-17,True,10,True,0.92
2399,DONOR-WE-02399,O-,Kolkata,West Bengal,22.60349,88.36124,+91 ******2639,2026-03-02,True,1,True,0.93
2400,DONOR-TA-02400,B+,Chennai,Tamil Nadu,13.09467,80.27716,+91 ******5911,2026-05-27,True,1,True,0.74
2401,DONOR-MA-02401,O-,Mumbai,Maharashtra,19.07053,72.85436,+91 ******2274,2026-04-09,True,3,False,0.76
2402,DONOR-TE-02402,O-,Hyderabad,Telangana,17.41461,78.4868,+91 ******5186,2026-02-05,True,10,True,0.65
2403,DONOR-TE-02403,O+,Hyderabad,Telangana,17.42241,78.51397,+91 ******4692,2026-02-15,True,14,True,0.79
2404,DONOR-DE-02404,O+,Delhi,Delhi,28.59199,77.20576,+91 ******9449,2026-05-14,True,12,True,0.67
2405,DONOR-DE-02405,AB-,Delhi,Delhi,28.66183,77.15932,+91 ******4721,2026-03-03,True,11,True,0.81
2406,DONOR-KA-02406,AB-,Bengaluru,Karnataka,12.93904,77.58368,+91 ******4841,2026-04-03,True,13,True,0.66
2407,DONOR-DE-02407,AB+,Delhi,Delhi,28.62206,77.18104,+91 ******2272,2025-11-23,True,11,True,0.75
2408,DONOR-WE-02408,AB+,Kolkata,West Bengal,22.5963,88.34326,+91 ******9277,2026-01-02,True,5,False,0.67
2409,DONOR-WE-02409,O+,Kolkata,West Bengal,22.53084,88.38914,+91 ******6757,2025-09-24,True,5,True,0.93
2410,DONOR-HA-02410,A-,Gurugram,Haryana,28.47744,77.01537,+91 ******7621,2026-04-26,True,6,True,0.94
2411,DONOR-UT-02411,A+,Noida,Uttar Pradesh,28.53745,77.42265,+91 ******1549,2025-10-16,True,3,True,0.96
2412,DONOR-HA-02412,AB-,Gurugram,Haryana,28.46719,76.9876,+91 ******6047,2025-12-02,True,1,True,0.86
2413,DONOR-WE-02413,O+,Kolkata,West Bengal,22.52464,88.41153,+91 ******7748,2026-02-18,True,1,True,0.66
2414,DONOR-MA-02414,B-,Mumbai,Maharashtra,19.07042,72.91918,+91 ******9342,2025-10-24,True,4,False,0.81
2415,DONOR-TA-02415,A-,Chennai,Tamil Nadu,13.09929,80.22293,+91 ******8716,2026-01-28,True,9,True,0.71
2416,DONOR-HA-02416,A-,Gurugram,Haryana,28.45156,77.06539,+91 ******5607,2025-12-23,True,10,False,0.82
2417,DONOR-WE-02417,O+,Kolkata,West Bengal,22.55551,88.36414,+91 ******1764,2026-03-08,True,8,True,0.84
2418,DONOR-MA-02418,O-,Mumbai,Maharashtra,19.05647,72.90902,+91 ******9252,2025-12-03,True,7,False,0.93
2419,DONOR-TE-02419,B+,Hyderabad,Telangana,17.41982,78.52108,+91 ******5959,2025-10-01,True,3,True,0.88
2420,DONOR-DE-02420,O+,Delhi,Delhi,28.59014,77.24464,+91 ******2273,2026-01-19,True,11,True,0.66
2421,DONOR-WE-02421,B+,Kolkata,West Bengal,22.54319,88.39779,+91 ******7589,2026-07-19,False,10,True,0.87
2422,DONOR-DE-02422,A-,Delhi,Delhi,28.61136,77.25335,+91 ******3905,2025-10-30,True,11,True,0.92
2423,DONOR-HA-02423,B-,Gurugram,Haryana,28.45855,77.03279,+91 ******6289,2026-01-21,True,13,True,0.8
2424,DONOR-TA-02424,AB+,Chennai,Tamil Nadu,13.10645,80.31291,+91 ******7928,2025-11-23,True,10,False,0.78
2425,DONOR-KA-02425,B-,Bengaluru,Karnataka,12.93737,77.56522,+91 ******9774,2025-10-25,True,2,True,0.73
2426,DONOR-TE-02426,A-,Hyderabad,Telangana,17.36525,78.53566,+91 ******1315,2025-10-20,True,5,True,0.84
2427,DONOR-WE-02427,A-,Kolkata,West Bengal,22.56756,88.41329,+91 ******3943,2025-10-21,True,10,True,0.83
2428,DONOR-MA-02428,B+,Mumbai,Maharashtra,19.0262,72.85355,+91 ******9691,2025-10-17,True,5,False,0.95
2429,DONOR-KA-02429,A-,Bengaluru,Karnataka,12.98747,77.56914,+91 ******3403,2026-07-27,False,8,True,0.69
2430,DONOR-TA-02430,AB+,Chennai,Tamil Nadu,13.0829,80.31344,+91 ******7175,2026-02-07,True,11,False,0.69
2431,DONOR-DE-02431,A-,Delhi,Delhi,28.5742,77.22405,+91 ******3325,2026-04-16,True,6,False,0.96
2432,DONOR-DE-02432,O+,Delhi,Delhi,28.57534,77.16444,+91 ******3557,2025-10-21,True,11,False,0.8
2433,DONOR-DE-02433,A-,Delhi,Delhi,28.58426,77.21032,+91 ******1515,2025-11-20,True,8,False,0.7
2434,DONOR-HA-02434,AB+,Gurugram,Haryana,28.46956,77.01806,+91 ******5849,2026-05-26,True,14,True,0.9
2435,DONOR-DE-02435,AB-,Delhi,Delhi,28.62995,77.16092,+91 ******9459,2026-06-09,True,10,False,0.86
2436,DONOR-KA-02436,A-,Bengaluru,Karnataka,12.93048,77.58649,+91 ******7930,2026-08-22,False,12,True,0.95
2437,DONOR-UT-02437,A+,Noida,Uttar Pradesh,28.50265,77.38822,+91 ******3169,2026-02-04,True,9,False,0.69
2438,DONOR-DE-02438,O+,Delhi,Delhi,28.58791,77.171,+91 ******3870,2026-07-25,False,4,True,0.94
2439,DONOR-KA-02439,B+,Bengaluru,Karnataka,12.94853,77.57721,+91 ******7250,2025-10-23,True,11,False,0.98
2440,DONOR-TA-02440,B+,Chennai,Tamil Nadu,13.1227,80.22882,+91 ******5837,2026-08-18,False,5,False,0.94
2441,DONOR-MA-02441,B-,Mumbai,Maharashtra,19.06678,72.82956,+91 ******3559,2026-07-08,False,8,True,0.65
2442,DONOR-KA-02442,O+,Bengaluru,Karnataka,12.97859,77.58511,+91 ******5094,2026-07-24,False,11,True,0.65
2443,DONOR-KA-02443,AB-,Bengaluru,Karnataka,12.94583,77.57642,+91 ******1688,2026-03-19,True,6,False,0.9
2444,DONOR-KA-02444,AB-,Bengaluru,Karnataka,12.97172,77.55252,+91 ******8202,2025-11-24,True,13,True,0.87
2445,DONOR-MA-02445,B+,Mumbai,Maharashtra,19.11337,72.91041,+91 ******9356,2026-04-06,True,2,True,0.89
2446,DONOR-TA-02446,O+,Chennai,Tamil Nadu,13.13251,80.24558,+91 ******5529,2026-02-15,True,7,False,0.72
2447,DONOR-HA-02447,O+,Gurugram,Haryana,28.43258,76.98044,+91 ******8595,2026-01-29,True,5,True,0.69
2448,DONOR-KA-02448,B+,Bengaluru,Karnataka,12.97829,77.59306,+91 ******3853,2025-09-16,True,12,False,0.73
2449,DONOR-WE-02449,A+,Kolkata,West Bengal,22.54105,88.41002,+91 ******3110,2025-11-08,True,7,True,0.67
2450,DONOR-TA-02450,B-,Chennai,Tamil Nadu,13.12756,80.27762,+91 ******3898,2026-01-27,True,6,True,0.98
2451,DONOR-HA-02451,B-,Gurugram,Haryana,28.4683,77.05032,+91 ******5062,2025-11-16,True,6,True,0.89
2452,DONOR-WE-02452,B+,Kolkata,West Bengal,22.5782,88.3603,+91 ******8388,2025-12-13,True,6,True,0.79
2453,DONOR-KA-02453,AB+,Bengaluru,Karnataka,12.93374,77.57008,+91 ******1800,2026-05-27,True,10,True,0.68
2454,DONOR-MA-02454,B+,Mumbai,Maharashtra,19.08631,72.9023,+91 ******2386,2025-10-21,True,3,True,0.66
2455,DONOR-UT-02455,O+,Noida,Uttar Pradesh,28.51446,77.34597,+91 ******8641,2025-09-20,True,3,True,0.89
2456,DONOR-UT-02456,A+,Noida,Uttar Pradesh,28.58116,77.3715,+91 ******4716,2025-09-24,True,14,False,0.96
2457,DONOR-UT-02457,O-,Noida,Uttar Pradesh,28.50727,77.35282,+91 ******9463,2026-05-11,True,6,False,0.86
2458,DONOR-TA-02458,AB-,Chennai,Tamil Nadu,13.04594,80.27984,+91 ******8123,2025-11-20,True,14,True,0.75
2459,DONOR-HA-02459,A+,Gurugram,Haryana,28.43919,76.97774,+91 ******3479,2025-10-10,True,9,False,0.76
2460,DONOR-MA-02460,A-,Mumbai,Maharashtra,19.0291,72.92095,+91 ******8014,2026-01-17,True,10,True,0.83
2461,DONOR-WE-02461,AB-,Kolkata,West Bengal,22.53511,88.40767,+91 ******1556,2025-11-17,True,7,True,0.94
2462,DONOR-UT-02462,O-,Noida,Uttar Pradesh,28.53289,77.37745,+91 ******1045,2025-10-06,True,10,True,0.68
2463,DONOR-WE-02463,A+,Kolkata,West Bengal,22.57979,88.41172,+91 ******5757,2026-06-06,True,5,False,0.96
2464,DONOR-TA-02464,A-,Chennai,Tamil Nadu,13.05846,80.29178,+91 ******4695,2026-03-14,True,11,False,0.87
2465,DONOR-TE-02465,O-,Hyderabad,Telangana,17.42004,78.44639,+91 ******9129,2026-07-28,False,8,False,0.71
2466,DONOR-TA-02466,A-,Chennai,Tamil Nadu,13.13176,80.25566,+91 ******7865,2026-04-30,True,13,True,0.87
2467,DONOR-DE-02467,B-,Delhi,Delhi,28.57856,77.19235,+91 ******2162,2025-10-09,True,9,True,0.72
2468,DONOR-DE-02468,AB+,Delhi,Delhi,28.58289,77.23218,+91 ******6087,2026-03-26,True,14,True,0.83
2469,DONOR-DE-02469,O+,Delhi,Delhi,28.64187,77.20834,+91 ******8273,2026-08-10,False,14,False,0.72
2470,DONOR-UT-02470,AB-,Noida,Uttar Pradesh,28.5778,77.42949,+91 ******7775,2025-12-26,True,2,True,0.85
2471,DONOR-TA-02471,A-,Chennai,Tamil Nadu,13.09569,80.31845,+91 ******6853,2025-11-11,True,8,True,0.97
2472,DONOR-HA-02472,AB-,Gurugram,Haryana,28.49589,77.03591,+91 ******5390,2026-07-14,False,7,False,0.73
2473,DONOR-UT-02473,AB-,Noida,Uttar Pradesh,28.54133,77.3764,+91 ******6641,2026-08-23,False,9,True,0.89
2474,DONOR-UT-02474,O+,Noida,Uttar Pradesh,28.5176,77.42452,+91 ******5444,2026-04-12,True,11,True,0.85
2475,DONOR-UT-02475,A+,Noida,Uttar Pradesh,28.57768,77.34569,+91 ******8746,2025-12-15,True,1,False,0.84
2476,DONOR-DE-02476,AB+,Delhi,Delhi,28.63558,77.19089,+91 ******2920,2026-03-17,True,1,True,0.73
2477,DONOR-HA-02477,O+,Gurugram,Haryana,28.42732,77.05703,+91 ******4424,2026-08-11,False,7,True,0.9
2478,DONOR-DE-02478,AB+,Delhi,Delhi,28.58775,77.19617,+91 ******7542,2025-11-18,True,11,True,0.9
2479,DONOR-TA-02479,B+,Chennai,Tamil Nadu,13.08612,80.22194,+91 ******6270,2026-02-04,True,10,True,0.68
2480,DONOR-WE-02480,B-,Kolkata,West Bengal,22.55085,88.35763,+91 ******4385,2025-10-20,True,12,False,0.89
2481,DONOR-HA-02481,AB+,Gurugram,Haryana,28.42951,77.06985,+91 ******8674,2025-10-18,True,5,True,0.82
2482,DONOR-DE-02482,O-,Delhi,Delhi,28.64011,77.24304,+91 ******1697,2025-12-17,True,1,True,0.66
2483,DONOR-UT-02483,B-,Noida,Uttar Pradesh,28.54545,77.40251,+91 ******5622,2025-11-20,True,2,False,0.87
2484,DONOR-HA-02484,AB+,Gurugram,Haryana,28.49058,77.01446,+91 ******6493,2026-07-05,False,9,True,0.67
2485,DONOR-HA-02485,A-,Gurugram,Haryana,28.48953,77.0007,+91 ******2954,2025-09-21,True,10,True,0.66
2486,DONOR-TA-02486,A+,Chennai,Tamil Nadu,13.11257,80.28792,+91 ******3404,2026-06-03,True,6,False,0.95
2487,DONOR-DE-02487,AB+,Delhi,Delhi,28.6115,77.2542,+91 ******5563,2026-02-18,True,8,True,0.97
2488,DONOR-DE-02488,B-,Delhi,Delhi,28.65025,77.22689,+91 ******3254,2025-09-10,True,2,True,0.67
2489,DONOR-WE-02489,B-,Kolkata,West Bengal,22.59719,88.39619,+91 ******6553,2025-11-03,True,10,False,0.94
2490,DONOR-TA-02490,B+,Chennai,Tamil Nadu,13.11309,80.32048,+91 ******7675,2026-06-17,False,4,True,0.9
2491,DONOR-WE-02491,O+,Kolkata,West Bengal,22.61488,88.35023,+91 ******3258,2026-08-17,False,2,True,0.75
2492,DONOR-HA-02492,B-,Gurugram,Haryana,28.4469,77.0579,+91 ******1097,2026-01-06,True,7,True,0.67
2493,DONOR-DE-02493,O+,Delhi,Delhi,28.60324,77.16315,+91 ******4910,2026-02-02,True,14,False,0.66
2494,DONOR-UT-02494,A-,Noida,Uttar Pradesh,28.5502,77.38389,+91 ******9929,2026-08-19,False,1,True,0.84
2495,DONOR-UT-02495,B+,Noida,Uttar Pradesh,28.58434,77.34687,+91 ******1472,2026-04-24,True,6,False,0.85
2496,DONOR-TE-02496,O-,Hyderabad,Telangana,17.35081,78.4567,+91 ******7078,2025-12-31,True,12,True,0.73
2497,DONOR-UT-02497,A+,Noida,Uttar Pradesh,28.54295,77.42344,+91 ******1682,2026-02-04,True,10,True,0.79
2498,DONOR-HA-02498,AB-,Gurugram,Haryana,28.4958,77.02295,+91 ******5837,2025-12-14,True,5,True,0.97
2499,DONOR-HA-02499,AB+,Gurugram,Haryana,28.41388,77.00518,+91 ******5612,2025-11-11,True,6,False,0.68
2500,DONOR-DE-02500,AB-,Delhi,Delhi,28.62696,77.17108,+91 ******7378,2025-11-16,True,11,True,0.72
2501,DONOR-KA-02501,B+,Bengaluru,Karnataka,12.99781,77.58441,+91 ******3570,2026-01-28,True,10,True,0.77
2502,DONOR-UT-02502,O+,Noida,Uttar Pradesh,28.53483,77.3905,+91 ******7674,2026-03-15,True,1,False,0.92
2503,DONOR-UT-02503,O+,Noida,Uttar Pradesh,28.56659,77.42504,+91 ******9876,2026-03-18,True,1,True,0.75
2504,DONOR-HA-02504,B+,Gurugram,Haryana,28.48528,77.06678,+91 ******1262,2026-01-28,True,4,True,0.98
2505,DONOR-TE-02505,A+,Hyderabad,Telangana,17.3854,78.43942,+91 ******4261,2026-02-13,True,2,True,0.87
2506,DONOR-UT-02506,A+,Noida,Uttar Pradesh,28.52782,77.4219,+91 ******7934,2026-03-15,True,6,True,0.84
2507,DONOR-TE-02507,B-,Hyderabad,Telangana,17.34789,78.46227,+91 ******4427,2026-07-16,False,10,True,0.8
2508,DONOR-KA-02508,B-,Bengaluru,Karnataka,12.92726,77.58214,+91 ******6986,2026-04-10,True,2,True,0.76
2509,DONOR-TA-02509,A-,Chennai,Tamil Nadu,13.09105,80.25263,+91 ******3017,2025-12-31,True,13,True,0.82
2510,DONOR-WE-02510,B-,Kolkata,West Bengal,22.56607,88.38826,+91 ******7629,2026-03-23,True,7,True,0.94
2511,DONOR-MA-02511,AB+,Mumbai,Maharashtra,19.04548,72.85993,+91 ******9108,2025-10-17,True,11,True,0.8
2512,DONOR-DE-02512,O-,Delhi,Delhi,28.60133,77.20587,+91 ******4979,2026-05-20,True,14,True,0.89
2513,DONOR-KA-02513,B+,Bengaluru,Karnataka,12.94604,77.5452,+91 ******2642,2025-09-29,True,3,False,0.77
2514,DONOR-TA-02514,B-,Chennai,Tamil Nadu,13.05689,80.23967,+91 ******8848,2026-06-11,False,13,True,0.72
2515,DONOR-WE-02515,AB-,Kolkata,West Bengal,22.55151,88.31789,+91 ******3185,2025-11-09,True,4,True,0.92
2516,DONOR-TA-02516,AB+,Chennai,Tamil Nadu,13.07031,80.30665,+91 ******4061,2025-09-23,True,3,True,0.95
2517,DONOR-HA-02517,A+,Gurugram,Haryana,28.43188,77.03009,+91 ******3305,2026-03-03,True,3,False,0.71
2518,DONOR-UT-02518,B-,Noida,Uttar Pradesh,28.51064,77.44016,+91 ******7935,2026-07-21,False,4,True,0.71
2519,DONOR-KA-02519,A-,Bengaluru,Karnataka,12.95093,77.56584,+91 ******9104,2026-03-24,True,10,True,0.7
2520,DONOR-DE-02520,AB-,Delhi,Delhi,28.64387,77.20733,+91 ******2377,2026-03-12,True,14,False,0.76
2521,DONOR-WE-02521,A-,Kolkata,West Bengal,22.52836,88.4065,+91 ******8150,2026-03-11,True,4,True,0.72
2522,DONOR-DE-02522,B-,Delhi,Delhi,28.56428,77.24223,+91 ******5028,2026-03-31,True,11,False,0.91
2523,DONOR-WE-02523,O-,Kolkata,West Bengal,22.62189,88.38637,+91 ******3101,2026-06-07,True,8,True,0.72
2524,DONOR-UT-02524,O+,Noida,Uttar Pradesh,28.52692,77.4136,+91 ******7527,2026-08-06,False,5,True,0.66
2525,DONOR-TA-02525,O+,Chennai,Tamil Nadu,13.03304,80.27655,+91 ******4900,2026-07-28,False,13,False,0.85
2526,DONOR-HA-02526,A-,Gurugram,Haryana,28.47189,77.05621,+91 ******5713,2026-06-15,False,12,True,0.86
2527,DONOR-KA-02527,A+,Bengaluru,Karnataka,12.99439,77.55783,+91 ******5427,2025-12-13,True,11,True,0.79
2528,DONOR-TE-02528,AB-,Hyderabad,Telangana,17.38563,78.4795,+91 ******3256,2026-01-20,True,10,True,0.93
2529,DONOR-WE-02529,O+,Kolkata,West Bengal,22.60564,88.31528,+91 ******5015,2026-08-03,False,4,True,0.87
2530,DONOR-TE-02530,O+,Hyderabad,Telangana,17.39843,78.51609,+91 ******5298,2026-01-29,True,12,False,0.84
2531,DONOR-KA-02531,A-,Bengaluru,Karnataka,12.95311,77.59317,+91 ******4422,2025-10-27,True,9,True,0.97
2532,DONOR-TA-02532,AB+,Chennai,Tamil Nadu,13.10756,80.30456,+91 ******2267,2026-04-03,True,10,True,0.82
2533,DONOR-DE-02533,A+,Delhi,Delhi,28.62283,77.22102,+91 ******6137,2026-03-15,True,14,False,0.88
2534,DONOR-MA-02534,B-,Mumbai,Maharashtra,19.04029,72.86939,+91 ******5859,2026-01-12,True,3,False,0.72
2535,DONOR-KA-02535,A-,Bengaluru,Karnataka,13.01092,77.55474,+91 ******3571,2026-07-03,False,11,True,0.68
2536,DONOR-KA-02536,A+,Bengaluru,Karnataka,12.97784,77.57854,+91 ******1266,2026-04-17,True,12,False,0.88
2537,DONOR-WE-02537,B-,Kolkata,West Bengal,22.59673,88.41267,+91 ******3252,2026-06-01,True,14,True,0.83
2538,DONOR-KA-02538,AB-,Bengaluru,Karnataka,13.0155,77.57462,+91 ******3647,2025-10-01,True,7,True,0.9
2539,DONOR-TA-02539,B+,Chennai,Tamil Nadu,13.03912,80.27204,+91 ******9623,2025-12-10,True,3,False,0.82
2540,DONOR-TA-02540,O+,Chennai,Tamil Nadu,13.03848,80.28643,+91 ******2104,2026-03-28,True,9,False,0.88
2541,DONOR-MA-02541,O+,Mumbai,Maharashtra,19.09579,72.85324,+91 ******7063,2025-09-29,True,5,True,0.97
2542,DONOR-KA-02542,O+,Bengaluru,Karnataka,12.96074,77.6199,+91 ******9442,2026-03-10,True,11,True,0.74
2543,DONOR-WE-02543,O-,Kolkata,West Bengal,22.54188,88.38173,+91 ******1060,2026-04-22,True,3,False,0.92
2544,DONOR-DE-02544,A-,Delhi,Delhi,28.64784,77.16494,+91 ******7835,2026-06-12,False,7,True,0.65
2545,DONOR-WE-02545,O+,Kolkata,West Bengal,22.55487,88.40399,+91 ******9299,2026-01-05,True,5,True,0.87
2546,DONOR-WE-02546,AB-,Kolkata,West Bengal,22.55485,88.38906,+91 ******9086,2026-02-21,True,2,True,0.71
2547,DONOR-TA-02547,O-,Chennai,Tamil Nadu,13.0758,80.22127,+91 ******7331,2026-07-28,False,6,True,0.92
2548,DONOR-HA-02548,O+,Gurugram,Haryana,28.43862,76.98235,+91 ******7794,2026-07-18,False,6,False,0.69
2549,DONOR-HA-02549,O-,Gurugram,Haryana,28.49868,77.06276,+91 ******2125,2026-04-12,True,5,False,0.91
2550,DONOR-MA-02550,A+,Mumbai,Maharashtra,19.04616,72.86835,+91 ******7976,2025-11-23,True,9,True,0.93
2551,DONOR-TA-02551,B-,Chennai,Tamil Nadu,13.11943,80.29372,+91 ******1325,2026-01-04,True,7,False,0.94
2552,DONOR-KA-02552,O+,Bengaluru,Karnataka,13.00259,77.57138,+91 ******9399,2026-05-07,True,1,False,0.91
2553,DONOR-TE-02553,A+,Hyderabad,Telangana,17.40813,78.49076,+91 ******4659,2025-11-23,True,10,True,0.74
2554,DONOR-UT-02554,A-,Noida,Uttar Pradesh,28.50676,77.4078,+91 ******8098,2026-08-17,False,14,True,0.85
2555,DONOR-TA-02555,A-,Chennai,Tamil Nadu,13.04619,80.24797,+91 ******5402,2026-06-06,True,4,True,0.85
2556,DONOR-DE-02556,AB-,Delhi,Delhi,28.59378,77.25044,+91 ******4352,2025-12-29,True,13,True,0.9
2557,DONOR-TA-02557,O-,Chennai,Tamil Nadu,13.06262,80.27164,+91 ******6273,2026-08-16,False,11,True,0.72
2558,DONOR-KA-02558,A+,Bengaluru,Karnataka,12.98928,77.63343,+91 ******9986,2025-10-28,True,3,True,0.79
2559,DONOR-HA-02559,B-,Gurugram,Haryana,28.48122,77.0017,+91 ******1725,2026-06-09,True,2,True,0.83
2560,DONOR-HA-02560,B-,Gurugram,Haryana,28.44271,77.00464,+91 ******8678,2026-08-15,False,14,True,0.66
2561,DONOR-UT-02561,AB+,Noida,Uttar Pradesh,28.54185,77.385,+91 ******8719,2025-12-31,True,9,True,0.77
2562,DONOR-TE-02562,O+,Hyderabad,Telangana,17.43057,78.44807,+91 ******2092,2026-03-18,True,12,False,0.95
2563,DONOR-HA-02563,O+,Gurugram,Haryana,28.42965,77.02669,+91 ******6242,2026-06-18,False,12,True,0.96
2564,DONOR-UT-02564,B+,Noida,Uttar Pradesh,28.54256,77.35692,+91 ******4600,2025-09-26,True,7,False,0.86
2565,DONOR-WE-02565,O+,Kolkata,West Bengal,22.59424,88.38957,+91 ******8524,2026-05-31,True,14,True,0.96
2566,DONOR-MA-02566,O+,Mumbai,Maharashtra,19.03587,72.92592,+91 ******1040,2026-05-17,True,7,False,0.84
2567,DONOR-UT-02567,O-,Noida,Uttar Pradesh,28.52265,77.43917,+91 ******2479,2025-11-25,True,9,True,0.75
2568,DONOR-HA-02568,O+,Gurugram,Haryana,28.49814,77.05893,+91 ******6118,2026-03-02,True,10,True,0.93
2569,DONOR-WE-02569,B-,Kolkata,West Bengal,22.61539,88.33746,+91 ******3366,2025-12-31,True,11,True,0.8
2570,DONOR-DE-02570,A+,Delhi,Delhi,28.66197,77.24739,+91 ******8725,2026-04-29,True,1,True,0.91
2571,DONOR-WE-02571,A+,Kolkata,West Bengal,22.55424,88.34117,+91 ******8340,2025-11-19,True,11,True,0.74
2572,DONOR-TA-02572,O-,Chennai,Tamil Nadu,13.13114,80.27879,+91 ******2156,2026-04-13,True,7,True,0.75
2573,DONOR-UT-02573,A+,Noida,Uttar Pradesh,28.58438,77.42885,+91 ******9860,2025-11-18,True,14,True,0.72
2574,DONOR-UT-02574,AB+,Noida,Uttar Pradesh,28.52077,77.34748,+91 ******1951,2025-12-14,True,6,True,0.85
2575,DONOR-WE-02575,AB+,Kolkata,West Bengal,22.53936,88.39658,+91 ******9282,2026-05-08,True,9,True,0.79
2576,DONOR-DE-02576,O+,Delhi,Delhi,28.65002,77.25495,+91 ******8847,2025-09-07,True,2,False,0.85
2577,DONOR-UT-02577,AB-,Noida,Uttar Pradesh,28.50354,77.43457,+91 ******1456,2025-09-16,True,12,False,0.94
2578,DONOR-UT-02578,O+,Noida,Uttar Pradesh,28.50097,77.39771,+91 ******9568,2025-11-20,True,14,True,0.9
2579,DONOR-HA-02579,O+,Gurugram,Haryana,28.49105,76.97926,+91 ******1115,2025-12-16,True,7,True,0.93
2580,DONOR-DE-02580,B-,Delhi,Delhi,28.65121,77.16371,+91 ******3161,2025-10-27,True,8,True,0.84
2581,DONOR-HA-02581,AB+,Gurugram,Haryana,28.44826,77.03727,+91 ******4668,2026-04-27,True,12,True,0.96
2582,DONOR-WE-02582,B-,Kolkata,West Bengal,22.58874,88.37465,+91 ******1757,2026-01-03,True,12,True,0.79
2583,DONOR-TE-02583,B-,Hyderabad,Telangana,17.38102,78.49812,+91 ******4691,2025-12-01,True,6,True,0.8
2584,DONOR-TA-02584,A-,Chennai,Tamil Nadu,13.07693,80.29467,+91 ******4572,2026-05-28,True,6,True,0.86
2585,DONOR-TE-02585,A-,Hyderabad,Telangana,17.379,78.52721,+91 ******3080,2026-02-21,True,9,True,0.85
2586,DONOR-MA-02586,A+,Mumbai,Maharashtra,19.07766,72.89879,+91 ******5315,2026-04-02,True,5,True,0.82
2587,DONOR-MA-02587,O-,Mumbai,Maharashtra,19.03647,72.83533,+91 ******6055,2026-07-22,False,1,True,0.88
2588,DONOR-HA-02588,B-,Gurugram,Haryana,28.50312,77.07438,+91 ******1806,2026-03-11,True,7,True,0.8
2589,DONOR-TE-02589,A+,Hyderabad,Telangana,17.39778,78.47605,+91 ******2223,2025-11-23,True,10,True,0.94
2590,DONOR-TA-02590,AB+,Chennai,Tamil Nadu,13.09449,80.27447,+91 ******4803,2026-06-12,False,13,True,0.74
2591,DONOR-WE-02591,A+,Kolkata,West Bengal,22.57384,88.34024,+91 ******5807,2025-12-24,True,13,True,0.92
2592,DONOR-WE-02592,A-,Kolkata,West Bengal,22.59516,88.35663,+91 ******1354,2026-03-24,True,7,False,0.69
2593,DONOR-TE-02593,A-,Hyderabad,Telangana,17.38298,78.51254,+91 ******4412,2025-12-07,True,6,True,0.81
2594,DONOR-TA-02594,O-,Chennai,Tamil Nadu,13.10334,80.23672,+91 ******3413,2025-09-15,True,4,False,0.78
2595,DONOR-MA-02595,AB-,Mumbai,Maharashtra,19.09707,72.84137,+91 ******6430,2026-07-09,False,12,True,0.86
2596,DONOR-MA-02596,A-,Mumbai,Maharashtra,19.04866,72.85771,+91 ******7108,2026-02-12,True,9,True,0.89
2597,DONOR-MA-02597,B-,Mumbai,Maharashtra,19.08431,72.90741,+91 ******8644,2026-08-11,False,5,False,0.78
2598,DONOR-TA-02598,AB-,Chennai,Tamil Nadu,13.1036,80.25958,+91 ******6658,2026-06-22,False,9,False,0.68
2599,DONOR-TA-02599,O+,Chennai,Tamil Nadu,13.05947,80.31389,+91 ******2882,2025-10-15,True,2,True,0.76
2600,DONOR-HA-02600,O+,Gurugram,Haryana,28.49926,76.98429,+91 ******2540,2025-09-17,True,10,True,0.86
2601,DONOR-KA-02601,O-,Bengaluru,Karnataka,13.01072,77.55449,+91 ******5480,2026-03-23,True,7,True,0.67
2602,DONOR-KA-02602,AB+,Bengaluru,Karnataka,13.00333,77.56494,+91 ******8368,2025-12-17,True,1,True,0.69
2603,DONOR-HA-02603,B-,Gurugram,Haryana,28.4631,77.00546,+91 ******4954,2025-10-01,True,13,True,0.92
2604,DONOR-WE-02604,B+,Kolkata,West Bengal,22.61877,88.37734,+91 ******7299,2026-08-08,False,2,True,0.71
2605,DONOR-WE-02605,O+,Kolkata,West Bengal,22.56784,88.32621,+91 ******7807,2026-02-11,True,7,True,0.65
2606,DONOR-TE-02606,A+,Hyderabad,Telangana,17.40966,78.52823,+91 ******3849,2026-04-03,True,3,True,0.93
2607,DONOR-HA-02607,A+,Gurugram,Haryana,28.4775,77.07448,+91 ******9916,2026-04-08,True,2,True,0.72
2608,DONOR-TA-02608,AB-,Chennai,Tamil Nadu,13.12989,80.27607,+91 ******8999,2026-01-20,True,10,True,0.68
2609,DONOR-TA-02609,AB+,Chennai,Tamil Nadu,13.09413,80.25344,+91 ******5987,2025-10-02,True,14,True,0.74
2610,DONOR-DE-02610,O-,Delhi,Delhi,28.62558,77.18013,+91 ******2026,2026-02-25,True,5,True,0.95
2611,DONOR-WE-02611,A-,Kolkata,West Bengal,22.61077,88.32791,+91 ******1860,2026-02-12,True,9,True,0.81
2612,DONOR-HA-02612,O+,Gurugram,Haryana,28.44746,76.98325,+91 ******6844,2025-10-28,True,10,True,0.77
2613,DONOR-HA-02613,AB+,Gurugram,Haryana,28.47344,77.0252,+91 ******7154,2026-01-11,True,13,False,0.85
2614,DONOR-DE-02614,A+,Delhi,Delhi,28.58553,77.24483,+91 ******6298,2025-11-16,True,3,True,0.76
2615,DONOR-UT-02615,AB+,Noida,Uttar Pradesh,28.55836,77.43888,+91 ******5727,2026-04-07,True,9,True,0.7
2616,DONOR-MA-02616,A-,Mumbai,Maharashtra,19.08327,72.85777,+91 ******4824,2026-04-22,True,5,True,0.74
2617,DONOR-UT-02617,B+,Noida,Uttar Pradesh,28.52288,77.38922,+91 ******4243,2025-10-30,True,6,False,0.74
2618,DONOR-TA-02618,A-,Chennai,Tamil Nadu,13.0853,80.26736,+91 ******4500,2026-03-14,True,3,True,0.65
2619,DONOR-DE-02619,O+,Delhi,Delhi,28.62222,77.18754,+91 ******9119,2026-01-10,True,7,False,0.71
2620,DONOR-TE-02620,B-,Hyderabad,Telangana,17.3852,78.44268,+91 ******8871,2025-11-22,True,2,True,0.84
2621,DONOR-TE-02621,O-,Hyderabad,Telangana,17.34421,78.44319,+91 ******8096,2026-04-28,True,9,True,0.86
2622,DONOR-DE-02622,A-,Delhi,Delhi,28.61249,77.21385,+91 ******8472,2025-11-16,True,1,True,0.78
2623,DONOR-TE-02623,O+,Hyderabad,Telangana,17.37732,78.44959,+91 ******1866,2026-01-03,True,11,True,0.93
2624,DONOR-HA-02624,B-,Gurugram,Haryana,28.49587,77.0588,+91 ******4242,2025-09-21,True,13,True,0.77
2625,DONOR-KA-02625,A+,Bengaluru,Karnataka,12.93952,77.6189,+91 ******7623,2026-08-17,False,1,False,0.67
2626,DONOR-WE-02626,AB-,Kolkata,West Bengal,22.61003,88.41158,+91 ******1309,2026-03-05,True,14,False,0.75
2627,DONOR-UT-02627,O+,Noida,Uttar Pradesh,28.49508,77.41983,+91 ******7614,2026-08-10,False,8,False,0.75
2628,DONOR-KA-02628,A-,Bengaluru,Karnataka,12.95358,77.60348,+91 ******1312,2026-06-12,False,14,True,0.94
2629,DONOR-MA-02629,B+,Mumbai,Maharashtra,19.11088,72.87963,+91 ******3223,2026-06-19,False,5,False,0.98
2630,DONOR-MA-02630,A+,Mumbai,Maharashtra,19.11291,72.88641,+91 ******3885,2026-05-21,True,6,True,0.87
2631,DONOR-UT-02631,A-,Noida,Uttar Pradesh,28.58159,77.41492,+91 ******2237,2026-07-31,False,13,False,0.83
2632,DONOR-MA-02632,AB-,Mumbai,Maharashtra,19.04836,72.8378,+91 ******3855,2026-04-29,True,3,True,0.97
2633,DONOR-UT-02633,AB-,Noida,Uttar Pradesh,28.56516,77.35683,+91 ******5164,2025-10-21,True,14,True,0.87
2634,DONOR-TE-02634,AB+,Hyderabad,Telangana,17.34762,78.46713,+91 ******7549,2025-12-10,True,13,True,0.85
2635,DONOR-WE-02635,O+,Kolkata,West Bengal,22.60191,88.33123,+91 ******9388,2025-10-29,True,7,False,0.71
2636,DONOR-DE-02636,O+,Delhi,Delhi,28.63687,77.21733,+91 ******5055,2026-02-22,True,13,True,0.87
2637,DONOR-MA-02637,B+,Mumbai,Maharashtra,19.05367,72.88498,+91 ******6906,2025-10-01,True,10,True,0.73
2638,DONOR-WE-02638,O+,Kolkata,West Bengal,22.60608,88.32311,+91 ******7285,2026-05-25,True,6,True,0.84
2639,DONOR-UT-02639,AB-,Noida,Uttar Pradesh,28.51225,77.4174,+91 ******3583,2026-02-05,True,13,False,0.86
2640,DONOR-DE-02640,AB+,Delhi,Delhi,28.62586,77.20066,+91 ******2724,2026-03-23,True,8,True,0.77
2641,DONOR-MA-02641,AB+,Mumbai,Maharashtra,19.06643,72.88586,+91 ******3609,2026-02-15,True,8,True,0.96
2642,DONOR-WE-02642,B-,Kolkata,West Bengal,22.56603,88.34568,+91 ******6538,2026-04-26,True,9,True,0.88
2643,DONOR-WE-02643,B-,Kolkata,West Bengal,22.53533,88.37728,+91 ******6555,2025-11-01,True,3,False,0.94
2644,DONOR-WE-02644,AB-,Kolkata,West Bengal,22.57199,88.37314,+91 ******2691,2026-03-24,True,8,False,0.86
2645,DONOR-WE-02645,AB-,Kolkata,West Bengal,22.61769,88.38839,+91 ******4679,2025-11-16,True,5,False,0.87
2646,DONOR-WE-02646,A+,Kolkata,West Bengal,22.57745,88.36392,+91 ******5036,2026-01-16,True,7,True,0.78
2647,DONOR-HA-02647,A-,Gurugram,Haryana,28.4391,77.02364,+91 ******4872,2025-09-30,True,7,False,0.93
2648,DONOR-UT-02648,O-,Noida,Uttar Pradesh,28.49565,77.43069,+91 ******4223,2025-12-03,True,2,False,0.66
2649,DONOR-MA-02649,A+,Mumbai,Maharashtra,19.0734,72.86565,+91 ******3720,2025-12-25,True,2,False,0.85
2650,DONOR-TA-02650,O+,Chennai,Tamil Nadu,13.12859,80.31108,+91 ******3292,2026-08-14,False,12,False,0.72
2651,DONOR-HA-02651,AB+,Gurugram,Haryana,28.50742,77.0745,+91 ******4218,2026-02-01,True,13,True,0.78
2652,DONOR-TE-02652,O+,Hyderabad,Telangana,17.39924,78.52053,+91 ******3694,2025-10-31,True,14,True,0.76
2653,DONOR-WE-02653,O-,Kolkata,West Bengal,22.54311,88.39549,+91 ******2783,2025-10-21,True,3,True,0.84
2654,DONOR-KA-02654,A-,Bengaluru,Karnataka,12.92273,77.58414,+91 ******5296,2025-11-03,True,11,False,0.86
2655,DONOR-WE-02655,O-,Kolkata,West Bengal,22.59446,88.37062,+91 ******7717,2026-07-09,False,11,False,0.88
2656,DONOR-MA-02656,A-,Mumbai,Maharashtra,19.04785,72.84977,+91 ******1538,2026-06-28,False,7,False,0.77
2657,DONOR-DE-02657,A+,Delhi,Delhi,28.57526,77.23661,+91 ******5458,2026-04-19,True,13,True,0.71
2658,DONOR-MA-02658,O-,Mumbai,Maharashtra,19.05322,72.85489,+91 ******7869,2025-12-23,True,11,True,0.97
2659,DONOR-KA-02659,AB+,Bengaluru,Karnataka,12.97495,77.55464,+91 ******9937,2026-07-31,False,2,True,0.97
2660,DONOR-WE-02660,A-,Kolkata,West Bengal,22.57196,88.33555,+91 ******5113,2026-07-17,False,2,True,0.97
2661,DONOR-UT-02661,A+,Noida,Uttar Pradesh,28.56267,77.34576,+91 ******3646,2026-03-17,True,3,True,0.92
2662,DONOR-WE-02662,A+,Kolkata,West Bengal,22.60792,88.40648,+91 ******9917,2026-01-29,True,12,True,0.94
2663,DONOR-DE-02663,AB-,Delhi,Delhi,28.58854,77.17344,+91 ******5224,2026-05-13,True,5,True,0.94
2664,DONOR-DE-02664,O-,Delhi,Delhi,28.58485,77.17875,+91 ******2005,2026-01-18,True,10,True,0.68
2665,DONOR-UT-02665,AB-,Noida,Uttar Pradesh,28.50604,77.39535,+91 ******2308,2026-07-24,False,13,True,0.93
2666,DONOR-UT-02666,AB+,Noida,Uttar Pradesh,28.56457,77.3526,+91 ******2601,2026-06-15,False,14,True,0.98
2667,DONOR-KA-02667,A-,Bengaluru,Karnataka,13.01222,77.6115,+91 ******3647,2026-08-21,False,5,False,0.69
2668,DONOR-TA-02668,A-,Chennai,Tamil Nadu,13.11781,80.25061,+91 ******8939,2026-06-15,False,13,True,0.72
2669,DONOR-WE-02669,AB+,Kolkata,West Bengal,22.57024,88.36491,+91 ******7235,2025-12-15,True,14,True,0.85
2670,DONOR-MA-02670,AB+,Mumbai,Maharashtra,19.08141,72.9241,+91 ******9180,2026-08-04,False,10,True,0.87
2671,DONOR-WE-02671,B-,Kolkata,West Bengal,22.53481,88.37166,+91 ******3774,2026-03-30,True,11,False,0.76
2672,DONOR-DE-02672,AB-,Delhi,Delhi,28.57151,77.18275,+91 ******4568,2026-03-05,True,1,True,0.87
2673,DONOR-HA-02673,AB-,Gurugram,Haryana,28.44835,77.01725,+91 ******6642,2026-04-16,True,3,True,0.71
2674,DONOR-TA-02674,AB-,Chennai,Tamil Nadu,13.10666,80.31004,+91 ******3276,2026-08-22,False,5,True,0.92
2675,DONOR-TA-02675,AB-,Chennai,Tamil Nadu,13.09107,80.28042,+91 ******5520,2025-10-13,True,7,True,0.74
2676,DONOR-MA-02676,O+,Mumbai,Maharashtra,19.12412,72.83076,+91 ******6582,2026-06-30,False,8,True,0.87
2677,DONOR-WE-02677,B+,Kolkata,West Bengal,22.54342,88.35031,+91 ******5853,2025-12-08,True,14,True,0.8
2678,DONOR-UT-02678,O+,Noida,Uttar Pradesh,28.53107,77.37997,+91 ******6924,2026-06-16,False,6,False,0.78
2679,DONOR-DE-02679,AB+,Delhi,Delhi,28.61154,77.22533,+91 ******5817,2026-07-12,False,2,True,0.65
2680,DONOR-WE-02680,AB+,Kolkata,West Bengal,22.57352,88.40947,+91 ******3949,2026-01-20,True,1,True,0.82
2681,DONOR-UT-02681,O+,Noida,Uttar Pradesh,28.57319,77.34134,+91 ******7747,2025-10-01,True,9,True,0.87
2682,DONOR-UT-02682,O+,Noida,Uttar Pradesh,28.53409,77.39463,+91 ******8728,2026-08-20,False,3,False,0.89
2683,DONOR-UT-02683,B-,Noida,Uttar Pradesh,28.52062,77.42027,+91 ******3293,2026-06-02,True,3,True,0.71
2684,DONOR-HA-02684,B+,Gurugram,Haryana,28.43789,77.03021,+91 ******6353,2025-12-25,True,9,False,0.98
2685,DONOR-KA-02685,O-,Bengaluru,Karnataka,12.92479,77.57189,+91 ******5390,2026-08-04,False,10,True,0.73
2686,DONOR-UT-02686,AB-,Noida,Uttar Pradesh,28.55595,77.4346,+91 ******1486,2026-02-27,True,4,True,0.91
2687,DONOR-TA-02687,B+,Chennai,Tamil Nadu,13.12546,80.23717,+91 ******9693,2025-09-28,True,14,False,0.96
2688,DONOR-KA-02688,O-,Bengaluru,Karnataka,12.93337,77.61462,+91 ******6888,2025-09-17,True,9,True,0.85
2689,DONOR-TA-02689,A-,Chennai,Tamil Nadu,13.08512,80.22362,+91 ******1281,2025-11-20,True,1,True,0.68
2690,DONOR-KA-02690,AB+,Bengaluru,Karnataka,13.0126,77.61583,+91 ******4974,2026-03-08,True,2,True,0.94
2691,DONOR-HA-02691,AB+,Gurugram,Haryana,28.48816,77.02765,+91 ******5303,2026-07-06,False,8,True,0.91
2692,DONOR-KA-02692,B+,Bengaluru,Karnataka,12.99488,77.60748,+91 ******1596,2025-11-15,True,2,True,0.87
2693,DONOR-MA-02693,A+,Mumbai,Maharashtra,19.02826,72.8499,+91 ******9154,2026-02-28,True,11,True,0.8
2694,DONOR-UT-02694,AB+,Noida,Uttar Pradesh,28.55226,77.35073,+91 ******8284,2025-09-19,True,4,True,0.78
2695,DONOR-DE-02695,O-,Delhi,Delhi,28.59579,77.19219,+91 ******6643,2026-03-11,True,13,True,0.84
2696,DONOR-DE-02696,O+,Delhi,Delhi,28.61837,77.18683,+91 ******1010,2025-11-02,True,10,True,0.84
2697,DONOR-DE-02697,O+,Delhi,Delhi,28.63285,77.19493,+91 ******9516,2026-06-06,True,1,True,0.89
2698,DONOR-WE-02698,AB+,Kolkata,West Bengal,22.55576,88.35987,+91 ******8411,2026-04-26,True,6,True,0.66
2699,DONOR-WE-02699,O+,Kolkata,West Bengal,22.55443,88.35832,+91 ******4648,2026-07-07,False,11,True,0.75
2700,DONOR-DE-02700,AB+,Delhi,Delhi,28.5779,77.181,+91 ******9389,2026-08-13,False,4,True,0.78
2701,DONOR-HA-02701,AB+,Gurugram,Haryana,28.47351,77.06149,+91 ******5413,2026-03-25,True,8,True,0.81
2702,DONOR-HA-02702,AB+,Gurugram,Haryana,28.44181,77.06424,+91 ******9708,2026-08-19,False,11,False,0.9
2703,DONOR-KA-02703,AB+,Bengaluru,Karnataka,12.93901,77.57475,+91 ******1522,2026-08-21,False,2,True,0.69
2704,DONOR-UT-02704,AB-,Noida,Uttar Pradesh,28.55751,77.3752,+91 ******2769,2026-02-01,True,9,True,0.8
2705,DONOR-DE-02705,A+,Delhi,Delhi,28.60232,77.24241,+91 ******7206,2025-11-08,True,3,False,0.77
2706,DONOR-DE-02706,AB-,Delhi,Delhi,28.58782,77.23529,+91 ******3365,2026-05-02,True,11,True,0.77
2707,DONOR-MA-02707,O+,Mumbai,Maharashtra,19.11083,72.85992,+91 ******3282,2025-11-21,True,4,False,0.66
2708,DONOR-HA-02708,O-,Gurugram,Haryana,28.47001,77.01583,+91 ******2485,2025-10-11,True,3,False,0.75
2709,DONOR-HA-02709,A-,Gurugram,Haryana,28.46952,77.05952,+91 ******5948,2026-08-10,False,7,True,0.96
2710,DONOR-HA-02710,O+,Gurugram,Haryana,28.50002,77.01252,+91 ******3885,2026-04-22,True,7,True,0.81
2711,DONOR-DE-02711,B-,Delhi,Delhi,28.60352,77.25762,+91 ******1540,2026-02-23,True,2,True,0.84
2712,DONOR-DE-02712,B+,Delhi,Delhi,28.59411,77.23702,+91 ******1124,2026-02-21,True,3,False,0.68
2713,DONOR-DE-02713,AB-,Delhi,Delhi,28.57452,77.18294,+91 ******4467,2026-04-21,True,10,False,0.85
2714,DONOR-UT-02714,B+,Noida,Uttar Pradesh,28.54587,77.34121,+91 ******1355,2025-09-27,True,12,True,0.76
2715,DONOR-UT-02715,AB+,Noida,Uttar Pradesh,28.52318,77.35942,+91 ******7169,2026-03-02,True,12,True,0.82
2716,DONOR-TE-02716,B+,Hyderabad,Telangana,17.37039,78.49667,+91 ******8364,2026-08-22,False,4,False,0.91
2717,DONOR-TE-02717,A-,Hyderabad,Telangana,17.4077,78.53444,+91 ******4839,2026-06-15,False,7,True,0.8
2718,DONOR-UT-02718,B-,Noida,Uttar Pradesh,28.51399,77.37868,+91 ******5717,2026-01-10,True,8,False,0.89
2719,DONOR-KA-02719,A-,Bengaluru,Karnataka,13.0161,77.57987,+91 ******2710,2025-09-11,True,11,True,0.81
2720,DONOR-WE-02720,O-,Kolkata,West Bengal,22.59375,88.3479,+91 ******3896,2026-02-28,True,11,True,0.79
2721,DONOR-HA-02721,AB-,Gurugram,Haryana,28.41215,77.03415,+91 ******2417,2025-11-13,True,8,True,0.78
2722,DONOR-UT-02722,B-,Noida,Uttar Pradesh,28.56522,77.40349,+91 ******3163,2026-06-05,True,2,True,0.78
2723,DONOR-TA-02723,B-,Chennai,Tamil Nadu,13.0351,80.28362,+91 ******8005,2025-12-22,True,6,False,0.7
2724,DONOR-TA-02724,B+,Chennai,Tamil Nadu,13.04501,80.25627,+91 ******2173,2026-06-05,True,7,True,0.82
2725,DONOR-KA-02725,A-,Bengaluru,Karnataka,12.98631,77.58136,+91 ******9158,2026-05-03,True,2,False,0.7
2726,DONOR-KA-02726,AB-,Bengaluru,Karnataka,12.94086,77.5486,+91 ******8431,2026-04-20,True,13,True,0.84
2727,DONOR-HA-02727,B+,Gurugram,Haryana,28.49687,77.0469,+91 ******4394,2026-07-17,False,5,True,0.85
2728,DONOR-WE-02728,AB+,Kolkata,West Bengal,22.5606,88.33477,+91 ******9771,2025-12-21,True,2,True,0.83
2729,DONOR-TA-02729,B+,Chennai,Tamil Nadu,13.07397,80.27771,+91 ******4445,2026-03-02,True,1,False,0.91
2730,DONOR-DE-02730,O+,Delhi,Delhi,28.64535,77.23938,+91 ******8011,2026-06-01,True,5,False,0.8
2731,DONOR-MA-02731,B+,Mumbai,Maharashtra,19.11315,72.86458,+91 ******8992,2026-06-11,False,5,True,0.76
2732,DONOR-MA-02732,AB-,Mumbai,Maharashtra,19.0749,72.91114,+91 ******7426,2025-09-13,True,13,True,0.8
2733,DONOR-WE-02733,B+,Kolkata,West Bengal,22.54862,88.35803,+91 ******7977,2026-03-26,True,3,False,0.91
2734,DONOR-KA-02734,O+,Bengaluru,Karnataka,12.99242,77.62765,+91 ******6027,2026-08-12,False,11,False,0.65
2735,DONOR-WE-02735,O+,Kolkata,West Bengal,22.58046,88.41097,+91 ******6357,2026-01-21,True,9,True,0.93
2736,DONOR-HA-02736,O-,Gurugram,Haryana,28.49134,76.98202,+91 ******3070,2026-01-20,True,7,True,0.71
2737,DONOR-MA-02737,B-,Mumbai,Maharashtra,19.09997,72.89792,+91 ******8222,2025-10-13,True,5,True,0.74
2738,DONOR-HA-02738,AB-,Gurugram,Haryana,28.41679,77.03415,+91 ******8161,2026-03-22,True,1,False,0.91
2739,DONOR-KA-02739,AB+,Bengaluru,Karnataka,13.0109,77.59075,+91 ******1102,2025-09-15,True,6,True,0.89
2740,DONOR-TA-02740,AB+,Chennai,Tamil Nadu,13.1185,80.23439,+91 ******9515,2026-06-25,False,12,True,0.8
2741,DONOR-MA-02741,AB+,Mumbai,Maharashtra,19.04902,72.8888,+91 ******2533,2026-06-16,False,8,True,0.93
2742,DONOR-HA-02742,A+,Gurugram,Haryana,28.48692,76.99591,+91 ******3556,2025-09-27,True,10,True,0.74
2743,DONOR-UT-02743,A+,Noida,Uttar Pradesh,28.55728,77.38047,+91 ******8295,2026-01-31,True,7,False,0.86
2744,DONOR-HA-02744,B-,Gurugram,Haryana,28.49437,77.05498,+91 ******7985,2025-11-30,True,1,False,0.98
2745,DONOR-HA-02745,AB+,Gurugram,Haryana,28.41221,77.07151,+91 ******9486,2026-07-29,False,9,True,0.69
2746,DONOR-KA-02746,B-,Bengaluru,Karnataka,12.99892,77.63157,+91 ******4352,2026-05-11,True,7,True,0.87
2747,DONOR-WE-02747,O+,Kolkata,West Bengal,22.52489,88.3929,+91 ******9851,2026-05-30,True,8,True,0.86
2748,DONOR-MA-02748,AB+,Mumbai,Maharashtra,19.06412,72.91288,+91 ******5148,2025-09-30,True,7,True,0.85
2749,DONOR-DE-02749,A+,Delhi,Delhi,28.62013,77.19605,+91 ******5586,2026-01-21,True,2,True,0.7
2750,DONOR-TE-02750,AB-,Hyderabad,Telangana,17.41136,78.44606,+91 ******4525,2025-11-08,True,1,True,0.97
2751,DONOR-DE-02751,A-,Delhi,Delhi,28.57164,77.24889,+91 ******7414,2026-03-27,True,8,True,0.95
2752,DONOR-DE-02752,A+,Delhi,Delhi,28.61799,77.16388,+91 ******9348,2025-11-28,True,5,False,0.67
2753,DONOR-KA-02753,O+,Bengaluru,Karnataka,12.92774,77.5688,+91 ******7646,2026-02-26,True,9,True,0.88
2754,DONOR-TE-02754,B-,Hyderabad,Telangana,17.35409,78.50013,+91 ******5496,2026-07-02,False,8,True,0.76
2755,DONOR-DE-02755,O+,Delhi,Delhi,28.58361,77.22145,+91 ******2689,2026-08-17,False,9,True,0.78
2756,DONOR-TA-02756,AB+,Chennai,Tamil Nadu,13.0437,80.30478,+91 ******9993,2026-01-05,True,1,False,0.96
2757,DONOR-DE-02757,O+,Delhi,Delhi,28.57938,77.20526,+91 ******2682,2025-09-21,True,10,True,0.83
2758,DONOR-MA-02758,AB-,Mumbai,Maharashtra,19.07437,72.83798,+91 ******2748,2026-07-07,False,9,True,0.79
2759,DONOR-WE-02759,O-,Kolkata,West Bengal,22.53388,88.37078,+91 ******7314,2025-12-26,True,6,True,0.89
2760,DONOR-MA-02760,A+,Mumbai,Maharashtra,19.0924,72.84368,+91 ******8806,2026-07-21,False,12,True,0.66
2761,DONOR-MA-02761,A-,Mumbai,Maharashtra,19.06349,72.85326,+91 ******9832,2025-09-28,True,10,True,0.76
2762,DONOR-HA-02762,B+,Gurugram,Haryana,28.46404,77.00129,+91 ******5054,2026-04-23,True,5,False,0.78
2763,DONOR-HA-02763,A+,Gurugram,Haryana,28.41893,77.06714,+91 ******6491,2025-12-20,True,2,True,0.83
2764,DONOR-KA-02764,A+,Bengaluru,Karnataka,13.0145,77.58738,+91 ******4408,2025-12-18,True,14,True,0.72
2765,DONOR-HA-02765,B+,Gurugram,Haryana,28.48837,77.0107,+91 ******8569,2026-06-04,True,8,True,0.79
2766,DONOR-MA-02766,B+,Mumbai,Maharashtra,19.0515,72.83466,+91 ******2003,2026-02-15,True,6,False,0.82
2767,DONOR-KA-02767,O-,Bengaluru,Karnataka,12.96425,77.64143,+91 ******9918,2026-08-21,False,14,False,0.95
2768,DONOR-TA-02768,B-,Chennai,Tamil Nadu,13.04521,80.29291,+91 ******8482,2026-08-19,False,9,True,0.93
2769,DONOR-TA-02769,AB+,Chennai,Tamil Nadu,13.11204,80.26761,+91 ******2980,2026-06-25,False,3,True,0.88
2770,DONOR-TA-02770,A+,Chennai,Tamil Nadu,13.09795,80.31285,+91 ******1017,2026-05-14,True,1,True,0.68
2771,DONOR-UT-02771,B-,Noida,Uttar Pradesh,28.4903,77.35516,+91 ******3307,2026-04-03,True,5,True,0.81
2772,DONOR-DE-02772,O-,Delhi,Delhi,28.59878,77.22486,+91 ******8324,2025-09-18,True,2,True,0.93
2773,DONOR-WE-02773,A-,Kolkata,West Bengal,22.61607,88.38169,+91 ******8778,2025-10-29,True,7,True,0.85
2774,DONOR-TE-02774,AB+,Hyderabad,Telangana,17.41219,78.47696,+91 ******7663,2026-01-02,True,1,True,0.89
2775,DONOR-WE-02775,A+,Kolkata,West Bengal,22.575,88.33735,+91 ******5358,2026-03-29,True,1,True,0.77
2776,DONOR-HA-02776,AB-,Gurugram,Haryana,28.50312,77.06056,+91 ******7223,2026-06-14,False,4,True,0.86
2777,DONOR-HA-02777,B-,Gurugram,Haryana,28.42222,76.98542,+91 ******5233,2026-07-16,False,10,True,0.8
2778,DONOR-TE-02778,A+,Hyderabad,Telangana,17.40433,78.48452,+91 ******7903,2026-04-21,True,13,False,0.81
2779,DONOR-UT-02779,A+,Noida,Uttar Pradesh,28.49376,77.43547,+91 ******2575,2026-08-04,False,2,True,0.92
2780,DONOR-HA-02780,O+,Gurugram,Haryana,28.45141,76.97967,+91 ******3204,2026-08-07,False,6,True,0.89
2781,DONOR-KA-02781,B-,Bengaluru,Karnataka,13.00607,77.63557,+91 ******8466,2025-10-21,True,4,True,0.82
2782,DONOR-MA-02782,A-,Mumbai,Maharashtra,19.06182,72.91714,+91 ******4062,2025-10-20,True,5,True,0.81
2783,DONOR-UT-02783,O+,Noida,Uttar Pradesh,28.56732,77.37944,+91 ******7769,2025-12-08,True,14,False,0.92
2784,DONOR-HA-02784,O+,Gurugram,Haryana,28.41179,76.99737,+91 ******3272,2025-12-13,True,7,True,0.91
2785,DONOR-HA-02785,O-,Gurugram,Haryana,28.44054,77.03047,+91 ******3727,2026-04-10,True,11,False,0.65
2786,DONOR-DE-02786,A+,Delhi,Delhi,28.63282,77.23246,+91 ******3314,2025-09-21,True,9,True,0.67
2787,DONOR-KA-02787,A-,Bengaluru,Karnataka,12.98825,77.5823,+91 ******6236,2026-08-15,False,10,False,0.9
2788,DONOR-KA-02788,B-,Bengaluru,Karnataka,12.94245,77.55892,+91 ******7564,2026-06-26,False,12,False,0.86
2789,DONOR-MA-02789,O+,Mumbai,Maharashtra,19.12484,72.85973,+91 ******4556,2026-01-20,True,10,True,0.92
2790,DONOR-MA-02790,A+,Mumbai,Maharashtra,19.10718,72.83664,+91 ******1931,2026-07-25,False,10,False,0.92
2791,DONOR-MA-02791,AB+,Mumbai,Maharashtra,19.0326,72.87204,+91 ******1058,2026-06-26,False,14,True,0.97
2792,DONOR-HA-02792,AB+,Gurugram,Haryana,28.46217,77.07484,+91 ******6503,2026-04-27,True,2,True,0.94
2793,DONOR-HA-02793,AB+,Gurugram,Haryana,28.472,76.98166,+91 ******1808,2026-04-28,True,12,False,0.8
2794,DONOR-WE-02794,A+,Kolkata,West Bengal,22.53145,88.39093,+91 ******3791,2026-02-03,True,9,True,0.68
2795,DONOR-HA-02795,AB+,Gurugram,Haryana,28.47694,77.01951,+91 ******6714,2026-07-20,False,13,True,0.88
2796,DONOR-KA-02796,A-,Bengaluru,Karnataka,12.99851,77.62928,+91 ******4609,2026-02-27,True,14,True,0.68
2797,DONOR-TE-02797,A+,Hyderabad,Telangana,17.40309,78.53139,+91 ******5006,2025-09-12,True,14,True,0.81
2798,DONOR-MA-02798,A-,Mumbai,Maharashtra,19.08647,72.88957,+91 ******3285,2026-03-28,True,9,True,0.69
2799,DONOR-KA-02799,O+,Bengaluru,Karnataka,12.93559,77.58682,+91 ******8772,2026-04-26,True,12,True,0.86
2800,DONOR-UT-02800,O-,Noida,Uttar Pradesh,28.52605,77.38958,+91 ******2610,2025-12-21,True,8,True,0.95
2801,DONOR-MA-02801,AB-,Mumbai,Maharashtra,19.06692,72.85132,+91 ******9617,2025-11-18,True,1,False,0.87
2802,DONOR-HA-02802,B+,Gurugram,Haryana,28.45549,77.01675,+91 ******3603,2025-10-24,True,7,True,0.8
2803,DONOR-DE-02803,A-,Delhi,Delhi,28.62089,77.22778,+91 ******7505,2026-01-06,True,7,True,0.76
2804,DONOR-HA-02804,A+,Gurugram,Haryana,28.46453,77.04068,+91 ******9810,2025-09-11,True,8,False,0.84
2805,DONOR-TE-02805,O-,Hyderabad,Telangana,17.39156,78.44732,+91 ******6593,2026-03-11,True,8,True,0.79
2806,DONOR-TA-02806,A+,Chennai,Tamil Nadu,13.07072,80.22319,+91 ******7051,2026-05-19,True,6,False,0.67
2807,DONOR-KA-02807,O-,Bengaluru,Karnataka,12.93408,77.58868,+91 ******6401,2026-02-06,True,9,True,0.84
2808,DONOR-HA-02808,AB-,Gurugram,Haryana,28.46852,77.0715,+91 ******7495,2026-02-24,True,13,False,0.83
2809,DONOR-UT-02809,O+,Noida,Uttar Pradesh,28.55033,77.42515,+91 ******9611,2026-03-19,True,1,False,0.86
2810,DONOR-DE-02810,B+,Delhi,Delhi,28.56434,77.21935,+91 ******5419,2026-04-11,True,9,True,0.84
2811,DONOR-TA-02811,A+,Chennai,Tamil Nadu,13.06766,80.26701,+91 ******4816,2026-07-29,False,13,False,0.71
2812,DONOR-UT-02812,A-,Noida,Uttar Pradesh,28.49567,77.42872,+91 ******1216,2026-03-02,True,11,True,0.93
2813,DONOR-DE-02813,AB-,Delhi,Delhi,28.61324,77.17609,+91 ******7578,2026-08-12,False,3,True,0.7
2814,DONOR-MA-02814,O+,Mumbai,Maharashtra,19.06681,72.84878,+91 ******1256,2026-06-24,False,3,True,0.65
2815,DONOR-TA-02815,B+,Chennai,Tamil Nadu,13.09659,80.22268,+91 ******5287,2026-06-15,False,7,True,0.79
2816,DONOR-KA-02816,O-,Bengaluru,Karnataka,12.99177,77.60202,+91 ******4919,2026-02-18,True,13,True,0.75
2817,DONOR-DE-02817,AB+,Delhi,Delhi,28.63363,77.19166,+91 ******5539,2026-07-07,False,7,True,0.97
2818,DONOR-TE-02818,A+,Hyderabad,Telangana,17.42513,78.50453,+91 ******5189,2025-12-13,True,12,True,0.95
2819,DONOR-MA-02819,AB+,Mumbai,Maharashtra,19.06219,72.85809,+91 ******4585,2026-02-14,True,6,True,0.74
2820,DONOR-WE-02820,AB-,Kolkata,West Bengal,22.61223,88.41142,+91 ******7862,2025-09-18,True,14,True,0.87
2821,DONOR-KA-02821,AB-,Bengaluru,Karnataka,12.97227,77.62325,+91 ******4746,2025-11-09,True,11,True,0.79
2822,DONOR-HA-02822,O+,Gurugram,Haryana,28.49497,77.05981,+91 ******8113,2026-05-05,True,14,False,0.75
2823,DONOR-HA-02823,AB-,Gurugram,Haryana,28.41243,77.0429,+91 ******8745,2025-12-31,True,9,True,0.96
2824,DONOR-KA-02824,B-,Bengaluru,Karnataka,12.94597,77.62191,+91 ******7693,2025-09-24,True,11,True,0.73
2825,DONOR-MA-02825,A+,Mumbai,Maharashtra,19.11313,72.90058,+91 ******6524,2025-10-22,True,6,False,0.89
2826,DONOR-KA-02826,AB+,Bengaluru,Karnataka,12.95351,77.55056,+91 ******3865,2026-08-07,False,7,True,0.89
2827,DONOR-DE-02827,A+,Delhi,Delhi,28.56901,77.17871,+91 ******4213,2026-05-27,True,12,True,0.73
2828,DONOR-TA-02828,AB+,Chennai,Tamil Nadu,13.1234,80.30515,+91 ******6156,2025-10-25,True,11,True,0.76
2829,DONOR-DE-02829,B+,Delhi,Delhi,28.58807,77.25154,+91 ******7909,2026-07-22,False,6,True,0.77
2830,DONOR-TE-02830,AB+,Hyderabad,Telangana,17.33885,78.44997,+91 ******1079,2025-10-02,True,6,False,0.71
2831,DONOR-UT-02831,O-,Noida,Uttar Pradesh,28.51667,77.37534,+91 ******3281,2026-07-21,False,10,False,0.88
2832,DONOR-MA-02832,B-,Mumbai,Maharashtra,19.10844,72.90276,+91 ******6416,2025-10-10,True,2,True,0.89
2833,DONOR-UT-02833,AB+,Noida,Uttar Pradesh,28.49667,77.3649,+91 ******1478,2026-02-24,True,14,False,0.77
2834,DONOR-TA-02834,B+,Chennai,Tamil Nadu,13.11441,80.2356,+91 ******7230,2026-01-13,True,13,True,0.69
2835,DONOR-DE-02835,AB-,Delhi,Delhi,28.61626,77.20859,+91 ******4152,2025-11-26,True,6,False,0.97
2836,DONOR-KA-02836,B-,Bengaluru,Karnataka,12.98479,77.58774,+91 ******2324,2026-08-03,False,6,False,0.81
2837,DONOR-KA-02837,O-,Bengaluru,Karnataka,12.956,77.58035,+91 ******4603,2025-09-07,True,12,False,0.9
2838,DONOR-HA-02838,O-,Gurugram,Haryana,28.45689,77.03098,+91 ******7811,2026-06-29,False,4,False,0.73
2839,DONOR-UT-02839,O-,Noida,Uttar Pradesh,28.58527,77.35504,+91 ******6201,2026-07-10,False,6,True,0.89
2840,DONOR-HA-02840,O+,Gurugram,Haryana,28.48561,77.00233,+91 ******3847,2026-07-03,False,1,True,0.82
2841,DONOR-TA-02841,O+,Chennai,Tamil Nadu,13.07193,80.22211,+91 ******1970,2025-10-09,True,10,False,0.85
2842,DONOR-WE-02842,A-,Kolkata,West Bengal,22.54665,88.39291,+91 ******6505,2026-04-25,True,7,True,0.96
2843,DONOR-KA-02843,B+,Bengaluru,Karnataka,12.95516,77.61583,+91 ******9844,2025-10-12,True,14,False,0.87
2844,DONOR-WE-02844,B-,Kolkata,West Bengal,22.56667,88.38157,+91 ******3838,2026-07-03,False,5,True,0.92
2845,DONOR-DE-02845,B+,Delhi,Delhi,28.59476,77.19342,+91 ******5780,2026-07-08,False,1,False,0.85
2846,DONOR-MA-02846,B+,Mumbai,Maharashtra,19.06607,72.86433,+91 ******3371,2025-09-10,True,13,True,0.69
2847,DONOR-KA-02847,O+,Bengaluru,Karnataka,12.93485,77.58078,+91 ******8234,2026-02-15,True,8,False,0.85
2848,DONOR-UT-02848,AB+,Noida,Uttar Pradesh,28.55733,77.37028,+91 ******5673,2026-08-11,False,4,True,0.82
2849,DONOR-MA-02849,B-,Mumbai,Maharashtra,19.09069,72.85257,+91 ******7103,2025-10-13,True,13,False,0.66
2850,DONOR-HA-02850,A-,Gurugram,Haryana,28.47595,77.03513,+91 ******2944,2025-12-19,True,6,False,0.7
2851,DONOR-UT-02851,O+,Noida,Uttar Pradesh,28.58037,77.43461,+91 ******3072,2025-10-18,True,13,True,0.92
2852,DONOR-TA-02852,B+,Chennai,Tamil Nadu,13.05406,80.23687,+91 ******8001,2026-06-27,False,11,True,0.9
2853,DONOR-TA-02853,B-,Chennai,Tamil Nadu,13.05556,80.28256,+91 ******2604,2026-06-04,True,7,True,0.67
2854,DONOR-TE-02854,A-,Hyderabad,Telangana,17.37927,78.50464,+91 ******8930,2026-01-13,True,13,False,0.7
2855,DONOR-TA-02855,A-,Chennai,Tamil Nadu,13.08143,80.26491,+91 ******6673,2026-03-27,True,6,True,0.67
2856,DONOR-KA-02856,B+,Bengaluru,Karnataka,12.95338,77.54564,+91 ******1096,2026-05-25,True,13,True,0.89
2857,DONOR-MA-02857,AB+,Mumbai,Maharashtra,19.08205,72.8832,+91 ******4490,2026-08-06,False,11,True,0.67
2858,DONOR-TE-02858,B-,Hyderabad,Telangana,17.3853,78.48196,+91 ******1773,2026-02-01,True,11,True,0.74
2859,DONOR-MA-02859,AB+,Mumbai,Maharashtra,19.05331,72.89618,+91 ******6701,2025-12-31,True,11,False,0.88
2860,DONOR-HA-02860,A+,Gurugram,Haryana,28.43351,77.019,+91 ******2577,2025-12-08,True,2,True,0.92
2861,DONOR-HA-02861,B-,Gurugram,Haryana,28.45414,76.98377,+91 ******2640,2026-03-16,True,4,False,0.67
2862,DONOR-KA-02862,B+,Bengaluru,Karnataka,12.93757,77.54489,+91 ******9772,2026-04-25,True,6,True,0.71
2863,DONOR-MA-02863,A-,Mumbai,Maharashtra,19.09451,72.83538,+91 ******7336,2025-09-13,True,12,True,0.79
2864,DONOR-WE-02864,O-,Kolkata,West Bengal,22.60671,88.33766,+91 ******2408,2025-11-07,True,4,True,0.85
2865,DONOR-TA-02865,O+,Chennai,Tamil Nadu,13.10761,80.27995,+91 ******8964,2026-03-20,True,8,False,0.66
2866,DONOR-TE-02866,O-,Hyderabad,Telangana,17.34794,78.4624,+91 ******1825,2026-07-03,False,1,True,0.79
2867,DONOR-KA-02867,AB-,Bengaluru,Karnataka,12.97766,77.63174,+91 ******9734,2026-08-09,False,2,False,0.8
2868,DONOR-TE-02868,AB+,Hyderabad,Telangana,17.34309,78.44771,+91 ******2318,2025-10-28,True,13,True,0.77
2869,DONOR-TE-02869,AB-,Hyderabad,Telangana,17.37703,78.48396,+91 ******7478,2025-10-12,True,6,True,0.69
2870,DONOR-HA-02870,O-,Gurugram,Haryana,28.45485,77.02645,+91 ******8195,2026-04-25,True,12,True,0.69
2871,DONOR-WE-02871,O+,Kolkata,West Bengal,22.59761,88.39855,+91 ******6806,2026-04-22,True,2,False,0.78
2872,DONOR-WE-02872,AB-,Kolkata,West Bengal,22.61497,88.35796,+91 ******1413,2026-05-03,True,6,True,0.8
2873,DONOR-MA-02873,A+,Mumbai,Maharashtra,19.08045,72.91291,+91 ******5693,2025-12-22,True,3,True,0.72
2874,DONOR-KA-02874,O+,Bengaluru,Karnataka,12.98832,77.64074,+91 ******5868,2026-03-22,True,7,False,0.79
2875,DONOR-MA-02875,O-,Mumbai,Maharashtra,19.02608,72.92284,+91 ******2173,2026-06-28,False,7,True,0.88
2876,DONOR-HA-02876,B-,Gurugram,Haryana,28.47212,76.98683,+91 ******5841,2026-05-20,True,2,True,0.98
2877,DONOR-WE-02877,A+,Kolkata,West Bengal,22.54332,88.40621,+91 ******8851,2026-04-11,True,14,False,0.75
2878,DONOR-WE-02878,O+,Kolkata,West Bengal,22.58192,88.40414,+91 ******4546,2026-08-12,False,9,True,0.97
2879,DONOR-DE-02879,O+,Delhi,Delhi,28.56673,77.21313,+91 ******4732,2025-12-17,True,12,False,0.93
2880,DONOR-TE-02880,B+,Hyderabad,Telangana,17.39267,78.45481,+91 ******2861,2026-06-10,False,8,True,0.78
2881,DONOR-MA-02881,O+,Mumbai,Maharashtra,19.05402,72.83207,+91 ******1817,2026-04-10,True,12,True,0.7
2882,DONOR-UT-02882,B+,Noida,Uttar Pradesh,28.4937,77.38617,+91 ******9414,2026-06-19,False,5,True,0.82
2883,DONOR-DE-02883,A+,Delhi,Delhi,28.57265,77.17042,+91 ******7561,2025-10-29,True,14,True,0.76
2884,DONOR-TA-02884,O-,Chennai,Tamil Nadu,13.08528,80.29361,+91 ******5129,2025-11-30,True,5,True,0.8
2885,DONOR-DE-02885,O-,Delhi,Delhi,28.59547,77.25199,+91 ******2744,2026-06-15,False,2,False,0.83
2886,DONOR-WE-02886,A-,Kolkata,West Bengal,22.60165,88.41268,+91 ******9466,2026-02-22,True,9,True,0.87
2887,DONOR-DE-02887,O+,Delhi,Delhi,28.60717,77.20825,+91 ******6134,2025-10-04,True,14,False,0.98
2888,DONOR-MA-02888,AB-,Mumbai,Maharashtra,19.10891,72.84452,+91 ******7005,2025-12-30,True,8,True,0.9
2889,DONOR-WE-02889,B-,Kolkata,West Bengal,22.53294,88.37357,+91 ******7725,2025-10-16,True,8,True,0.82
2890,DONOR-UT-02890,O+,Noida,Uttar Pradesh,28.5429,77.43016,+91 ******1877,2025-11-27,True,9,True,0.71
2891,DONOR-DE-02891,A-,Delhi,Delhi,28.57528,77.17972,+91 ******9185,2026-08-17,False,7,True,0.76
2892,DONOR-HA-02892,A-,Gurugram,Haryana,28.42099,76.99878,+91 ******7907,2026-05-16,True,13,True,0.68
2893,DONOR-TE-02893,A+,Hyderabad,Telangana,17.36178,78.44036,+91 ******6086,2026-07-31,False,4,True,0.7
2894,DONOR-TE-02894,B-,Hyderabad,Telangana,17.40997,78.47386,+91 ******9249,2026-03-06,True,6,True,0.95
2895,DONOR-MA-02895,B+,Mumbai,Maharashtra,19.09401,72.91941,+91 ******3026,2025-11-16,True,8,True,0.98
2896,DONOR-MA-02896,A-,Mumbai,Maharashtra,19.08638,72.84311,+91 ******6603,2026-03-12,True,8,True,0.67
2897,DONOR-HA-02897,O-,Gurugram,Haryana,28.44177,77.06466,+91 ******5162,2026-07-20,False,14,True,0.71
2898,DONOR-UT-02898,A+,Noida,Uttar Pradesh,28.56739,77.44015,+91 ******7648,2026-05-19,True,2,True,0.78
2899,DONOR-KA-02899,AB-,Bengaluru,Karnataka,12.9574,77.55437,+91 ******5123,2026-05-09,True,4,False,0.78
2900,DONOR-DE-02900,AB-,Delhi,Delhi,28.62421,77.15987,+91 ******7552,2025-12-26,True,13,True,0.67
2901,DONOR-WE-02901,O-,Kolkata,West Bengal,22.59218,88.34449,+91 ******9820,2025-10-31,True,3,True,0.95
2902,DONOR-DE-02902,A-,Delhi,Delhi,28.62014,77.23393,+91 ******3880,2025-10-18,True,8,True,0.91
2903,DONOR-MA-02903,O+,Mumbai,Maharashtra,19.05886,72.92227,+91 ******7857,2026-07-07,False,9,False,0.94
2904,DONOR-MA-02904,A+,Mumbai,Maharashtra,19.1223,72.87475,+91 ******8419,2026-01-16,True,8,True,0.69
2905,DONOR-MA-02905,B+,Mumbai,Maharashtra,19.09666,72.92516,+91 ******6007,2026-05-23,True,11,False,0.71
2906,DONOR-KA-02906,O+,Bengaluru,Karnataka,12.93101,77.60627,+91 ******2004,2026-04-28,True,11,True,0.71
2907,DONOR-MA-02907,A-,Mumbai,Maharashtra,19.06939,72.85855,+91 ******2542,2026-08-16,False,11,True,0.75
2908,DONOR-HA-02908,A+,Gurugram,Haryana,28.43915,77.0738,+91 ******3544,2026-04-07,True,3,True,0.73
2909,DONOR-TE-02909,AB-,Hyderabad,Telangana,17.33573,78.49679,+91 ******7739,2026-01-11,True,12,True,0.68
2910,DONOR-WE-02910,A+,Kolkata,West Bengal,22.58834,88.41189,+91 ******5488,2026-01-22,True,10,True,0.74
2911,DONOR-KA-02911,B-,Bengaluru,Karnataka,12.9711,77.56384,+91 ******2064,2025-11-20,True,8,False,0.75
2912,DONOR-HA-02912,B+,Gurugram,Haryana,28.43951,77.00908,+91 ******1914,2026-07-07,False,7,True,0.87
2913,DONOR-UT-02913,AB+,Noida,Uttar Pradesh,28.48822,77.36096,+91 ******6235,2026-02-08,True,3,True,0.85
2914,DONOR-HA-02914,O+,Gurugram,Haryana,28.41302,77.07228,+91 ******8868,2026-04-22,True,12,True,0.84
2915,DONOR-WE-02915,B-,Kolkata,West Bengal,22.58259,88.39144,+91 ******6684,2025-11-05,True,4,True,0.68
2916,DONOR-KA-02916,A+,Bengaluru,Karnataka,12.93089,77.55114,+91 ******4143,2025-11-19,True,14,True,0.73
2917,DONOR-KA-02917,A+,Bengaluru,Karnataka,12.93428,77.60997,+91 ******5817,2026-06-08,True,7,True,0.71
2918,DONOR-MA-02918,B-,Mumbai,Maharashtra,19.05302,72.84683,+91 ******9476,2026-03-23,True,4,False,0.81
2919,DONOR-UT-02919,AB+,Noida,Uttar Pradesh,28.57941,77.41476,+91 ******8146,2026-02-09,True,12,False,0.79
2920,DONOR-TE-02920,O+,Hyderabad,Telangana,17.41619,78.45427,+91 ******3893,2026-04-18,True,10,True,0.83
2921,DONOR-TE-02921,AB-,Hyderabad,Telangana,17.33708,78.4636,+91 ******1355,2026-03-02,True,3,True,0.93
2922,DONOR-TE-02922,B-,Hyderabad,Telangana,17.39588,78.52461,+91 ******1135,2025-12-21,True,10,True,0.95
2923,DONOR-WE-02923,O-,Kolkata,West Bengal,22.55094,88.33485,+91 ******2574,2025-10-20,True,7,True,0.74
2924,DONOR-UT-02924,AB-,Noida,Uttar Pradesh,28.56576,77.3933,+91 ******1616,2026-08-21,False,5,False,0.82
2925,DONOR-TA-02925,O+,Chennai,Tamil Nadu,13.05393,80.24818,+91 ******7585,2026-03-31,True,9,True,0.79
2926,DONOR-KA-02926,A+,Bengaluru,Karnataka,12.9673,77.58546,+91 ******8496,2026-06-30,False,14,True,0.93
2927,DONOR-DE-02927,A-,Delhi,Delhi,28.5724,77.18509,+91 ******2344,2026-01-10,True,1,True,0.72
2928,DONOR-KA-02928,AB-,Bengaluru,Karnataka,13.00121,77.63971,+91 ******2681,2026-01-06,True,7,True,0.77
2929,DONOR-WE-02929,O+,Kolkata,West Bengal,22.59539,88.31391,+91 ******2254,2026-03-03,True,1,True,0.78
2930,DONOR-KA-02930,B-,Bengaluru,Karnataka,12.94768,77.63328,+91 ******3960,2025-09-08,True,5,True,0.97
2931,DONOR-TE-02931,AB-,Hyderabad,Telangana,17.39607,78.50067,+91 ******9472,2026-01-13,True,1,True,0.98
2932,DONOR-KA-02932,O+,Bengaluru,Karnataka,12.95402,77.63553,+91 ******6490,2025-09-27,True,7,True,0.84
2933,DONOR-MA-02933,B+,Mumbai,Maharashtra,19.07445,72.85879,+91 ******5330,2026-06-15,False,13,True,0.67
2934,DONOR-HA-02934,A+,Gurugram,Haryana,28.49945,77.05675,+91 ******5926,2026-06-21,False,14,False,0.67
2935,DONOR-MA-02935,B+,Mumbai,Maharashtra,19.07989,72.91483,+91 ******8009,2025-12-15,True,13,True,0.92
2936,DONOR-UT-02936,AB+,Noida,Uttar Pradesh,28.54842,77.41706,+91 ******9475,2026-04-18,True,10,False,0.9
2937,DONOR-DE-02937,B-,Delhi,Delhi,28.63102,77.17859,+91 ******6747,2025-12-04,True,1,True,0.68
2938,DONOR-UT-02938,AB-,Noida,Uttar Pradesh,28.57052,77.35513,+91 ******7182,2025-11-15,True,2,True,0.85
2939,DONOR-MA-02939,B+,Mumbai,Maharashtra,19.02615,72.85709,+91 ******7043,2025-12-09,True,14,True,0.81
2940,DONOR-TE-02940,O+,Hyderabad,Telangana,17.38742,78.5126,+91 ******4542,2026-07-30,False,6,True,0.67
2941,DONOR-MA-02941,B-,Mumbai,Maharashtra,19.10074,72.84926,+91 ******5608,2026-03-21,True,11,True,0.78
2942,DONOR-WE-02942,A-,Kolkata,West Bengal,22.59732,88.38577,+91 ******2719,2026-04-26,True,11,True,0.71
2943,DONOR-TE-02943,O-,Hyderabad,Telangana,17.37897,78.47887,+91 ******1783,2025-12-22,True,4,True,0.94
2944,DONOR-KA-02944,B+,Bengaluru,Karnataka,12.94959,77.58033,+91 ******8012,2025-12-30,True,11,True,0.69
2945,DONOR-MA-02945,O-,Mumbai,Maharashtra,19.12032,72.87215,+91 ******1674,2026-03-16,True,14,True,0.91
2946,DONOR-TE-02946,AB+,Hyderabad,Telangana,17.39633,78.50511,+91 ******4922,2025-09-25,True,14,True,0.76
2947,DONOR-TE-02947,A+,Hyderabad,Telangana,17.41984,78.48131,+91 ******5157,2025-12-31,True,13,True,0.81
2948,DONOR-TA-02948,B+,Chennai,Tamil Nadu,13.07469,80.26823,+91 ******5344,2026-08-11,False,1,True,0.81
2949,DONOR-TA-02949,B-,Chennai,Tamil Nadu,13.06817,80.25151,+91 ******6746,2026-01-08,True,5,False,0.75
2950,DONOR-TA-02950,A+,Chennai,Tamil Nadu,13.10935,80.28587,+91 ******1973,2026-05-09,True,13,False,0.89
2951,DONOR-KA-02951,AB-,Bengaluru,Karnataka,12.99545,77.62423,+91 ******7527,2026-02-14,True,12,True,0.73
2952,DONOR-KA-02952,O+,Bengaluru,Karnataka,12.99384,77.57894,+91 ******6464,2025-11-28,True,6,False,0.96
2953,DONOR-MA-02953,A+,Mumbai,Maharashtra,19.11249,72.84071,+91 ******8042,2026-01-25,True,11,True,0.95
2954,DONOR-DE-02954,A-,Delhi,Delhi,28.65007,77.16268,+91 ******1473,2025-12-28,True,2,False,0.73
2955,DONOR-KA-02955,A-,Bengaluru,Karnataka,12.98009,77.61995,+91 ******7904,2026-02-19,True,2,True,0.9
2956,DONOR-WE-02956,A-,Kolkata,West Bengal,22.60595,88.41326,+91 ******9972,2026-07-10,False,11,True,0.82
2957,DONOR-TA-02957,AB+,Chennai,Tamil Nadu,13.11146,80.24837,+91 ******2253,2026-01-17,True,12,True,0.8
2958,DONOR-UT-02958,O-,Noida,Uttar Pradesh,28.53657,77.41741,+91 ******9374,2026-01-26,True,11,False,0.89
2959,DONOR-WE-02959,B+,Kolkata,West Bengal,22.56259,88.37899,+91 ******9971,2026-02-08,True,12,True,0.89
2960,DONOR-HA-02960,A+,Gurugram,Haryana,28.44639,77.01091,+91 ******7142,2025-10-20,True,9,True,0.67
2961,DONOR-HA-02961,B+,Gurugram,Haryana,28.47964,77.04577,+91 ******3956,2026-08-22,False,8,True,0.74
2962,DONOR-DE-02962,O+,Delhi,Delhi,28.59545,77.24282,+91 ******4964,2025-09-09,True,3,True,0.67
2963,DONOR-DE-02963,O+,Delhi,Delhi,28.59936,77.18063,+91 ******9715,2026-07-09,False,7,False,0.81
2964,DONOR-TA-02964,AB+,Chennai,Tamil Nadu,13.11946,80.24202,+91 ******2479,2025-10-25,True,8,True,0.82
2965,DONOR-HA-02965,A+,Gurugram,Haryana,28.43562,77.00652,+91 ******3100,2026-03-22,True,4,True,0.74
2966,DONOR-UT-02966,B-,Noida,Uttar Pradesh,28.48717,77.43072,+91 ******3727,2025-09-13,True,13,True,0.86
2967,DONOR-TE-02967,O+,Hyderabad,Telangana,17.43421,78.49043,+91 ******7656,2025-09-08,True,5,True,0.94
2968,DONOR-TA-02968,A-,Chennai,Tamil Nadu,13.06294,80.24108,+91 ******7004,2026-05-11,True,9,True,0.65
2969,DONOR-TE-02969,A-,Hyderabad,Telangana,17.38641,78.45626,+91 ******6214,2026-01-21,True,6,False,0.86
2970,DONOR-TE-02970,AB-,Hyderabad,Telangana,17.39877,78.50608,+91 ******6371,2025-12-16,True,10,True,0.67
2971,DONOR-KA-02971,O+,Bengaluru,Karnataka,12.99219,77.61234,+91 ******3798,2026-07-16,False,6,True,0.82
2972,DONOR-UT-02972,B-,Noida,Uttar Pradesh,28.52318,77.37552,+91 ******3913,2025-10-10,True,9,False,0.93
2973,DONOR-MA-02973,A+,Mumbai,Maharashtra,19.0571,72.90392,+91 ******2502,2025-11-04,True,12,False,0.71
2974,DONOR-UT-02974,B+,Noida,Uttar Pradesh,28.56741,77.42761,+91 ******5245,2026-05-19,True,12,True,0.92
2975,DONOR-KA-02975,O-,Bengaluru,Karnataka,13.01307,77.55488,+91 ******7061,2025-10-16,True,12,True,0.97
2976,DONOR-DE-02976,A-,Delhi,Delhi,28.64794,77.23255,+91 ******3840,2026-07-02,False,9,True,0.81
2977,DONOR-MA-02977,A-,Mumbai,Maharashtra,19.05552,72.92671,+91 ******7579,2026-03-25,True,4,False,0.76
2978,DONOR-TE-02978,B-,Hyderabad,Telangana,17.37124,78.5216,+91 ******6254,2026-07-22,False,1,False,0.92
2979,DONOR-KA-02979,A+,Bengaluru,Karnataka,12.92263,77.5887,+91 ******2635,2026-07-09,False,10,True,0.89
2980,DONOR-TE-02980,O-,Hyderabad,Telangana,17.39639,78.46701,+91 ******6239,2026-03-16,True,7,True,0.88
2981,DONOR-MA-02981,B+,Mumbai,Maharashtra,19.10093,72.85824,+91 ******2960,2026-03-21,True,10,True,0.7
2982,DONOR-KA-02982,A-,Bengaluru,Karnataka,12.95572,77.55011,+91 ******2344,2026-03-19,True,1,True,0.68
2983,DONOR-WE-02983,A+,Kolkata,West Bengal,22.62082,88.35195,+91 ******2528,2025-10-12,True,1,True,0.94
2984,DONOR-HA-02984,B+,Gurugram,Haryana,28.4255,77.00161,+91 ******7627,2026-06-21,False,7,True,0.96
2985,DONOR-HA-02985,O+,Gurugram,Haryana,28.4782,77.03988,+91 ******6830,2025-12-11,True,3,True,0.78
2986,DONOR-WE-02986,O-,Kolkata,West Bengal,22.61806,88.31695,+91 ******5439,2026-05-16,True,10,True,0.88
2987,DONOR-DE-02987,O-,Delhi,Delhi,28.56501,77.21587,+91 ******6762,2026-06-13,False,3,True,0.83
2988,DONOR-TA-02988,A+,Chennai,Tamil Nadu,13.03762,80.24082,+91 ******1499,2026-06-10,False,11,True,0.95
2989,DONOR-KA-02989,B-,Bengaluru,Karnataka,12.97749,77.60617,+91 ******5162,2026-06-19,False,9,True,0.69
2990,DONOR-TE-02990,A+,Hyderabad,Telangana,17.34384,78.47017,+91 ******6426,2026-08-01,False,12,True,0.95
2991,DONOR-WE-02991,B+,Kolkata,West Bengal,22.52419,88.35191,+91 ******1469,2026-03-29,True,13,True,0.71
2992,DONOR-DE-02992,AB+,Delhi,Delhi,28.60575,77.19486,+91 ******8816,2026-03-23,True,8,True,0.78
2993,DONOR-TE-02993,AB-,Hyderabad,Telangana,17.33917,78.49466,+91 ******2366,2026-04-14,True,7,True,0.88
2994,DONOR-MA-02994,O+,Mumbai,Maharashtra,19.02953,72.91776,+91 ******6806,2026-03-08,True,13,False,0.82
2995,DONOR-TA-02995,AB-,Chennai,Tamil Nadu,13.08578,80.31337,+91 ******7240,2026-01-09,True,7,True,0.95
2996,DONOR-MA-02996,B+,Mumbai,Maharashtra,19.03341,72.86664,+91 ******7827,2026-07-28,False,3,True,0.66
2997,DONOR-UT-02997,A+,Noida,Uttar Pradesh,28.58473,77.42094,+91 ******7261,2026-05-16,True,5,True,0.84
2998,DONOR-TA-02998,B-,Chennai,Tamil Nadu,13.12296,80.22866,+91 ******1252,2025-11-01,True,9,False,0.76
2999,DONOR-KA-02999,B+,Bengaluru,Karnataka,13.00728,77.59671,+91 ******5028,2026-03-11,True,12,True,0.75
3000,DONOR-UT-03000,B-,Noida,Uttar Pradesh,28.51146,77.42189,+91 ******6925,2026-07-30,False,5,True,0.84
3001,DONOR-TE-03001,B-,Hyderabad,Telangana,17.42327,78.53243,+91 ******8769,2026-01-26,True,11,False,0.84
3002,DONOR-MA-03002,AB+,Mumbai,Maharashtra,19.03861,72.90072,+91 ******1128,2025-12-14,True,14,True,0.82
3003,DONOR-WE-03003,B+,Kolkata,West Bengal,22.60607,88.34707,+91 ******3445,2025-09-19,True,6,True,0.96
3004,DONOR-HA-03004,A+,Gurugram,Haryana,28.49676,76.99249,+91 ******9790,2026-05-31,True,13,True,0.82
3005,DONOR-HA-03005,AB-,Gurugram,Haryana,28.43405,76.99757,+91 ******9355,2026-01-12,True,7,True,0.75
3006,DONOR-WE-03006,A+,Kolkata,West Bengal,22.5711,88.35485,+91 ******9231,2025-12-13,True,10,True,0.74
3007,DONOR-MA-03007,O-,Mumbai,Maharashtra,19.07396,72.85458,+91 ******6332,2026-04-02,True,6,False,0.73
3008,DONOR-MA-03008,B+,Mumbai,Maharashtra,19.03412,72.87546,+91 ******6402,2026-02-28,True,9,True,0.81
3009,DONOR-TA-03009,O+,Chennai,Tamil Nadu,13.12924,80.2294,+91 ******5769,2026-07-22,False,11,True,0.96
3010,DONOR-WE-03010,O-,Kolkata,West Bengal,22.56698,88.38996,+91 ******2930,2025-09-24,True,7,False,0.72
3011,DONOR-WE-03011,AB+,Kolkata,West Bengal,22.55816,88.34573,+91 ******8140,2026-02-21,True,2,True,0.8
3012,DONOR-WE-03012,AB-,Kolkata,West Bengal,22.54636,88.38616,+91 ******4384,2026-07-29,False,12,True,0.71
3013,DONOR-UT-03013,AB-,Noida,Uttar Pradesh,28.5251,77.36017,+91 ******2406,2026-08-04,False,10,True,0.86
3014,DONOR-HA-03014,B-,Gurugram,Haryana,28.5017,76.99106,+91 ******5600,2025-11-28,True,5,True,0.85
3015,DONOR-TA-03015,AB+,Chennai,Tamil Nadu,13.07086,80.27603,+91 ******9518,2025-11-06,True,7,True,0.67
3016,DONOR-UT-03016,A+,Noida,Uttar Pradesh,28.56595,77.42842,+91 ******5498,2026-08-06,False,13,False,0.95
3017,DONOR-DE-03017,B-,Delhi,Delhi,28.5711,77.24443,+91 ******8186,2026-05-03,True,6,True,0.82
3018,DONOR-WE-03018,AB+,Kolkata,West Bengal,22.62128,88.3625,+91 ******6346,2026-02-27,True,5,True,0.66
3019,DONOR-MA-03019,O-,Mumbai,Maharashtra,19.08458,72.91695,+91 ******8166,2026-08-03,False,14,False,0.9
3020,DONOR-WE-03020,AB-,Kolkata,West Bengal,22.5859,88.32768,+91 ******1787,2026-06-15,False,12,False,0.96
3021,DONOR-KA-03021,AB-,Bengaluru,Karnataka,12.98401,77.5509,+91 ******3509,2025-10-21,True,7,True,0.86
3022,DONOR-HA-03022,A-,Gurugram,Haryana,28.4898,77.01304,+91 ******3796,2026-08-02,False,6,True,0.89
3023,DONOR-MA-03023,O-,Mumbai,Maharashtra,19.08171,72.91379,+91 ******9144,2025-09-13,True,6,True,0.83
3024,DONOR-UT-03024,B-,Noida,Uttar Pradesh,28.57692,77.37963,+91 ******5256,2026-01-22,True,10,True,0.81
3025,DONOR-KA-03025,O-,Bengaluru,Karnataka,12.95046,77.58414,+91 ******1366,2026-01-07,True,14,True,0.87
3026,DONOR-UT-03026,AB-,Noida,Uttar Pradesh,28.54621,77.34747,+91 ******7138,2025-12-19,True,2,False,0.87
3027,DONOR-KA-03027,AB-,Bengaluru,Karnataka,12.95149,77.62395,+91 ******3706,2025-10-18,True,4,True,0.79
3028,DONOR-KA-03028,AB-,Bengaluru,Karnataka,12.98359,77.56238,+91 ******5006,2025-09-13,True,11,True,0.74
3029,DONOR-TA-03029,O-,Chennai,Tamil Nadu,13.07614,80.25862,+91 ******1601,2026-03-13,True,1,True,0.75
3030,DONOR-KA-03030,B-,Bengaluru,Karnataka,12.98646,77.61544,+91 ******6012,2025-10-01,True,13,True,0.81
3031,DONOR-TA-03031,B+,Chennai,Tamil Nadu,13.04288,80.30668,+91 ******3862,2025-11-08,True,12,False,0.84
3032,DONOR-DE-03032,A-,Delhi,Delhi,28.61259,77.25366,+91 ******5889,2026-04-22,True,6,False,0.85
3033,DONOR-TA-03033,A-,Chennai,Tamil Nadu,13.0452,80.2258,+91 ******2798,2026-07-30,False,6,True,0.8
3034,DONOR-MA-03034,A-,Mumbai,Maharashtra,19.10265,72.88916,+91 ******4938,2026-04-11,True,14,True,0.74
3035,DONOR-TA-03035,AB-,Chennai,Tamil Nadu,13.04605,80.25594,+91 ******8672,2026-02-17,True,7,False,0.72
3036,DONOR-KA-03036,A-,Bengaluru,Karnataka,12.98642,77.61772,+91 ******6062,2025-12-17,True,7,True,0.94
3037,DONOR-TE-03037,B-,Hyderabad,Telangana,17.38176,78.49866,+91 ******3484,2026-03-16,True,14,False,0.77
3038,DONOR-TE-03038,O-,Hyderabad,Telangana,17.36995,78.43847,+91 ******6636,2025-09-12,True,12,True,0.92
3039,DONOR-TE-03039,A+,Hyderabad,Telangana,17.4278,78.44647,+91 ******7593,2026-01-26,True,3,True,0.95
3040,DONOR-KA-03040,B+,Bengaluru,Karnataka,12.98441,77.55636,+91 ******7726,2026-05-16,True,4,False,0.89
3041,DONOR-KA-03041,AB+,Bengaluru,Karnataka,12.966,77.57466,+91 ******2667,2025-12-28,True,7,True,0.98
3042,DONOR-TA-03042,B-,Chennai,Tamil Nadu,13.09606,80.2303,+91 ******9014,2025-12-14,True,5,False,0.77
3043,DONOR-TE-03043,O-,Hyderabad,Telangana,17.39219,78.53617,+91 ******4551,2025-12-01,True,5,True,0.9
3044,DONOR-DE-03044,A-,Delhi,Delhi,28.57617,77.16154,+91 ******7361,2025-10-16,True,1,False,0.76
3045,DONOR-DE-03045,A+,Delhi,Delhi,28.62981,77.16293,+91 ******8181,2026-07-01,False,7,True,0.91
3046,DONOR-KA-03046,AB-,Bengaluru,Karnataka,12.97906,77.59349,+91 ******3917,2026-01-14,True,6,True,0.78
3047,DONOR-HA-03047,O+,Gurugram,Haryana,28.42048,77.05641,+91 ******4872,2025-10-31,True,8,True,0.73
3048,DONOR-MA-03048,AB-,Mumbai,Maharashtra,19.10506,72.87638,+91 ******7029,2026-04-23,True,12,True,0.78
3049,DONOR-TA-03049,B-,Chennai,Tamil Nadu,13.03848,80.23351,+91 ******9820,2025-11-23,True,5,True,0.97
3050,DONOR-MA-03050,A-,Mumbai,Maharashtra,19.10608,72.90973,+91 ******1119,2026-05-16,True,5,False,0.85
3051,DONOR-KA-03051,O+,Bengaluru,Karnataka,12.9381,77.60813,+91 ******4714,2025-10-13,True,7,True,0.95
3052,DONOR-TE-03052,O-,Hyderabad,Telangana,17.38298,78.51389,+91 ******7783,2025-11-06,True,13,True,0.67
3053,DONOR-KA-03053,A+,Bengaluru,Karnataka,12.97362,77.54683,+91 ******1180,2025-09-16,True,8,True,0.73
3054,DONOR-TE-03054,O+,Hyderabad,Telangana,17.41242,78.4804,+91 ******3512,2026-02-18,True,14,False,0.71
3055,DONOR-TE-03055,O-,Hyderabad,Telangana,17.35315,78.53587,+91 ******4887,2026-01-23,True,13,True,0.74
3056,DONOR-UT-03056,O+,Noida,Uttar Pradesh,28.49965,77.39166,+91 ******7395,2025-11-29,True,10,False,0.92
3057,DONOR-HA-03057,AB+,Gurugram,Haryana,28.50519,77.05628,+91 ******2237,2026-05-30,True,11,True,0.76
3058,DONOR-HA-03058,B+,Gurugram,Haryana,28.49001,76.98486,+91 ******9015,2026-06-29,False,14,True,0.85
3059,DONOR-KA-03059,AB+,Bengaluru,Karnataka,12.96103,77.62042,+91 ******8397,2026-03-13,True,11,True,0.77
3060,DONOR-TE-03060,AB+,Hyderabad,Telangana,17.40501,78.45479,+91 ******5590,2026-03-14,True,2,False,0.68
3061,DONOR-TE-03061,A+,Hyderabad,Telangana,17.34353,78.4749,+91 ******4073,2026-01-05,True,11,True,0.67
3062,DONOR-UT-03062,AB+,Noida,Uttar Pradesh,28.5545,77.36264,+91 ******9404,2026-01-16,True,13,False,0.91
3063,DONOR-KA-03063,B+,Bengaluru,Karnataka,13.0078,77.63851,+91 ******7258,2026-04-12,True,3,False,0.67
3064,DONOR-MA-03064,A-,Mumbai,Maharashtra,19.04583,72.86006,+91 ******2596,2026-07-24,False,3,True,0.83
3065,DONOR-WE-03065,AB+,Kolkata,West Bengal,22.52374,88.31406,+91 ******7469,2025-12-20,True,8,True,0.67
3066,DONOR-DE-03066,A-,Delhi,Delhi,28.66304,77.22514,+91 ******8135,2025-12-19,True,9,False,0.8
3067,DONOR-HA-03067,O-,Gurugram,Haryana,28.48355,77.01392,+91 ******7898,2025-12-19,True,12,True,0.86
3068,DONOR-HA-03068,O+,Gurugram,Haryana,28.50535,77.0265,+91 ******5619,2026-08-02,False,9,False,0.75
3069,DONOR-WE-03069,O+,Kolkata,West Bengal,22.60399,88.33614,+91 ******3651,2026-04-30,True,14,False,0.76
3070,DONOR-WE-03070,A-,Kolkata,West Bengal,22.54827,88.35684,+91 ******2788,2026-03-24,True,7,False,0.89
3071,DONOR-MA-03071,O-,Mumbai,Maharashtra,19.08692,72.82974,+91 ******1543,2026-04-17,True,11,False,0.75
3072,DONOR-TE-03072,A+,Hyderabad,Telangana,17.41644,78.5365,+91 ******8383,2025-10-22,True,2,True,0.89
3073,DONOR-TE-03073,B+,Hyderabad,Telangana,17.39087,78.44668,+91 ******9926,2026-02-01,True,10,True,0.96
3074,DONOR-TA-03074,A-,Chennai,Tamil Nadu,13.06043,80.23249,+91 ******5040,2026-03-06,True,10,False,0.95
3075,DONOR-HA-03075,A+,Gurugram,Haryana,28.4876,77.01069,+91 ******7578,2026-05-28,True,3,False,0.79
3076,DONOR-DE-03076,A+,Delhi,Delhi,28.61894,77.21,+91 ******5527,2026-02-17,True,3,True,0.96
3077,DONOR-MA-03077,AB+,Mumbai,Maharashtra,19.0459,72.92707,+91 ******4781,2025-11-17,True,4,True,0.86
3078,DONOR-UT-03078,A-,Noida,Uttar Pradesh,28.48593,77.37721,+91 ******6345,2026-04-23,True,8,True,0.95
3079,DONOR-WE-03079,A+,Kolkata,West Bengal,22.57999,88.39105,+91 ******3000,2026-02-28,True,3,True,0.75
3080,DONOR-UT-03080,AB-,Noida,Uttar Pradesh,28.50055,77.39531,+91 ******2421,2026-05-19,True,6,True,0.86
3081,DONOR-TA-03081,O-,Chennai,Tamil Nadu,13.08933,80.22189,+91 ******6552,2026-05-03,True,2,True,0.81
3082,DONOR-TA-03082,O-,Chennai,Tamil Nadu,13.10263,80.23992,+91 ******7730,2026-02-28,True,1,True,0.75
3083,DONOR-HA-03083,AB-,Gurugram,Haryana,28.43486,77.06989,+91 ******1078,2026-02-09,True,2,True,0.73
3084,DONOR-MA-03084,B-,Mumbai,Maharashtra,19.10208,72.89082,+91 ******6255,2025-10-25,True,4,True,0.83
3085,DONOR-UT-03085,O-,Noida,Uttar Pradesh,28.56111,77.38635,+91 ******8495,2026-01-29,True,14,True,0.93
3086,DONOR-DE-03086,B-,Delhi,Delhi,28.60268,77.18144,+91 ******8455,2026-03-10,True,14,False,0.9
3087,DONOR-MA-03087,O-,Mumbai,Maharashtra,19.03046,72.85028,+91 ******7884,2026-04-10,True,6,True,0.97
3088,DONOR-KA-03088,AB+,Bengaluru,Karnataka,13.02105,77.57863,+91 ******5951,2026-08-23,False,9,True,0.84
3089,DONOR-TA-03089,A-,Chennai,Tamil Nadu,13.10524,80.24242,+91 ******9870,2026-06-25,False,6,True,0.93
3090,DONOR-KA-03090,AB+,Bengaluru,Karnataka,12.93782,77.54975,+91 ******6896,2025-10-23,True,13,True,0.92
3091,DONOR-UT-03091,O+,Noida,Uttar Pradesh,28.49625,77.38941,+91 ******8744,2025-11-02,True,5,True,0.77
3092,DONOR-TE-03092,B+,Hyderabad,Telangana,17.37683,78.48283,+91 ******8469,2025-12-04,True,3,True,0.84
3093,DONOR-KA-03093,B-,Bengaluru,Karnataka,12.97229,77.57144,+91 ******1405,2025-09-09,True,10,False,0.82
3094,DONOR-WE-03094,O+,Kolkata,West Bengal,22.57544,88.34879,+91 ******1186,2026-01-22,True,7,True,0.89
3095,DONOR-HA-03095,B-,Gurugram,Haryana,28.50172,77.07199,+91 ******2108,2026-01-27,True,9,False,0.79
3096,DONOR-TA-03096,O-,Chennai,Tamil Nadu,13.03608,80.29745,+91 ******8220,2026-01-09,True,8,True,0.8
3097,DONOR-MA-03097,O+,Mumbai,Maharashtra,19.08295,72.91701,+91 ******3364,2026-01-27,True,4,True,0.84
3098,DONOR-TA-03098,B-,Chennai,Tamil Nadu,13.03968,80.29923,+91 ******8172,2026-07-26,False,6,False,0.83
3099,DONOR-WE-03099,B+,Kolkata,West Bengal,22.53984,88.37997,+91 ******7666,2026-08-07,False,5,False,0.73
3100,DONOR-MA-03100,AB+,Mumbai,Maharashtra,19.03119,72.84201,+91 ******4764,2025-10-12,True,5,True,0.91
3101,DONOR-DE-03101,B-,Delhi,Delhi,28.64735,77.25419,+91 ******5236,2026-02-11,True,11,True,0.78
3102,DONOR-TE-03102,O+,Hyderabad,Telangana,17.40044,78.45577,+91 ******9809,2026-01-11,True,6,True,0.85
3103,DONOR-UT-03103,A+,Noida,Uttar Pradesh,28.49915,77.37536,+91 ******1795,2025-12-20,True,13,True,0.96
3104,DONOR-KA-03104,O-,Bengaluru,Karnataka,12.97471,77.6274,+91 ******5706,2026-03-04,True,13,True,0.73
3105,DONOR-UT-03105,AB+,Noida,Uttar Pradesh,28.58168,77.40418,+91 ******1160,2025-11-30,True,3,True,0.97
3106,DONOR-HA-03106,O+,Gurugram,Haryana,28.46244,76.97725,+91 ******8275,2026-04-19,True,13,True,0.97
3107,DONOR-TE-03107,O-,Hyderabad,Telangana,17.3683,78.43969,+91 ******7951,2025-11-11,True,9,True,0.87
3108,DONOR-DE-03108,A-,Delhi,Delhi,28.58677,77.21801,+91 ******3765,2026-06-18,False,4,True,0.95
3109,DONOR-DE-03109,O+,Delhi,Delhi,28.6541,77.1683,+91 ******7574,2026-03-10,True,4,True,0.91
3110,DONOR-HA-03110,B+,Gurugram,Haryana,28.46349,77.0238,+91 ******8930,2025-11-28,True,9,True,0.92
3111,DONOR-UT-03111,O+,Noida,Uttar Pradesh,28.51066,77.35675,+91 ******6935,2026-03-18,True,3,True,0.69
3112,DONOR-WE-03112,B-,Kolkata,West Bengal,22.55357,88.32539,+91 ******4841,2026-08-19,False,13,False,0.83
3113,DONOR-DE-03113,B+,Delhi,Delhi,28.611,77.16094,+91 ******1677,2026-07-14,False,9,True,0.76
3114,DONOR-UT-03114,A+,Noida,Uttar Pradesh,28.50051,77.34312,+91 ******3608,2025-09-09,True,2,True,0.81
3115,DONOR-KA-03115,O-,Bengaluru,Karnataka,12.95826,77.57176,+91 ******5512,2026-02-01,True,10,False,0.94
3116,DONOR-UT-03116,B+,Noida,Uttar Pradesh,28.49106,77.4298,+91 ******7800,2026-01-28,True,14,True,0.86
3117,DONOR-DE-03117,AB+,Delhi,Delhi,28.64189,77.19455,+91 ******8328,2026-01-28,True,5,False,0.67
3118,DONOR-WE-03118,B-,Kolkata,West Bengal,22.52814,88.36736,+91 ******5789,2026-03-02,True,4,False,0.97
3119,DONOR-TA-03119,O+,Chennai,Tamil Nadu,13.04688,80.24449,+91 ******4541,2025-11-12,True,9,True,0.65
3120,DONOR-DE-03120,B+,Delhi,Delhi,28.64346,77.24544,+91 ******8297,2026-03-05,True,4,False,0.81
3121,DONOR-KA-03121,O-,Bengaluru,Karnataka,12.99575,77.59775,+91 ******2633,2025-12-10,True,1,False,0.66
3122,DONOR-UT-03122,A+,Noida,Uttar Pradesh,28.54205,77.39064,+91 ******3166,2025-12-19,True,10,False,0.67
3123,DONOR-HA-03123,B+,Gurugram,Haryana,28.41412,77.06144,+91 ******6780,2026-06-05,True,4,False,0.7
3124,DONOR-TA-03124,O-,Chennai,Tamil Nadu,13.11688,80.30383,+91 ******4239,2025-11-02,True,10,True,0.7
3125,DONOR-UT-03125,AB-,Noida,Uttar Pradesh,28.51987,77.43747,+91 ******7094,2025-10-04,True,13,False,0.79
3126,DONOR-MA-03126,B+,Mumbai,Maharashtra,19.10621,72.89229,+91 ******5627,2026-07-12,False,1,True,0.8
3127,DONOR-TA-03127,AB+,Chennai,Tamil Nadu,13.06297,80.30662,+91 ******4006,2026-03-18,True,9,True,0.92
3128,DONOR-WE-03128,B-,Kolkata,West Bengal,22.53845,88.32693,+91 ******2306,2025-10-20,True,12,False,0.75
3129,DONOR-TA-03129,O-,Chennai,Tamil Nadu,13.10546,80.24426,+91 ******8114,2025-09-27,True,8,False,0.9
3130,DONOR-KA-03130,AB+,Bengaluru,Karnataka,12.94073,77.57517,+91 ******6613,2025-10-05,True,10,True,0.82
3131,DONOR-HA-03131,A-,Gurugram,Haryana,28.46986,77.0633,+91 ******8807,2026-02-19,True,6,True,0.9
3132,DONOR-KA-03132,B+,Bengaluru,Karnataka,12.94388,77.59645,+91 ******1704,2025-09-11,True,10,True,0.67
3133,DONOR-MA-03133,B+,Mumbai,Maharashtra,19.05302,72.88109,+91 ******5863,2026-08-14,False,5,True,0.94
3134,DONOR-DE-03134,A+,Delhi,Delhi,28.62655,77.2311,+91 ******5703,2025-11-06,True,10,False,0.88
3135,DONOR-TA-03135,O+,Chennai,Tamil Nadu,13.05551,80.26222,+91 ******3749,2026-03-29,True,7,True,0.97
3136,DONOR-HA-03136,B-,Gurugram,Haryana,28.42209,77.00277,+91 ******1541,2026-06-06,True,7,True,0.73
3137,DONOR-UT-03137,A-,Noida,Uttar Pradesh,28.55728,77.36784,+91 ******1960,2025-10-05,True,11,True,0.8
3138,DONOR-UT-03138,B+,Noida,Uttar Pradesh,28.57992,77.35236,+91 ******4020,2025-12-31,True,7,True,0.67
3139,DONOR-TA-03139,A+,Chennai,Tamil Nadu,13.1287,80.25353,+91 ******1208,2025-11-04,True,11,False,0.74
3140,DONOR-MA-03140,O-,Mumbai,Maharashtra,19.04774,72.8607,+91 ******5471,2025-11-26,True,13,True,0.7
3141,DONOR-MA-03141,O+,Mumbai,Maharashtra,19.10941,72.92398,+91 ******6292,2025-09-26,True,11,True,0.88
3142,DONOR-TA-03142,A+,Chennai,Tamil Nadu,13.11243,80.22894,+91 ******5082,2026-02-24,True,13,False,0.79
3143,DONOR-HA-03143,AB-,Gurugram,Haryana,28.48368,77.0231,+91 ******7597,2026-04-25,True,1,False,0.72
3144,DONOR-DE-03144,O+,Delhi,Delhi,28.62136,77.22932,+91 ******1910,2025-10-02,True,5,True,0.78
3145,DONOR-KA-03145,AB-,Bengaluru,Karnataka,12.95171,77.58976,+91 ******5086,2025-12-16,True,6,False,0.96
3146,DONOR-KA-03146,B+,Bengaluru,Karnataka,12.9392,77.56946,+91 ******9072,2026-01-30,True,12,True,0.67
3147,DONOR-WE-03147,B-,Kolkata,West Bengal,22.56689,88.35027,+91 ******4680,2026-04-08,True,5,True,0.88
3148,DONOR-WE-03148,AB-,Kolkata,West Bengal,22.58135,88.34162,+91 ******4001,2026-05-07,True,3,True,0.83
3149,DONOR-MA-03149,B-,Mumbai,Maharashtra,19.05944,72.84751,+91 ******2615,2025-12-05,True,4,False,0.81
3150,DONOR-KA-03150,A+,Bengaluru,Karnataka,12.95564,77.60751,+91 ******4411,2025-09-10,True,3,True,0.79
3151,DONOR-UT-03151,A+,Noida,Uttar Pradesh,28.57001,77.35625,+91 ******5153,2025-12-23,True,11,True,0.77
3152,DONOR-TA-03152,AB-,Chennai,Tamil Nadu,13.04843,80.24487,+91 ******1734,2026-02-27,True,2,True,0.69
3153,DONOR-HA-03153,AB-,Gurugram,Haryana,28.44217,77.05849,+91 ******2470,2025-12-17,True,6,True,0.93
3154,DONOR-DE-03154,AB+,Delhi,Delhi,28.6443,77.2546,+91 ******1857,2026-04-09,True,3,False,0.86
3155,DONOR-KA-03155,B+,Bengaluru,Karnataka,13.01623,77.58393,+91 ******2289,2026-07-18,False,6,True,0.93
3156,DONOR-HA-03156,A-,Gurugram,Haryana,28.44157,77.02767,+91 ******8967,2026-08-05,False,10,False,0.73
3157,DONOR-TE-03157,AB+,Hyderabad,Telangana,17.42534,78.47163,+91 ******6080,2026-05-01,True,13,True,0.85
3158,DONOR-TA-03158,O-,Chennai,Tamil Nadu,13.04371,80.2899,+91 ******6864,2026-03-16,True,2,True,0.78
3159,DONOR-MA-03159,AB+,Mumbai,Maharashtra,19.04337,72.87919,+91 ******3153,2025-09-25,True,7,False,0.93
3160,DONOR-WE-03160,AB-,Kolkata,West Bengal,22.53463,88.35495,+91 ******9789,2026-07-16,False,12,True,0.75
3161,DONOR-DE-03161,AB-,Delhi,Delhi,28.6513,77.15908,+91 ******2198,2026-01-12,True,1,False,0.67
3162,DONOR-WE-03162,O-,Kolkata,West Bengal,22.5727,88.34975,+91 ******7881,2025-09-24,True,8,True,0.75
3163,DONOR-MA-03163,A+,Mumbai,Maharashtra,19.09527,72.86995,+91 ******1688,2025-12-08,True,2,False,0.95
3164,DONOR-WE-03164,O-,Kolkata,West Bengal,22.59587,88.39886,+91 ******3437,2026-05-05,True,14,True,0.82
3165,DONOR-UT-03165,A-,Noida,Uttar Pradesh,28.53929,77.36171,+91 ******7401,2026-04-02,True,7,True,0.83
3166,DONOR-UT-03166,A-,Noida,Uttar Pradesh,28.52626,77.39183,+91 ******6772,2025-11-22,True,9,True,0.77
3167,DONOR-WE-03167,O+,Kolkata,West Bengal,22.6157,88.31847,+91 ******1576,2026-02-25,True,6,True,0.9
3168,DONOR-HA-03168,O-,Gurugram,Haryana,28.44752,76.99421,+91 ******1197,2026-08-06,False,3,True,0.7
3169,DONOR-DE-03169,O-,Delhi,Delhi,28.6363,77.25735,+91 ******5757,2026-06-27,False,3,True,0.8
3170,DONOR-TE-03170,A+,Hyderabad,Telangana,17.377,78.43847,+91 ******4658,2025-12-02,True,9,False,0.9
3171,DONOR-TA-03171,A-,Chennai,Tamil Nadu,13.12793,80.27274,+91 ******7082,2025-10-21,True,11,False,0.97
3172,DONOR-MA-03172,O-,Mumbai,Maharashtra,19.06717,72.91687,+91 ******7349,2026-04-12,True,5,True,0.96
3173,DONOR-WE-03173,A-,Kolkata,West Bengal,22.57529,88.38622,+91 ******7104,2026-01-05,True,14,True,0.9
3174,DONOR-UT-03174,AB-,Noida,Uttar Pradesh,28.4939,77.37143,+91 ******1744,2026-01-15,True,11,True,0.77
3175,DONOR-WE-03175,A+,Kolkata,West Bengal,22.54332,88.34427,+91 ******9253,2026-07-09,False,11,True,0.72
3176,DONOR-HA-03176,AB-,Gurugram,Haryana,28.41113,76.97984,+91 ******9671,2026-02-26,True,7,True,0.91
3177,DONOR-MA-03177,A+,Mumbai,Maharashtra,19.10305,72.89805,+91 ******4964,2025-12-20,True,11,False,0.77
3178,DONOR-TA-03178,AB-,Chennai,Tamil Nadu,13.04353,80.29898,+91 ******2765,2026-01-23,True,5,True,0.87
3179,DONOR-DE-03179,B+,Delhi,Delhi,28.64911,77.17336,+91 ******1943,2025-09-17,True,6,True,0.75
3180,DONOR-TE-03180,A+,Hyderabad,Telangana,17.33738,78.44248,+91 ******5846,2026-03-01,True,9,True,0.89
3181,DONOR-MA-03181,B-,Mumbai,Maharashtra,19.0828,72.8773,+91 ******8507,2025-10-04,True,9,True,0.69
3182,DONOR-WE-03182,B-,Kolkata,West Bengal,22.53234,88.33536,+91 ******5621,2026-05-12,True,9,False,0.87
3183,DONOR-DE-03183,B+,Delhi,Delhi,28.56689,77.16695,+91 ******6126,2026-05-01,True,10,True,0.96
3184,DONOR-DE-03184,O-,Delhi,Delhi,28.61307,77.25637,+91 ******2742,2026-04-03,True,10,True,0.86
3185,DONOR-TE-03185,O-,Hyderabad,Telangana,17.43404,78.47803,+91 ******3500,2026-02-06,True,12,False,0.68
3186,DONOR-WE-03186,O+,Kolkata,West Bengal,22.53828,88.34758,+91 ******6362,2026-01-04,True,1,False,0.69
3187,DONOR-DE-03187,AB-,Delhi,Delhi,28.57686,77.24866,+91 ******1638,2026-03-30,True,7,True,0.8
3188,DONOR-UT-03188,A+,Noida,Uttar Pradesh,28.50395,77.34888,+91 ******9497,2026-02-16,True,14,False,0.95
3189,DONOR-HA-03189,A-,Gurugram,Haryana,28.48672,77.02728,+91 ******6518,2026-08-17,False,7,True,0.66
3190,DONOR-UT-03190,AB+,Noida,Uttar Pradesh,28.57048,77.36275,+91 ******8992,2026-06-19,False,13,False,0.86
3191,DONOR-DE-03191,A-,Delhi,Delhi,28.62227,77.19716,+91 ******7820,2026-05-16,True,6,False,0.78
3192,DONOR-TE-03192,AB+,Hyderabad,Telangana,17.41791,78.51773,+91 ******5960,2026-04-01,True,3,False,0.7
3193,DONOR-KA-03193,O+,Bengaluru,Karnataka,12.99101,77.55952,+91 ******9916,2025-11-22,True,4,True,0.73
3194,DONOR-TA-03194,B-,Chennai,Tamil Nadu,13.05617,80.22838,+91 ******1680,2026-02-17,True,2,True,0.94
3195,DONOR-DE-03195,AB+,Delhi,Delhi,28.63345,77.19703,+91 ******2995,2026-02-10,True,13,False,0.9
3196,DONOR-WE-03196,A-,Kolkata,West Bengal,22.52324,88.32243,+91 ******8441,2026-04-10,True,14,True,0.92
3197,DONOR-UT-03197,AB-,Noida,Uttar Pradesh,28.56858,77.42246,+91 ******3051,2025-10-12,True,14,True,0.97
3198,DONOR-HA-03198,AB+,Gurugram,Haryana,28.49834,77.04923,+91 ******4463,2026-01-26,True,2,True,0.72
3199,DONOR-UT-03199,A-,Noida,Uttar Pradesh,28.51359,77.3608,+91 ******9448,2026-07-19,False,2,True,0.98
3200,DONOR-UT-03200,B-,Noida,Uttar Pradesh,28.51671,77.43588,+91 ******2407,2026-03-01,True,3,True,0.69
3201,DONOR-DE-03201,O+,Delhi,Delhi,28.59487,77.20404,+91 ******6917,2025-12-09,True,1,True,0.74
3202,DONOR-DE-03202,AB+,Delhi,Delhi,28.64457,77.24927,+91 ******2639,2026-01-03,True,11,True,0.8
3203,DONOR-MA-03203,O+,Mumbai,Maharashtra,19.03292,72.84749,+91 ******6794,2026-04-11,True,5,True,0.69
3204,DONOR-HA-03204,A+,Gurugram,Haryana,28.45527,77.04274,+91 ******5403,2025-12-25,True,8,True,0.66
3205,DONOR-MA-03205,O-,Mumbai,Maharashtra,19.11179,72.92144,+91 ******5231,2026-04-10,True,1,True,0.73
3206,DONOR-UT-03206,A-,Noida,Uttar Pradesh,28.5563,77.38032,+91 ******5733,2025-10-13,True,3,True,0.78
3207,DONOR-KA-03207,B+,Bengaluru,Karnataka,12.92868,77.62795,+91 ******4672,2026-08-15,False,7,True,0.8
3208,DONOR-MA-03208,AB-,Mumbai,Maharashtra,19.12003,72.89798,+91 ******1745,2025-11-12,True,8,True,0.78
3209,DONOR-UT-03209,O+,Noida,Uttar Pradesh,28.55404,77.34462,+91 ******9746,2026-08-10,False,11,True,0.78
3210,DONOR-UT-03210,AB+,Noida,Uttar Pradesh,28.50207,77.36359,+91 ******7365,2026-08-04,False,1,False,0.8
3211,DONOR-WE-03211,AB+,Kolkata,West Bengal,22.56899,88.34393,+91 ******7202,2025-11-09,True,9,False,0.67
3212,DONOR-DE-03212,A+,Delhi,Delhi,28.65372,77.18365,+91 ******1415,2026-06-30,False,8,True,0.65
3213,DONOR-UT-03213,AB-,Noida,Uttar Pradesh,28.52995,77.43597,+91 ******8872,2026-05-02,True,10,True,0.85
3214,DONOR-MA-03214,A-,Mumbai,Maharashtra,19.10759,72.92112,+91 ******9647,2026-01-08,True,2,True,0.67
3215,DONOR-UT-03215,AB+,Noida,Uttar Pradesh,28.54287,77.41689,+91 ******1598,2026-07-28,False,10,False,0.95
3216,DONOR-KA-03216,O+,Bengaluru,Karnataka,12.95026,77.55321,+91 ******6475,2026-02-22,True,8,False,0.73
3217,DONOR-KA-03217,B+,Bengaluru,Karnataka,12.98796,77.61764,+91 ******7128,2026-03-01,True,4,True,0.69
3218,DONOR-DE-03218,A+,Delhi,Delhi,28.64575,77.23169,+91 ******4994,2026-02-20,True,13,False,0.85
3219,DONOR-HA-03219,O+,Gurugram,Haryana,28.44797,77.01702,+91 ******4513,2026-02-26,True,12,False,0.89
3220,DONOR-TA-03220,B-,Chennai,Tamil Nadu,13.09746,80.26634,+91 ******8445,2026-07-01,False,10,True,0.9
3221,DONOR-HA-03221,AB-,Gurugram,Haryana,28.4368,77.02613,+91 ******4212,2026-06-07,True,14,True,0.93
3222,DONOR-MA-03222,O-,Mumbai,Maharashtra,19.10956,72.84304,+91 ******7357,2025-12-21,True,11,False,0.88
3223,DONOR-MA-03223,O+,Mumbai,Maharashtra,19.05335,72.84778,+91 ******8890,2026-06-21,False,8,True,0.79
3224,DONOR-TE-03224,AB-,Hyderabad,Telangana,17.37138,78.50081,+91 ******4751,2025-12-22,True,8,True,0.69
3225,DONOR-UT-03225,AB-,Noida,Uttar Pradesh,28.52436,77.3749,+91 ******4079,2026-02-03,True,13,False,0.75
3226,DONOR-MA-03226,A+,Mumbai,Maharashtra,19.10796,72.88121,+91 ******8337,2025-10-22,True,2,True,0.87
3227,DONOR-TE-03227,AB+,Hyderabad,Telangana,17.37106,78.43719,+91 ******4888,2026-04-27,True,11,False,0.88
3228,DONOR-UT-03228,AB-,Noida,Uttar Pradesh,28.55793,77.43956,+91 ******3472,2026-02-01,True,6,False,0.93
3229,DONOR-DE-03229,A+,Delhi,Delhi,28.59683,77.22111,+91 ******7380,2026-05-27,True,1,False,0.68
3230,DONOR-UT-03230,O+,Noida,Uttar Pradesh,28.55222,77.41598,+91 ******6352,2026-07-12,False,2,True,0.93
3231,DONOR-TA-03231,A-,Chennai,Tamil Nadu,13.05195,80.24649,+91 ******9425,2026-04-16,True,3,True,0.93
3232,DONOR-DE-03232,B-,Delhi,Delhi,28.56859,77.23299,+91 ******3292,2025-12-04,True,9,True,0.87
3233,DONOR-WE-03233,O-,Kolkata,West Bengal,22.60582,88.37635,+91 ******7633,2025-09-09,True,3,False,0.96
3234,DONOR-UT-03234,O-,Noida,Uttar Pradesh,28.49164,77.40753,+91 ******3045,2025-11-26,True,11,True,0.97
3235,DONOR-MA-03235,O+,Mumbai,Maharashtra,19.08881,72.86897,+91 ******6193,2026-02-19,True,2,True,0.69
3236,DONOR-UT-03236,A+,Noida,Uttar Pradesh,28.56271,77.39403,+91 ******3288,2026-06-15,False,7,False,0.68
3237,DONOR-WE-03237,B-,Kolkata,West Bengal,22.60479,88.32606,+91 ******2034,2026-02-08,True,14,False,0.71
3238,DONOR-KA-03238,O+,Bengaluru,Karnataka,12.99806,77.61363,+91 ******4911,2026-01-12,True,9,False,0.95
3239,DONOR-UT-03239,B-,Noida,Uttar Pradesh,28.52688,77.38724,+91 ******1244,2026-04-05,True,3,False,0.84
3240,DONOR-UT-03240,AB-,Noida,Uttar Pradesh,28.5568,77.41442,+91 ******3943,2025-09-20,True,3,True,0.83
3241,DONOR-WE-03241,B-,Kolkata,West Bengal,22.6031,88.40505,+91 ******7234,2026-05-26,True,8,True,0.85
3242,DONOR-TE-03242,B+,Hyderabad,Telangana,17.41957,78.45324,+91 ******6128,2026-05-20,True,10,True,0.73
3243,DONOR-KA-03243,O+,Bengaluru,Karnataka,12.98998,77.57244,+91 ******8032,2026-04-18,True,9,False,0.97
3244,DONOR-UT-03244,A+,Noida,Uttar Pradesh,28.49294,77.41932,+91 ******4617,2026-05-02,True,7,False,0.85
3245,DONOR-DE-03245,AB-,Delhi,Delhi,28.59595,77.20897,+91 ******6471,2026-07-11,False,12,True,0.87
3246,DONOR-DE-03246,O-,Delhi,Delhi,28.64099,77.24998,+91 ******8888,2026-05-30,True,10,False,0.95
3247,DONOR-UT-03247,B-,Noida,Uttar Pradesh,28.55431,77.34258,+91 ******7392,2026-04-09,True,8,False,0.79
3248,DONOR-WE-03248,AB-,Kolkata,West Bengal,22.56213,88.31615,+91 ******4117,2026-06-10,False,9,False,0.83
3249,DONOR-DE-03249,O-,Delhi,Delhi,28.58142,77.19095,+91 ******9023,2025-09-21,True,13,False,0.8
3250,DONOR-MA-03250,AB-,Mumbai,Maharashtra,19.08616,72.8636,+91 ******6174,2025-12-16,True,2,True,0.86
3251,DONOR-HA-03251,A-,Gurugram,Haryana,28.43499,77.02174,+91 ******2398,2025-09-08,True,2,True,0.72
3252,DONOR-WE-03252,O+,Kolkata,West Bengal,22.61892,88.3595,+91 ******9645,2026-05-04,True,3,True,0.78
3253,DONOR-TA-03253,AB+,Chennai,Tamil Nadu,13.11898,80.23111,+91 ******6976,2026-06-02,True,12,True,0.72
3254,DONOR-DE-03254,B-,Delhi,Delhi,28.64355,77.2133,+91 ******7519,2026-02-19,True,1,True,0.82
3255,DONOR-HA-03255,O-,Gurugram,Haryana,28.4673,76.99321,+91 ******3282,2026-04-16,True,4,True,0.93
3256,DONOR-HA-03256,B-,Gurugram,Haryana,28.48944,76.98053,+91 ******9547,2025-12-25,True,2,False,0.8
3257,DONOR-WE-03257,AB-,Kolkata,West Bengal,22.62076,88.39015,+91 ******9925,2026-03-28,True,3,False,0.81
3258,DONOR-DE-03258,B+,Delhi,Delhi,28.57031,77.20392,+91 ******5832,2026-08-12,False,9,True,0.92
3259,DONOR-UT-03259,B-,Noida,Uttar Pradesh,28.52919,77.41265,+91 ******8043,2025-12-16,True,11,True,0.67
3260,DONOR-TE-03260,AB-,Hyderabad,Telangana,17.37035,78.44584,+91 ******1300,2026-08-14,False,2,False,0.69
3261,DONOR-KA-03261,O+,Bengaluru,Karnataka,12.99046,77.62146,+91 ******3110,2026-06-19,False,3,False,0.67
3262,DONOR-MA-03262,B-,Mumbai,Maharashtra,19.06783,72.9273,+91 ******3113,2026-06-16,False,6,False,0.9
3263,DONOR-MA-03263,B+,Mumbai,Maharashtra,19.02628,72.91814,+91 ******5451,2025-09-15,True,14,True,0.72
3264,DONOR-TA-03264,B+,Chennai,Tamil Nadu,13.06579,80.24117,+91 ******8122,2026-06-26,False,14,True,0.66
3265,DONOR-UT-03265,O+,Noida,Uttar Pradesh,28.57262,77.41195,+91 ******3031,2026-05-02,True,14,True,0.79
3266,DONOR-WE-03266,A+,Kolkata,West Bengal,22.60621,88.36102,+91 ******6006,2025-09-11,True,4,False,0.65
3267,DONOR-TE-03267,A-,Hyderabad,Telangana,17.36284,78.46197,+91 ******7382,2026-08-14,False,7,True,0.84
3268,DONOR-DE-03268,A+,Delhi,Delhi,28.56696,77.21366,+91 ******6427,2026-03-28,True,2,True,0.87
3269,DONOR-TA-03269,A+,Chennai,Tamil Nadu,13.07342,80.23497,+91 ******3784,2026-01-24,True,10,False,0.68
3270,DONOR-TE-03270,O+,Hyderabad,Telangana,17.33561,78.51851,+91 ******7683,2025-09-23,True,2,True,0.91
3271,DONOR-UT-03271,B+,Noida,Uttar Pradesh,28.51849,77.35724,+91 ******7102,2026-03-07,True,12,False,0.7
3272,DONOR-DE-03272,O-,Delhi,Delhi,28.59634,77.24275,+91 ******8471,2026-05-17,True,11,True,0.77
3273,DONOR-KA-03273,O+,Bengaluru,Karnataka,12.99562,77.64006,+91 ******9141,2026-03-20,True,3,True,0.9
3274,DONOR-MA-03274,A-,Mumbai,Maharashtra,19.08558,72.83237,+91 ******2424,2026-06-30,False,6,True,0.92
3275,DONOR-TE-03275,O-,Hyderabad,Telangana,17.38565,78.48024,+91 ******8585,2026-05-23,True,12,True,0.83
3276,DONOR-WE-03276,A+,Kolkata,West Bengal,22.52664,88.32215,+91 ******5527,2026-01-08,True,4,False,0.95
3277,DONOR-TE-03277,O-,Hyderabad,Telangana,17.41523,78.49006,+91 ******1114,2025-12-07,True,2,True,0.79
3278,DONOR-KA-03278,AB-,Bengaluru,Karnataka,13.00428,77.55772,+91 ******4607,2025-10-16,True,12,True,0.88
3279,DONOR-KA-03279,AB-,Bengaluru,Karnataka,12.98768,77.58105,+91 ******1740,2026-05-23,True,12,True,0.84
3280,DONOR-TA-03280,A-,Chennai,Tamil Nadu,13.06482,80.27029,+91 ******2446,2025-10-17,True,11,False,0.8
3281,DONOR-MA-03281,O+,Mumbai,Maharashtra,19.02783,72.85825,+91 ******8663,2026-03-07,True,3,True,0.73
3282,DONOR-UT-03282,O-,Noida,Uttar Pradesh,28.49428,77.37991,+91 ******6843,2025-11-15,True,1,True,0.69
3283,DONOR-TE-03283,B-,Hyderabad,Telangana,17.40093,78.53313,+91 ******2905,2026-05-23,True,4,True,0.82
3284,DONOR-WE-03284,O-,Kolkata,West Bengal,22.52868,88.40544,+91 ******5461,2026-05-15,True,7,True,0.67
3285,DONOR-MA-03285,O+,Mumbai,Maharashtra,19.0267,72.92654,+91 ******5600,2025-12-13,True,2,True,0.9
3286,DONOR-TA-03286,O-,Chennai,Tamil Nadu,13.09043,80.30673,+91 ******3074,2025-10-23,True,2,True,0.96
3287,DONOR-WE-03287,O-,Kolkata,West Bengal,22.6161,88.40514,+91 ******4461,2026-05-03,True,12,True,0.82
3288,DONOR-TE-03288,O+,Hyderabad,Telangana,17.42325,78.45125,+91 ******9390,2026-02-17,True,9,True,0.83
3289,DONOR-KA-03289,B-,Bengaluru,Karnataka,12.99919,77.64152,+91 ******7486,2025-12-27,True,1,True,0.95
3290,DONOR-DE-03290,AB+,Delhi,Delhi,28.6284,77.20603,+91 ******5662,2025-12-12,True,13,False,0.8
3291,DONOR-KA-03291,O-,Bengaluru,Karnataka,13.00855,77.57557,+91 ******1708,2026-06-28,False,7,True,0.92
3292,DONOR-WE-03292,B-,Kolkata,West Bengal,22.53614,88.37792,+91 ******5666,2026-03-01,True,5,True,0.92
3293,DONOR-UT-03293,AB-,Noida,Uttar Pradesh,28.55444,77.3441,+91 ******5087,2026-04-13,True,10,True,0.82
3294,DONOR-TE-03294,O-,Hyderabad,Telangana,17.43048,78.50038,+91 ******1887,2025-11-06,True,13,True,0.91
3295,DONOR-WE-03295,B-,Kolkata,West Bengal,22.55899,88.39941,+91 ******9312,2026-01-05,True,11,True,0.79
3296,DONOR-UT-03296,A+,Noida,Uttar Pradesh,28.52334,77.39362,+91 ******6023,2026-05-04,True,8,True,0.88
3297,DONOR-DE-03297,O-,Delhi,Delhi,28.66351,77.22422,+91 ******8634,2026-07-04,False,7,False,0.95
3298,DONOR-MA-03298,O-,Mumbai,Maharashtra,19.05763,72.83025,+91 ******1042,2025-10-07,True,9,True,0.78
3299,DONOR-HA-03299,AB+,Gurugram,Haryana,28.42436,76.99634,+91 ******6268,2025-12-10,True,1,False,0.71
3300,DONOR-TE-03300,B+,Hyderabad,Telangana,17.34799,78.49213,+91 ******1708,2025-09-08,True,4,False,0.98
3301,DONOR-HA-03301,B-,Gurugram,Haryana,28.50247,77.04494,+91 ******6161,2026-02-03,True,3,True,0.75
3302,DONOR-TE-03302,AB+,Hyderabad,Telangana,17.41589,78.46517,+91 ******3553,2026-01-05,True,10,True,0.71
3303,DONOR-HA-03303,O+,Gurugram,Haryana,28.43407,77.02481,+91 ******5784,2026-07-16,False,13,True,0.94
3304,DONOR-MA-03304,A+,Mumbai,Maharashtra,19.09704,72.8591,+91 ******8397,2026-02-28,True,3,False,0.79
3305,DONOR-TA-03305,AB-,Chennai,Tamil Nadu,13.05785,80.24016,+91 ******5349,2026-03-18,True,10,False,0.81
3306,DONOR-WE-03306,A-,Kolkata,West Bengal,22.53372,88.32991,+91 ******5084,2025-11-14,True,11,False,0.87
3307,DONOR-DE-03307,A-,Delhi,Delhi,28.64817,77.19149,+91 ******7639,2026-01-11,True,3,False,0.7
3308,DONOR-MA-03308,AB+,Mumbai,Maharashtra,19.09162,72.89093,+91 ******7327,2026-02-18,True,5,True,0.88
3309,DONOR-MA-03309,AB-,Mumbai,Maharashtra,19.09312,72.92138,+91 ******7057,2026-02-15,True,13,True,0.84
3310,DONOR-DE-03310,A+,Delhi,Delhi,28.57651,77.19979,+91 ******8023,2026-03-06,True,8,True,0.9
3311,DONOR-KA-03311,O-,Bengaluru,Karnataka,13.01389,77.56624,+91 ******3242,2025-09-27,True,7,True,0.71
3312,DONOR-DE-03312,B+,Delhi,Delhi,28.59019,77.24135,+91 ******1478,2026-08-05,False,12,True,0.73
3313,DONOR-WE-03313,A+,Kolkata,West Bengal,22.59469,88.41221,+91 ******7948,2026-06-12,False,3,True,0.71
3314,DONOR-DE-03314,O+,Delhi,Delhi,28.62032,77.19645,+91 ******1382,2026-03-04,True,2,True,0.85
3315,DONOR-WE-03315,AB-,Kolkata,West Bengal,22.58693,88.4055,+91 ******2099,2026-08-11,False,11,False,0.66
3316,DONOR-MA-03316,O-,Mumbai,Maharashtra,19.0844,72.84858,+91 ******1543,2026-03-18,True,7,True,0.95
3317,DONOR-UT-03317,B-,Noida,Uttar Pradesh,28.52374,77.41381,+91 ******4172,2025-11-14,True,13,True,0.73
3318,DONOR-UT-03318,A-,Noida,Uttar Pradesh,28.55956,77.35676,+91 ******3403,2026-02-11,True,1,True,0.72
3319,DONOR-TA-03319,A+,Chennai,Tamil Nadu,13.0412,80.23803,+91 ******1690,2026-01-22,True,9,False,0.7
3320,DONOR-MA-03320,O-,Mumbai,Maharashtra,19.09124,72.87215,+91 ******3979,2026-04-02,True,13,False,0.74
3321,DONOR-TE-03321,B+,Hyderabad,Telangana,17.3841,78.49085,+91 ******3728,2026-01-08,True,1,True,0.7
3322,DONOR-DE-03322,A+,Delhi,Delhi,28.6599,77.25709,+91 ******7904,2026-05-30,True,5,False,0.88
3323,DONOR-TE-03323,O+,Hyderabad,Telangana,17.38533,78.4691,+91 ******9045,2026-04-07,True,1,True,0.79
3324,DONOR-DE-03324,B+,Delhi,Delhi,28.62857,77.24761,+91 ******8208,2026-04-10,True,12,True,0.95
3325,DONOR-TE-03325,AB+,Hyderabad,Telangana,17.35269,78.4828,+91 ******8631,2026-01-04,True,8,True,0.95
3326,DONOR-KA-03326,O+,Bengaluru,Karnataka,12.92301,77.54496,+91 ******5466,2025-10-17,True,6,True,0.8
3327,DONOR-DE-03327,O-,Delhi,Delhi,28.6633,77.16764,+91 ******9420,2025-10-13,True,3,True,0.7
3328,DONOR-DE-03328,A-,Delhi,Delhi,28.64346,77.17263,+91 ******7570,2026-06-09,True,12,True,0.77
3329,DONOR-UT-03329,A-,Noida,Uttar Pradesh,28.52925,77.34113,+91 ******9072,2026-05-15,True,11,True,0.79
3330,DONOR-TE-03330,A+,Hyderabad,Telangana,17.37372,78.50842,+91 ******9442,2025-11-19,True,13,False,0.88
3331,DONOR-WE-03331,A-,Kolkata,West Bengal,22.5604,88.41385,+91 ******7024,2025-11-01,True,3,True,0.82
3332,DONOR-UT-03332,AB-,Noida,Uttar Pradesh,28.57351,77.4171,+91 ******3187,2026-04-11,True,4,True,0.87
3333,DONOR-KA-03333,A-,Bengaluru,Karnataka,12.92992,77.58449,+91 ******2388,2026-08-14,False,10,True,0.74
3334,DONOR-DE-03334,A+,Delhi,Delhi,28.61613,77.15928,+91 ******8721,2026-06-24,False,12,True,0.89
3335,DONOR-WE-03335,A+,Kolkata,West Bengal,22.57119,88.40374,+91 ******3794,2026-02-17,True,8,True,0.68
3336,DONOR-DE-03336,B-,Delhi,Delhi,28.61103,77.18752,+91 ******4704,2026-03-31,True,7,True,0.84
3337,DONOR-TA-03337,O+,Chennai,Tamil Nadu,13.09241,80.266,+91 ******5811,2026-06-07,True,2,True,0.76
3338,DONOR-UT-03338,A+,Noida,Uttar Pradesh,28.49466,77.43364,+91 ******1008,2025-11-04,True,11,True,0.92
3339,DONOR-TA-03339,AB-,Chennai,Tamil Nadu,13.08823,80.25691,+91 ******1193,2026-05-25,True,1,False,0.87
3340,DONOR-TA-03340,B+,Chennai,Tamil Nadu,13.04905,80.29696,+91 ******4762,2025-10-07,True,1,False,0.98
3341,DONOR-HA-03341,AB+,Gurugram,Haryana,28.47151,77.06517,+91 ******8755,2026-02-18,True,11,True,0.88
3342,DONOR-TE-03342,O-,Hyderabad,Telangana,17.399,78.52352,+91 ******6264,2026-01-19,True,12,True,0.92
3343,DONOR-HA-03343,B+,Gurugram,Haryana,28.44415,77.01496,+91 ******5225,2025-09-10,True,1,False,0.78
3344,DONOR-UT-03344,A+,Noida,Uttar Pradesh,28.52042,77.41288,+91 ******5779,2026-01-10,True,13,True,0.93
3345,DONOR-UT-03345,B-,Noida,Uttar Pradesh,28.57555,77.44054,+91 ******8513,2026-04-23,True,14,True,0.79
3346,DONOR-WE-03346,O+,Kolkata,West Bengal,22.59676,88.39104,+91 ******8328,2025-10-16,True,9,False,0.87
3347,DONOR-WE-03347,AB-,Kolkata,West Bengal,22.59931,88.31438,+91 ******6246,2025-11-25,True,8,True,0.92
3348,DONOR-TA-03348,AB+,Chennai,Tamil Nadu,13.06282,80.28643,+91 ******9535,2026-02-19,True,10,True,0.82
3349,DONOR-UT-03349,A+,Noida,Uttar Pradesh,28.513,77.39982,+91 ******9446,2026-08-06,False,4,True,0.91
3350,DONOR-WE-03350,O-,Kolkata,West Bengal,22.53969,88.38735,+91 ******6824,2025-09-12,True,5,False,0.66
3351,DONOR-WE-03351,B+,Kolkata,West Bengal,22.54351,88.33974,+91 ******6199,2026-04-21,True,8,True,0.69
3352,DONOR-UT-03352,A-,Noida,Uttar Pradesh,28.49455,77.43728,+91 ******7093,2025-12-01,True,9,False,0.87
3353,DONOR-TE-03353,AB-,Hyderabad,Telangana,17.39465,78.51855,+91 ******4977,2026-07-15,False,14,True,0.69
3354,DONOR-MA-03354,A+,Mumbai,Maharashtra,19.03123,72.89361,+91 ******5505,2026-05-14,True,13,False,0.7
3355,DONOR-WE-03355,A+,Kolkata,West Bengal,22.54907,88.34852,+91 ******3199,2025-12-13,True,6,True,0.75
3356,DONOR-HA-03356,A-,Gurugram,Haryana,28.49176,77.0283,+91 ******9979,2025-12-19,True,12,True,0.97
3357,DONOR-KA-03357,AB+,Bengaluru,Karnataka,12.96865,77.61291,+91 ******9844,2025-10-16,True,8,True,0.65
3358,DONOR-HA-03358,AB+,Gurugram,Haryana,28.46789,77.07015,+91 ******8893,2026-07-01,False,11,True,0.91
3359,DONOR-HA-03359,O-,Gurugram,Haryana,28.41756,77.01958,+91 ******4000,2026-01-01,True,6,True,0.92
3360,DONOR-TE-03360,O-,Hyderabad,Telangana,17.41506,78.49885,+91 ******7943,2026-05-23,True,14,True,0.79
3361,DONOR-TA-03361,AB-,Chennai,Tamil Nadu,13.09167,80.27488,+91 ******8710,2025-12-30,True,5,False,0.82
3362,DONOR-TA-03362,A+,Chennai,Tamil Nadu,13.10855,80.31735,+91 ******5548,2026-04-25,True,2,True,0.96
3363,DONOR-HA-03363,A+,Gurugram,Haryana,28.4817,77.03472,+91 ******7814,2026-05-06,True,12,True,0.85
3364,DONOR-HA-03364,AB+,Gurugram,Haryana,28.47904,77.00989,+91 ******4420,2026-07-22,False,7,True,0.82
3365,DONOR-DE-03365,AB+,Delhi,Delhi,28.57499,77.24303,+91 ******5691,2025-11-26,True,8,True,0.79
3366,DONOR-TE-03366,O+,Hyderabad,Telangana,17.37571,78.52881,+91 ******6900,2026-07-19,False,9,True,0.69
3367,DONOR-HA-03367,A+,Gurugram,Haryana,28.47962,77.0006,+91 ******8624,2026-07-23,False,11,True,0.85
3368,DONOR-DE-03368,A+,Delhi,Delhi,28.65054,77.25578,+91 ******7205,2026-07-02,False,3,True,0.8
3369,DONOR-KA-03369,O-,Bengaluru,Karnataka,12.94573,77.54989,+91 ******3887,2026-01-10,True,2,True,0.86
3370,DONOR-HA-03370,B-,Gurugram,Haryana,28.43793,77.02226,+91 ******7854,2026-02-24,True,14,False,0.92
3371,DONOR-HA-03371,B+,Gurugram,Haryana,28.47205,76.99757,+91 ******9053,2026-08-16,False,9,True,0.83
3372,DONOR-DE-03372,AB-,Delhi,Delhi,28.65452,77.20062,+91 ******5895,2026-03-13,True,10,True,0.76
3373,DONOR-WE-03373,A-,Kolkata,West Bengal,22.56027,88.34926,+91 ******5857,2026-03-10,True,9,True,0.7
3374,DONOR-HA-03374,O+,Gurugram,Haryana,28.44336,76.9842,+91 ******9573,2026-05-28,True,7,True,0.95
3375,DONOR-TE-03375,AB+,Hyderabad,Telangana,17.41842,78.49805,+91 ******9617,2026-02-05,True,3,True,0.94
3376,DONOR-KA-03376,B-,Bengaluru,Karnataka,12.9665,77.5482,+91 ******1728,2026-06-06,True,2,True,0.93
3377,DONOR-HA-03377,B+,Gurugram,Haryana,28.49095,77.03064,+91 ******2493,2025-12-31,True,4,True,0.95
3378,DONOR-MA-03378,AB+,Mumbai,Maharashtra,19.11275,72.92216,+91 ******8151,2025-11-29,True,3,True,0.96
3379,DONOR-TA-03379,B+,Chennai,Tamil Nadu,13.08721,80.23432,+91 ******6536,2025-11-19,True,8,False,0.8
3380,DONOR-WE-03380,O-,Kolkata,West Bengal,22.62076,88.38614,+91 ******1103,2026-06-08,True,8,True,0.92
3381,DONOR-TA-03381,B+,Chennai,Tamil Nadu,13.12969,80.31636,+91 ******7663,2026-08-20,False,11,True,0.92
3382,DONOR-KA-03382,O-,Bengaluru,Karnataka,12.98537,77.5793,+91 ******7033,2025-10-02,True,4,True,0.79
3383,DONOR-MA-03383,A+,Mumbai,Maharashtra,19.1214,72.84061,+91 ******9187,2026-01-04,True,1,False,0.72
3384,DONOR-TE-03384,O-,Hyderabad,Telangana,17.40557,78.48368,+91 ******3061,2026-07-23,False,4,True,0.87
3385,DONOR-HA-03385,AB+,Gurugram,Haryana,28.42652,77.01104,+91 ******1371,2026-01-06,True,12,False,0.73
3386,DONOR-HA-03386,B-,Gurugram,Haryana,28.44261,77.01038,+91 ******9539,2026-01-25,True,10,True,0.94
3387,DONOR-TA-03387,O-,Chennai,Tamil Nadu,13.09762,80.25002,+91 ******7808,2026-07-01,False,9,True,0.96
3388,DONOR-TE-03388,O-,Hyderabad,Telangana,17.41387,78.47883,+91 ******7549,2026-03-30,True,4,True,0.93
3389,DONOR-TE-03389,AB+,Hyderabad,Telangana,17.37301,78.43772,+91 ******9436,2026-04-03,True,12,True,0.81
3390,DONOR-MA-03390,B+,Mumbai,Maharashtra,19.04672,72.89887,+91 ******2155,2025-10-08,True,5,True,0.76
3391,DONOR-TA-03391,B+,Chennai,Tamil Nadu,13.1245,80.26447,+91 ******7934,2026-08-18,False,4,True,0.74
3392,DONOR-TE-03392,O+,Hyderabad,Telangana,17.39327,78.49598,+91 ******3615,2026-04-03,True,5,False,0.79
3393,DONOR-TE-03393,B-,Hyderabad,Telangana,17.35563,78.44521,+91 ******4692,2026-07-30,False,10,True,0.88
3394,DONOR-MA-03394,B+,Mumbai,Maharashtra,19.09813,72.87816,+91 ******7159,2026-07-08,False,9,False,0.77
3395,DONOR-DE-03395,A+,Delhi,Delhi,28.59595,77.24776,+91 ******1625,2026-07-16,False,2,True,0.72
3396,DONOR-TA-03396,O-,Chennai,Tamil Nadu,13.06072,80.30151,+91 ******7614,2026-03-10,True,1,False,0.87
3397,DONOR-TA-03397,O+,Chennai,Tamil Nadu,13.04927,80.29739,+91 ******6222,2026-07-18,False,6,True,0.87
3398,DONOR-TE-03398,AB-,Hyderabad,Telangana,17.38127,78.52835,+91 ******5846,2025-09-16,True,8,True,0.76
3399,DONOR-TE-03399,B-,Hyderabad,Telangana,17.43263,78.43924,+91 ******6311,2026-03-01,True,12,True,0.69
3400,DONOR-UT-03400,A-,Noida,Uttar Pradesh,28.52981,77.37104,+91 ******5689,2026-02-18,True,9,False,0.76
3401,DONOR-HA-03401,B+,Gurugram,Haryana,28.47847,76.9897,+91 ******7012,2025-09-18,True,13,True,0.96
3402,DONOR-HA-03402,A-,Gurugram,Haryana,28.48698,76.98403,+91 ******6133,2025-09-25,True,14,False,0.86
3403,DONOR-HA-03403,AB+,Gurugram,Haryana,28.41875,77.05982,+91 ******9051,2026-02-13,True,12,False,0.7
3404,DONOR-MA-03404,O+,Mumbai,Maharashtra,19.03004,72.90838,+91 ******8759,2026-06-15,False,13,True,0.74
3405,DONOR-MA-03405,AB+,Mumbai,Maharashtra,19.02857,72.90077,+91 ******3318,2025-11-16,True,1,False,0.89
3406,DONOR-MA-03406,AB+,Mumbai,Maharashtra,19.04323,72.92142,+91 ******5661,2026-05-29,True,1,True,0.71
3407,DONOR-MA-03407,AB+,Mumbai,Maharashtra,19.12587,72.87135,+91 ******1361,2026-03-28,True,2,False,0.89
3408,DONOR-DE-03408,O-,Delhi,Delhi,28.60007,77.24205,+91 ******6793,2026-05-31,True,10,True,0.84
3409,DONOR-DE-03409,A-,Delhi,Delhi,28.59213,77.24073,+91 ******5143,2025-10-16,True,3,True,0.87
3410,DONOR-HA-03410,A-,Gurugram,Haryana,28.44199,77.01726,+91 ******2424,2026-07-10,False,4,True,0.89
3411,DONOR-MA-03411,A-,Mumbai,Maharashtra,19.0522,72.87793,+91 ******8749,2026-02-17,True,4,False,0.9
3412,DONOR-WE-03412,O+,Kolkata,West Bengal,22.59179,88.40315,+91 ******9959,2026-01-17,True,2,False,0.73
3413,DONOR-HA-03413,A-,Gurugram,Haryana,28.4211,76.98825,+91 ******3710,2026-08-10,False,12,True,0.82
3414,DONOR-MA-03414,B+,Mumbai,Maharashtra,19.02994,72.8567,+91 ******1563,2026-03-20,True,10,True,0.85
3415,DONOR-UT-03415,B+,Noida,Uttar Pradesh,28.54334,77.40874,+91 ******6905,2026-03-22,True,4,False,0.84
3416,DONOR-DE-03416,AB-,Delhi,Delhi,28.61521,77.16601,+91 ******4148,2026-05-04,True,7,True,0.89
3417,DONOR-MA-03417,O+,Mumbai,Maharashtra,19.03541,72.92361,+91 ******8062,2026-04-26,True,8,False,0.75
3418,DONOR-UT-03418,A-,Noida,Uttar Pradesh,28.57663,77.34951,+91 ******4566,2025-09-22,True,10,False,0.82
3419,DONOR-TA-03419,B-,Chennai,Tamil Nadu,13.06176,80.25281,+91 ******2835,2026-08-08,False,12,False,0.7
3420,DONOR-MA-03420,O+,Mumbai,Maharashtra,19.05324,72.9076,+91 ******7027,2025-10-24,True,1,True,0.68
3421,DONOR-TA-03421,AB-,Chennai,Tamil Nadu,13.10969,80.25519,+91 ******8434,2025-12-13,True,13,True,0.77
3422,DONOR-TA-03422,A-,Chennai,Tamil Nadu,13.0479,80.22822,+91 ******4423,2026-02-11,True,7,False,0.71
3423,DONOR-TA-03423,A+,Chennai,Tamil Nadu,13.12867,80.27108,+91 ******2520,2026-07-15,False,6,True,0.88
3424,DONOR-TA-03424,B-,Chennai,Tamil Nadu,13.13036,80.3178,+91 ******7211,2026-05-19,True,1,True,0.94
3425,DONOR-DE-03425,O+,Delhi,Delhi,28.56527,77.21838,+91 ******7596,2026-04-02,True,7,True,0.73
3426,DONOR-HA-03426,A+,Gurugram,Haryana,28.50818,77.00138,+91 ******1971,2025-12-30,True,8,False,0.87
3427,DONOR-DE-03427,A+,Delhi,Delhi,28.64204,77.217,+91 ******5494,2026-07-21,False,9,True,0.73
3428,DONOR-MA-03428,O-,Mumbai,Maharashtra,19.05582,72.91214,+91 ******6531,2026-01-28,True,5,False,0.88
3429,DONOR-MA-03429,AB-,Mumbai,Maharashtra,19.08831,72.89281,+91 ******8669,2026-04-21,True,10,True,0.93
3430,DONOR-TA-03430,B+,Chennai,Tamil Nadu,13.05135,80.27316,+91 ******9875,2026-03-10,True,11,True,0.96
3431,DONOR-KA-03431,A-,Bengaluru,Karnataka,12.95721,77.64449,+91 ******4466,2026-06-27,False,10,True,0.91
3432,DONOR-MA-03432,O+,Mumbai,Maharashtra,19.11793,72.87964,+91 ******4853,2026-05-31,True,8,True,0.95
3433,DONOR-TA-03433,B+,Chennai,Tamil Nadu,13.05225,80.3085,+91 ******4154,2025-10-02,True,4,True,0.66
3434,DONOR-MA-03434,O+,Mumbai,Maharashtra,19.06712,72.8716,+91 ******6098,2025-12-01,True,7,True,0.74
3435,DONOR-WE-03435,O+,Kolkata,West Bengal,22.59641,88.40827,+91 ******2609,2026-04-09,True,4,True,0.68
3436,DONOR-DE-03436,B+,Delhi,Delhi,28.60393,77.16956,+91 ******6655,2026-03-06,True,10,True,0.78
3437,DONOR-UT-03437,A-,Noida,Uttar Pradesh,28.51151,77.39234,+91 ******9402,2026-08-21,False,2,True,0.74
3438,DONOR-UT-03438,B-,Noida,Uttar Pradesh,28.52249,77.35883,+91 ******6105,2026-06-27,False,12,True,0.67
3439,DONOR-WE-03439,A+,Kolkata,West Bengal,22.5765,88.32573,+91 ******7335,2026-03-19,True,14,False,0.77
3440,DONOR-UT-03440,AB-,Noida,Uttar Pradesh,28.53714,77.35764,+91 ******6453,2026-08-12,False,6,True,0.74
3441,DONOR-TE-03441,B-,Hyderabad,Telangana,17.42598,78.45424,+91 ******9204,2026-02-01,True,7,True,0.73
3442,DONOR-MA-03442,B-,Mumbai,Maharashtra,19.07598,72.83665,+91 ******1447,2026-04-09,True,5,True,0.87
3443,DONOR-TE-03443,O+,Hyderabad,Telangana,17.36308,78.4705,+91 ******6802,2025-11-06,True,13,True,0.65
3444,DONOR-DE-03444,B+,Delhi,Delhi,28.64902,77.16827,+91 ******3255,2026-01-24,True,8,True,0.97
3445,DONOR-WE-03445,A-,Kolkata,West Bengal,22.60259,88.36106,+91 ******3059,2026-04-09,True,11,True,0.97
3446,DONOR-TA-03446,B-,Chennai,Tamil Nadu,13.10707,80.30099,+91 ******9689,2026-02-05,True,9,True,0.91
3447,DONOR-DE-03447,A+,Delhi,Delhi,28.65813,77.19148,+91 ******8388,2025-09-10,True,13,True,0.74
3448,DONOR-UT-03448,A-,Noida,Uttar Pradesh,28.52614,77.43287,+91 ******1543,2026-02-20,True,2,False,0.92
3449,DONOR-KA-03449,AB+,Bengaluru,Karnataka,13.00721,77.61996,+91 ******4941,2026-08-14,False,14,True,0.73
3450,DONOR-KA-03450,A+,Bengaluru,Karnataka,12.94048,77.61915,+91 ******8592,2025-12-24,True,1,True,0.71
3451,DONOR-TA-03451,A-,Chennai,Tamil Nadu,13.1255,80.25377,+91 ******6494,2025-09-19,True,5,True,0.85
3452,DONOR-TE-03452,AB-,Hyderabad,Telangana,17.36051,78.49801,+91 ******8008,2026-02-06,True,5,False,0.68
3453,DONOR-TA-03453,B+,Chennai,Tamil Nadu,13.11696,80.29052,+91 ******8129,2026-02-23,True,8,True,0.82
3454,DONOR-DE-03454,B-,Delhi,Delhi,28.57512,77.25568,+91 ******8320,2026-07-20,False,5,True,0.84
3455,DONOR-KA-03455,AB-,Bengaluru,Karnataka,12.99131,77.57649,+91 ******4837,2026-05-21,True,11,False,0.79
3456,DONOR-MA-03456,O-,Mumbai,Maharashtra,19.08108,72.91003,+91 ******5562,2026-01-19,True,12,False,0.97
3457,DONOR-DE-03457,B+,Delhi,Delhi,28.5692,77.2035,+91 ******2694,2025-12-28,True,11,True,0.74
3458,DONOR-TE-03458,AB+,Hyderabad,Telangana,17.37985,78.5319,+91 ******1670,2026-04-23,True,14,True,0.96
3459,DONOR-KA-03459,B-,Bengaluru,Karnataka,12.97754,77.55359,+91 ******3846,2026-03-29,True,6,True,0.91
3460,DONOR-MA-03460,O-,Mumbai,Maharashtra,19.08999,72.87604,+91 ******9763,2025-09-12,True,12,True,0.78
3461,DONOR-TA-03461,A+,Chennai,Tamil Nadu,13.09008,80.27618,+91 ******4409,2025-09-20,True,3,True,0.76
3462,DONOR-KA-03462,A-,Bengaluru,Karnataka,12.98532,77.63966,+91 ******2570,2025-12-25,True,6,True,0.69
3463,DONOR-UT-03463,AB+,Noida,Uttar Pradesh,28.56908,77.42753,+91 ******1614,2025-12-27,True,2,True,0.96
3464,DONOR-TA-03464,A-,Chennai,Tamil Nadu,13.10547,80.23278,+91 ******2953,2026-01-22,True,5,True,0.74
3465,DONOR-WE-03465,B-,Kolkata,West Bengal,22.59386,88.32207,+91 ******9271,2026-07-02,False,1,True,0.8
3466,DONOR-KA-03466,AB-,Bengaluru,Karnataka,12.93885,77.62134,+91 ******4487,2025-12-16,True,12,False,0.81
3467,DONOR-TA-03467,A+,Chennai,Tamil Nadu,13.12975,80.27666,+91 ******8511,2025-12-13,True,1,True,0.83
3468,DONOR-UT-03468,A-,Noida,Uttar Pradesh,28.54875,77.37506,+91 ******6477,2026-05-27,True,3,False,0.86
3469,DONOR-DE-03469,O-,Delhi,Delhi,28.61896,77.17534,+91 ******7654,2026-05-31,True,10,True,0.67
3470,DONOR-WE-03470,O+,Kolkata,West Bengal,22.58918,88.35509,+91 ******3431,2026-08-14,False,6,True,0.93
3471,DONOR-MA-03471,A-,Mumbai,Maharashtra,19.10889,72.89236,+91 ******8526,2026-02-20,True,7,True,0.9
3472,DONOR-HA-03472,B-,Gurugram,Haryana,28.50701,77.05345,+91 ******1227,2026-08-23,False,11,True,0.81
3473,DONOR-DE-03473,A+,Delhi,Delhi,28.6086,77.24007,+91 ******9522,2025-12-17,True,9,True,0.9
3474,DONOR-WE-03474,B+,Kolkata,West Bengal,22.6145,88.3844,+91 ******4683,2026-01-13,True,1,True,0.93
3475,DONOR-DE-03475,AB+,Delhi,Delhi,28.62096,77.24793,+91 ******4843,2025-12-03,True,9,False,0.7
3476,DONOR-WE-03476,B+,Kolkata,West Bengal,22.57177,88.34435,+91 ******7707,2026-01-10,True,10,True,0.67
3477,DONOR-TA-03477,O+,Chennai,Tamil Nadu,13.11254,80.28802,+91 ******6575,2026-04-08,True,6,True,0.79
3478,DONOR-WE-03478,B+,Kolkata,West Bengal,22.55865,88.34152,+91 ******9353,2025-10-21,True,9,False,0.98
3479,DONOR-KA-03479,B-,Bengaluru,Karnataka,12.97144,77.60234,+91 ******1661,2026-08-22,False,5,True,0.69
3480,DONOR-HA-03480,B-,Gurugram,Haryana,28.4156,77.02035,+91 ******7507,2026-05-24,True,1,False,0.93
3481,DONOR-WE-03481,AB-,Kolkata,West Bengal,22.58893,88.4043,+91 ******3815,2026-02-28,True,8,False,0.65
3482,DONOR-DE-03482,O+,Delhi,Delhi,28.66381,77.20514,+91 ******1642,2026-04-13,True,4,True,0.79
3483,DONOR-TE-03483,O-,Hyderabad,Telangana,17.34966,78.45155,+91 ******7548,2025-12-28,True,6,False,0.76
3484,DONOR-MA-03484,A+,Mumbai,Maharashtra,19.07422,72.89099,+91 ******1405,2025-10-24,True,12,True,0.93
3485,DONOR-MA-03485,B-,Mumbai,Maharashtra,19.06594,72.92011,+91 ******4422,2026-01-27,True,3,True,0.73
3486,DONOR-KA-03486,B+,Bengaluru,Karnataka,12.93455,77.59788,+91 ******7557,2026-02-23,True,13,True,0.82
3487,DONOR-TA-03487,B+,Chennai,Tamil Nadu,13.04668,80.29935,+91 ******9147,2026-05-03,True,3,True,0.84
3488,DONOR-UT-03488,A+,Noida,Uttar Pradesh,28.48903,77.42199,+91 ******1871,2025-12-25,True,9,True,0.75
3489,DONOR-MA-03489,A+,Mumbai,Maharashtra,19.0511,72.91731,+91 ******8303,2026-05-11,True,5,False,0.73
3490,DONOR-MA-03490,B-,Mumbai,Maharashtra,19.09428,72.89093,+91 ******9431,2025-11-21,True,9,False,0.78
3491,DONOR-UT-03491,AB+,Noida,Uttar Pradesh,28.49829,77.40557,+91 ******1207,2025-11-16,True,8,False,0.68
3492,DONOR-TE-03492,O+,Hyderabad,Telangana,17.41027,78.50541,+91 ******8823,2026-06-26,False,10,True,0.83
3493,DONOR-WE-03493,AB+,Kolkata,West Bengal,22.55218,88.39832,+91 ******6032,2026-02-22,True,12,True,0.7
3494,DONOR-TE-03494,B+,Hyderabad,Telangana,17.38395,78.50637,+91 ******8595,2026-05-02,True,7,False,0.76
3495,DONOR-HA-03495,AB-,Gurugram,Haryana,28.47242,77.02163,+91 ******8023,2025-09-26,True,10,False,0.89
3496,DONOR-HA-03496,B-,Gurugram,Haryana,28.46212,77.03221,+91 ******1622,2025-10-02,True,10,True,0.95
3497,DONOR-TA-03497,B-,Chennai,Tamil Nadu,13.12407,80.28839,+91 ******4566,2025-12-01,True,2,True,0.66
3498,DONOR-HA-03498,AB-,Gurugram,Haryana,28.41896,77.02758,+91 ******7891,2025-10-30,True,13,True,0.68
3499,DONOR-DE-03499,O+,Delhi,Delhi,28.57668,77.16017,+91 ******8117,2026-01-12,True,11,True,0.66
3500,DONOR-TA-03500,A-,Chennai,Tamil Nadu,13.05502,80.25047,+91 ******8717,2026-01-22,True,14,False,0.84
3501,DONOR-WE-03501,A+,Kolkata,West Bengal,22.54726,88.36985,+91 ******2458,2026-02-21,True,4,True,0.71
3502,DONOR-HA-03502,AB-,Gurugram,Haryana,28.49515,77.01471,+91 ******2690,2026-06-06,True,6,True,0.78
3503,DONOR-TA-03503,AB+,Chennai,Tamil Nadu,13.0622,80.27798,+91 ******4733,2026-01-23,True,10,True,0.85
3504,DONOR-DE-03504,O+,Delhi,Delhi,28.58401,77.21529,+91 ******5685,2026-03-12,True,6,True,0.87
3505,DONOR-TE-03505,B-,Hyderabad,Telangana,17.35484,78.48369,+91 ******9037,2025-12-04,True,1,False,0.89
3506,DONOR-UT-03506,O+,Noida,Uttar Pradesh,28.48707,77.35565,+91 ******4342,2025-12-27,True,11,True,0.88
3507,DONOR-HA-03507,B+,Gurugram,Haryana,28.44459,77.01565,+91 ******4356,2025-12-30,True,3,True,0.72
3508,DONOR-TA-03508,O+,Chennai,Tamil Nadu,13.05949,80.24208,+91 ******7980,2026-07-21,False,1,True,0.84
3509,DONOR-DE-03509,O+,Delhi,Delhi,28.62422,77.18924,+91 ******8058,2025-12-01,True,12,True,0.66
3510,DONOR-TA-03510,AB+,Chennai,Tamil Nadu,13.05349,80.30659,+91 ******7772,2026-06-06,True,5,True,0.8
3511,DONOR-MA-03511,AB+,Mumbai,Maharashtra,19.09245,72.87911,+91 ******6948,2025-10-13,True,2,True,0.79
3512,DONOR-DE-03512,O-,Delhi,Delhi,28.64259,77.22064,+91 ******4241,2026-08-12,False,2,True,0.75
3513,DONOR-TE-03513,AB-,Hyderabad,Telangana,17.39885,78.49262,+91 ******5678,2026-08-16,False,13,True,0.73
3514,DONOR-KA-03514,O-,Bengaluru,Karnataka,12.96345,77.64074,+91 ******5176,2026-03-23,True,13,False,0.97
3515,DONOR-MA-03515,B+,Mumbai,Maharashtra,19.07996,72.90451,+91 ******6334,2026-07-25,False,9,True,0.66
3516,DONOR-TE-03516,O-,Hyderabad,Telangana,17.3739,78.47118,+91 ******4135,2026-07-10,False,9,True,0.75
3517,DONOR-TA-03517,B-,Chennai,Tamil Nadu,13.07695,80.28004,+91 ******9232,2025-11-20,True,8,False,0.92
3518,DONOR-TE-03518,B-,Hyderabad,Telangana,17.33934,78.51864,+91 ******6225,2025-12-06,True,9,False,0.7
3519,DONOR-TE-03519,AB+,Hyderabad,Telangana,17.34078,78.46067,+91 ******7388,2025-12-05,True,7,True,0.96
3520,DONOR-HA-03520,AB+,Gurugram,Haryana,28.43602,76.99883,+91 ******6870,2026-04-27,True,9,True,0.76
3521,DONOR-UT-03521,A+,Noida,Uttar Pradesh,28.50417,77.35121,+91 ******7371,2026-02-22,True,14,False,0.8
3522,DONOR-DE-03522,O+,Delhi,Delhi,28.61601,77.1635,+91 ******6084,2026-03-07,True,10,False,0.79
3523,DONOR-KA-03523,AB+,Bengaluru,Karnataka,12.98034,77.55046,+91 ******7592,2025-12-22,True,8,False,0.79
3524,DONOR-UT-03524,B+,Noida,Uttar Pradesh,28.55121,77.42913,+91 ******2328,2026-01-17,True,3,False,0.76
3525,DONOR-MA-03525,AB-,Mumbai,Maharashtra,19.0987,72.90931,+91 ******6128,2026-01-28,True,9,True,0.88
3526,DONOR-UT-03526,AB+,Noida,Uttar Pradesh,28.54935,77.43129,+91 ******1694,2026-08-01,False,2,True,0.85
3527,DONOR-MA-03527,O+,Mumbai,Maharashtra,19.04767,72.8408,+91 ******7815,2025-11-18,True,1,False,0.72
3528,DONOR-TE-03528,AB-,Hyderabad,Telangana,17.36657,78.43673,+91 ******3741,2026-08-10,False,13,True,0.71
3529,DONOR-DE-03529,B+,Delhi,Delhi,28.57449,77.2466,+91 ******2123,2026-08-08,False,14,False,0.77
3530,DONOR-TA-03530,O+,Chennai,Tamil Nadu,13.04217,80.2749,+91 ******1897,2026-02-13,True,12,True,0.92
3531,DONOR-KA-03531,O+,Bengaluru,Karnataka,12.98236,77.62167,+91 ******4107,2026-06-25,False,11,True,0.77
3532,DONOR-TE-03532,O+,Hyderabad,Telangana,17.3686,78.49426,+91 ******4647,2025-09-14,True,9,True,0.82
3533,DONOR-TA-03533,B+,Chennai,Tamil Nadu,13.04038,80.22148,+91 ******6098,2026-08-18,False,10,True,0.88
3534,DONOR-TE-03534,A-,Hyderabad,Telangana,17.33673,78.52854,+91 ******7923,2026-07-03,False,3,True,0.72
3535,DONOR-HA-03535,B+,Gurugram,Haryana,28.41692,76.99607,+91 ******6783,2025-11-01,True,3,False,0.94
3536,DONOR-KA-03536,A-,Bengaluru,Karnataka,12.92573,77.54982,+91 ******8831,2026-05-06,True,8,True,0.82
3537,DONOR-TE-03537,A+,Hyderabad,Telangana,17.37354,78.50833,+91 ******9862,2026-04-15,True,7,True,0.67
3538,DONOR-HA-03538,B-,Gurugram,Haryana,28.50001,77.0555,+91 ******1537,2026-06-17,False,1,True,0.85
3539,DONOR-TE-03539,B+,Hyderabad,Telangana,17.42932,78.47963,+91 ******2528,2025-12-15,True,2,False,0.79
3540,DONOR-UT-03540,B-,Noida,Uttar Pradesh,28.5397,77.43092,+91 ******3158,2025-09-16,True,14,True,0.93
3541,DONOR-MA-03541,O-,Mumbai,Maharashtra,19.04557,72.84591,+91 ******9322,2026-02-22,True,10,True,0.69
3542,DONOR-WE-03542,O+,Kolkata,West Bengal,22.6014,88.33602,+91 ******6584,2026-03-31,True,9,True,0.82
3543,DONOR-UT-03543,O+,Noida,Uttar Pradesh,28.57008,77.42915,+91 ******2765,2026-02-06,True,14,True,0.97
3544,DONOR-TE-03544,A+,Hyderabad,Telangana,17.33808,78.45303,+91 ******3309,2026-07-21,False,14,False,0.79
3545,DONOR-UT-03545,AB+,Noida,Uttar Pradesh,28.52599,77.36841,+91 ******1218,2026-07-02,False,5,True,0.92
3546,DONOR-DE-03546,A-,Delhi,Delhi,28.65154,77.22915,+91 ******9184,2025-10-15,True,5,False,0.91
3547,DONOR-MA-03547,AB-,Mumbai,Maharashtra,19.05332,72.88409,+91 ******5595,2026-04-11,True,1,True,0.65
3548,DONOR-TE-03548,B+,Hyderabad,Telangana,17.41786,78.52787,+91 ******7782,2026-08-06,False,12,True,0.74
3549,DONOR-WE-03549,AB-,Kolkata,West Bengal,22.56582,88.36965,+91 ******9951,2025-09-07,True,10,True,0.81
3550,DONOR-HA-03550,A+,Gurugram,Haryana,28.47034,77.00402,+91 ******3344,2026-03-20,True,5,True,0.8
3551,DONOR-TA-03551,AB+,Chennai,Tamil Nadu,13.12347,80.23861,+91 ******9743,2026-05-18,True,8,True,0.78
3552,DONOR-UT-03552,A-,Noida,Uttar Pradesh,28.57331,77.42164,+91 ******1735,2026-05-16,True,7,True,0.97
3553,DONOR-TA-03553,O-,Chennai,Tamil Nadu,13.0466,80.31874,+91 ******3022,2026-01-30,True,5,True,0.77
3554,DONOR-TE-03554,O-,Hyderabad,Telangana,17.39325,78.43813,+91 ******3121,2026-02-06,True,7,False,0.9
3555,DONOR-WE-03555,A+,Kolkata,West Bengal,22.53631,88.38582,+91 ******8133,2026-01-31,True,13,False,0.85
3556,DONOR-HA-03556,O-,Gurugram,Haryana,28.43651,77.07072,+91 ******7767,2025-11-16,True,11,False,0.78
3557,DONOR-WE-03557,A+,Kolkata,West Bengal,22.53834,88.36366,+91 ******5839,2025-12-15,True,3,False,0.77
3558,DONOR-TA-03558,B+,Chennai,Tamil Nadu,13.12788,80.24133,+91 ******6280,2026-06-09,True,5,False,0.72
3559,DONOR-HA-03559,AB-,Gurugram,Haryana,28.44366,77.05088,+91 ******1011,2026-08-06,False,12,True,0.93
3560,DONOR-KA-03560,A-,Bengaluru,Karnataka,12.98162,77.63246,+91 ******3945,2026-01-04,True,6,True,0.67
3561,DONOR-HA-03561,B-,Gurugram,Haryana,28.41033,77.0126,+91 ******6414,2026-04-29,True,13,False,0.89
3562,DONOR-KA-03562,AB+,Bengaluru,Karnataka,12.95875,77.58597,+91 ******4767,2026-03-08,True,11,False,0.7
3563,DONOR-UT-03563,AB+,Noida,Uttar Pradesh,28.48616,77.34952,+91 ******5437,2026-06-09,True,12,False,0.69
3564,DONOR-KA-03564,A+,Bengaluru,Karnataka,13.01248,77.60867,+91 ******5604,2026-07-16,False,13,True,0.96
3565,DONOR-TA-03565,O-,Chennai,Tamil Nadu,13.0839,80.24722,+91 ******8628,2026-05-15,True,10,True,0.7
3566,DONOR-KA-03566,B+,Bengaluru,Karnataka,12.92611,77.55946,+91 ******7997,2026-06-26,False,4,False,0.81
3567,DONOR-UT-03567,B+,Noida,Uttar Pradesh,28.53572,77.40631,+91 ******7272,2026-08-02,False,14,True,0.97
3568,DONOR-TE-03568,B-,Hyderabad,Telangana,17.43434,78.48863,+91 ******8130,2025-10-12,True,11,True,0.82
3569,DONOR-TA-03569,O+,Chennai,Tamil Nadu,13.12994,80.29833,+91 ******3088,2026-02-27,True,4,True,0.75
3570,DONOR-HA-03570,AB-,Gurugram,Haryana,28.42904,77.05232,+91 ******3442,2025-12-14,True,5,False,0.71
3571,DONOR-TE-03571,B+,Hyderabad,Telangana,17.35526,78.44838,+91 ******9624,2025-12-28,True,9,False,0.67
3572,DONOR-MA-03572,B+,Mumbai,Maharashtra,19.05118,72.86425,+91 ******9638,2025-11-13,True,9,True,0.7
3573,DONOR-KA-03573,A+,Bengaluru,Karnataka,12.96574,77.59188,+91 ******7207,2026-02-10,True,9,False,0.83
3574,DONOR-TA-03574,A-,Chennai,Tamil Nadu,13.06262,80.29138,+91 ******8319,2025-12-10,True,12,True,0.67
3575,DONOR-TA-03575,AB-,Chennai,Tamil Nadu,13.06404,80.22793,+91 ******7390,2026-05-05,True,10,False,0.77
3576,DONOR-HA-03576,O-,Gurugram,Haryana,28.44911,76.98613,+91 ******1564,2025-09-22,True,14,False,0.95
3577,DONOR-UT-03577,A-,Noida,Uttar Pradesh,28.51119,77.43647,+91 ******1062,2026-05-03,True,1,True,0.68
3578,DONOR-KA-03578,AB+,Bengaluru,Karnataka,12.95715,77.60369,+91 ******7257,2025-10-22,True,6,True,0.75
3579,DONOR-MA-03579,A-,Mumbai,Maharashtra,19.04735,72.88722,+91 ******8845,2025-10-14,True,13,False,0.93
3580,DONOR-MA-03580,B+,Mumbai,Maharashtra,19.04871,72.852,+91 ******8387,2026-04-04,True,10,True,0.85
3581,DONOR-DE-03581,B-,Delhi,Delhi,28.57312,77.234,+91 ******5956,2026-05-10,True,5,True,0.85
3582,DONOR-TE-03582,A-,Hyderabad,Telangana,17.40889,78.49097,+91 ******7772,2026-02-22,True,12,True,0.82
3583,DONOR-TA-03583,AB-,Chennai,Tamil Nadu,13.08387,80.22607,+91 ******2894,2026-06-18,False,10,True,0.81
3584,DONOR-KA-03584,B+,Bengaluru,Karnataka,12.94334,77.58831,+91 ******9437,2026-05-03,True,8,True,0.84
3585,DONOR-DE-03585,B+,Delhi,Delhi,28.65916,77.18007,+91 ******3624,2026-06-24,False,3,False,0.85
3586,DONOR-KA-03586,AB+,Bengaluru,Karnataka,12.97727,77.63754,+91 ******1225,2026-01-11,True,8,False,0.69
3587,DONOR-KA-03587,O+,Bengaluru,Karnataka,12.99478,77.63244,+91 ******4577,2025-11-28,True,9,True,0.8
3588,DONOR-TA-03588,O+,Chennai,Tamil Nadu,13.05828,80.2666,+91 ******7597,2026-05-02,True,7,True,0.97
3589,DONOR-TE-03589,B+,Hyderabad,Telangana,17.37522,78.43707,+91 ******7187,2026-01-05,True,3,True,0.83
3590,DONOR-HA-03590,B+,Gurugram,Haryana,28.42151,77.07331,+91 ******9827,2025-09-27,True,2,True,0.96
3591,DONOR-WE-03591,O-,Kolkata,West Bengal,22.60912,88.36762,+91 ******5285,2025-12-20,True,3,True,0.88
3592,DONOR-MA-03592,AB-,Mumbai,Maharashtra,19.08587,72.84746,+91 ******5904,2026-08-18,False,11,True,0.93
3593,DONOR-HA-03593,O+,Gurugram,Haryana,28.47573,76.98027,+91 ******7568,2026-01-30,True,1,True,0.83
3594,DONOR-MA-03594,B-,Mumbai,Maharashtra,19.03545,72.84794,+91 ******5335,2025-09-23,True,6,True,0.89
3595,DONOR-UT-03595,AB-,Noida,Uttar Pradesh,28.49675,77.39309,+91 ******8094,2026-03-18,True,2,False,0.74
3596,DONOR-UT-03596,A-,Noida,Uttar Pradesh,28.48841,77.37988,+91 ******8662,2026-04-25,True,8,True,0.66
3597,DONOR-MA-03597,A-,Mumbai,Maharashtra,19.10493,72.85294,+91 ******2553,2025-11-26,True,12,True,0.76
3598,DONOR-TE-03598,AB+,Hyderabad,Telangana,17.42757,78.51051,+91 ******7099,2025-11-14,True,3,False,0.73
3599,DONOR-MA-03599,O+,Mumbai,Maharashtra,19.11814,72.84856,+91 ******4169,2026-01-26,True,6,True,0.71
3600,DONOR-WE-03600,AB-,Kolkata,West Bengal,22.56872,88.36587,+91 ******8997,2025-12-23,True,10,False,0.91
3601,DONOR-WE-03601,O-,Kolkata,West Bengal,22.52979,88.39724,+91 ******2463,2026-03-18,True,5,True,0.67
3602,DONOR-TE-03602,AB+,Hyderabad,Telangana,17.35701,78.5181,+91 ******1384,2025-11-12,True,3,True,0.81
3603,DONOR-HA-03603,O+,Gurugram,Haryana,28.4287,77.03738,+91 ******9028,2026-08-17,False,2,True,0.66
3604,DONOR-UT-03604,AB+,Noida,Uttar Pradesh,28.493,77.36339,+91 ******6477,2026-06-30,False,9,True,0.75
3605,DONOR-HA-03605,B+,Gurugram,Haryana,28.48444,77.01787,+91 ******9182,2026-04-17,True,13,False,0.98
3606,DONOR-DE-03606,A-,Delhi,Delhi,28.5726,77.2454,+91 ******7451,2025-11-28,True,13,True,0.91
3607,DONOR-KA-03607,A-,Bengaluru,Karnataka,13.00415,77.615,+91 ******6109,2026-08-14,False,6,True,0.81
3608,DONOR-DE-03608,O-,Delhi,Delhi,28.60204,77.22031,+91 ******7240,2025-11-03,True,11,False,0.8
3609,DONOR-DE-03609,B-,Delhi,Delhi,28.6223,77.19844,+91 ******3969,2026-07-31,False,8,False,0.75
3610,DONOR-HA-03610,B+,Gurugram,Haryana,28.41521,77.02749,+91 ******8189,2026-02-06,True,5,True,0.85
3611,DONOR-TA-03611,AB-,Chennai,Tamil Nadu,13.04306,80.30513,+91 ******6964,2025-09-27,True,11,True,0.71
3612,DONOR-TA-03612,AB+,Chennai,Tamil Nadu,13.07939,80.23255,+91 ******6499,2025-09-09,True,11,True,0.93
3613,DONOR-TA-03613,A+,Chennai,Tamil Nadu,13.10029,80.24126,+91 ******7778,2026-05-22,True,14,True,0.79
3614,DONOR-TE-03614,A-,Hyderabad,Telangana,17.37563,78.49188,+91 ******7882,2025-11-22,True,1,True,0.82
3615,DONOR-TA-03615,AB+,Chennai,Tamil Nadu,13.05275,80.25538,+91 ******8845,2026-02-11,True,14,False,0.88
3616,DONOR-MA-03616,A+,Mumbai,Maharashtra,19.12529,72.86877,+91 ******9129,2026-04-06,True,3,True,0.7
3617,DONOR-WE-03617,AB+,Kolkata,West Bengal,22.60657,88.37969,+91 ******7450,2026-02-25,True,12,True,0.8
3618,DONOR-WE-03618,O-,Kolkata,West Bengal,22.5611,88.33983,+91 ******5343,2025-10-29,True,12,False,0.77
3619,DONOR-MA-03619,A+,Mumbai,Maharashtra,19.05351,72.87204,+91 ******6238,2026-04-16,True,12,True,0.73
3620,DONOR-TE-03620,AB+,Hyderabad,Telangana,17.35913,78.48622,+91 ******1091,2025-10-20,True,11,True,0.82
3621,DONOR-WE-03621,AB-,Kolkata,West Bengal,22.55408,88.3366,+91 ******5238,2025-10-08,True,1,False,0.92
3622,DONOR-TE-03622,A+,Hyderabad,Telangana,17.36297,78.52339,+91 ******8897,2026-08-07,False,6,False,0.72
3623,DONOR-TE-03623,B-,Hyderabad,Telangana,17.42749,78.49473,+91 ******2980,2026-05-20,True,7,True,0.75
3624,DONOR-DE-03624,B-,Delhi,Delhi,28.63356,77.18667,+91 ******8777,2026-08-09,False,8,False,0.97
3625,DONOR-KA-03625,B+,Bengaluru,Karnataka,12.93034,77.54473,+91 ******4578,2026-02-07,True,13,True,0.73
3626,DONOR-DE-03626,AB-,Delhi,Delhi,28.59532,77.16359,+91 ******7678,2026-06-12,False,9,False,0.83
3627,DONOR-WE-03627,AB+,Kolkata,West Bengal,22.5432,88.40299,+91 ******8655,2026-02-02,True,11,True,0.88
3628,DONOR-WE-03628,B+,Kolkata,West Bengal,22.60898,88.38846,+91 ******4578,2026-04-19,True,8,False,0.91
3629,DONOR-TA-03629,AB+,Chennai,Tamil Nadu,13.05915,80.25427,+91 ******1879,2026-06-09,True,14,True,0.67
3630,DONOR-UT-03630,O-,Noida,Uttar Pradesh,28.48761,77.40383,+91 ******1735,2026-01-12,True,13,True,0.88
3631,DONOR-TE-03631,O-,Hyderabad,Telangana,17.3465,78.4666,+91 ******5298,2025-12-01,True,8,True,0.8
3632,DONOR-MA-03632,A-,Mumbai,Maharashtra,19.12558,72.914,+91 ******7997,2026-08-12,False,5,False,0.94
3633,DONOR-TA-03633,B-,Chennai,Tamil Nadu,13.11892,80.25782,+91 ******9652,2025-12-24,True,14,True,0.96
3634,DONOR-TE-03634,A+,Hyderabad,Telangana,17.40187,78.51355,+91 ******7715,2026-05-22,True,3,True,0.66
3635,DONOR-WE-03635,A+,Kolkata,West Bengal,22.60867,88.36094,+91 ******8707,2026-01-14,True,8,False,0.93
3636,DONOR-UT-03636,A-,Noida,Uttar Pradesh,28.57964,77.40097,+91 ******7539,2026-04-23,True,14,False,0.69
3637,DONOR-MA-03637,AB+,Mumbai,Maharashtra,19.0752,72.85306,+91 ******9534,2025-10-21,True,11,False,0.89
3638,DONOR-MA-03638,O-,Mumbai,Maharashtra,19.11692,72.85255,+91 ******9200,2026-01-25,True,1,True,0.88
3639,DONOR-DE-03639,AB-,Delhi,Delhi,28.61283,77.16561,+91 ******7626,2026-08-01,False,2,True,0.92
3640,DONOR-KA-03640,B-,Bengaluru,Karnataka,12.92568,77.54818,+91 ******9646,2026-01-03,True,13,True,0.86
3641,DONOR-TA-03641,B-,Chennai,Tamil Nadu,13.08579,80.24759,+91 ******1174,2026-05-15,True,5,True,0.9
3642,DONOR-TA-03642,A+,Chennai,Tamil Nadu,13.05401,80.31367,+91 ******5665,2026-03-08,True,14,False,0.74
3643,DONOR-HA-03643,B-,Gurugram,Haryana,28.45742,77.02801,+91 ******1162,2025-10-13,True,2,True,0.83
3644,DONOR-MA-03644,A-,Mumbai,Maharashtra,19.10519,72.90629,+91 ******5025,2026-04-14,True,7,True,0.82
3645,DONOR-KA-03645,B-,Bengaluru,Karnataka,13.01642,77.64398,+91 ******6168,2026-08-02,False,1,False,0.71
3646,DONOR-DE-03646,AB-,Delhi,Delhi,28.61002,77.24775,+91 ******1083,2026-01-12,True,3,True,0.86
3647,DONOR-DE-03647,B+,Delhi,Delhi,28.57632,77.19516,+91 ******1618,2026-05-10,True,10,True,0.87
3648,DONOR-WE-03648,B-,Kolkata,West Bengal,22.56071,88.33579,+91 ******3705,2025-10-20,True,6,True,0.78
3649,DONOR-KA-03649,A-,Bengaluru,Karnataka,13.01851,77.64245,+91 ******8211,2026-08-08,False,13,True,0.92
3650,DONOR-DE-03650,A+,Delhi,Delhi,28.64433,77.22726,+91 ******3676,2026-05-09,True,2,False,0.97
3651,DONOR-TE-03651,A+,Hyderabad,Telangana,17.3565,78.49254,+91 ******1071,2026-03-09,True,5,False,0.68
3652,DONOR-HA-03652,B+,Gurugram,Haryana,28.47948,77.05241,+91 ******9473,2026-02-08,True,13,True,0.75
3653,DONOR-UT-03653,AB-,Noida,Uttar Pradesh,28.56368,77.34425,+91 ******1916,2026-04-24,True,5,True,0.88
3654,DONOR-MA-03654,B-,Mumbai,Maharashtra,19.11752,72.86359,+91 ******8324,2025-12-18,True,10,True,0.96
3655,DONOR-HA-03655,B-,Gurugram,Haryana,28.43659,77.04827,+91 ******6364,2025-10-01,True,9,True,0.77
3656,DONOR-UT-03656,B+,Noida,Uttar Pradesh,28.53908,77.3896,+91 ******4076,2025-09-10,True,7,True,0.93
3657,DONOR-TE-03657,AB-,Hyderabad,Telangana,17.42181,78.44655,+91 ******4025,2026-03-01,True,6,True,0.88
3658,DONOR-UT-03658,A+,Noida,Uttar Pradesh,28.51915,77.37484,+91 ******4992,2026-08-02,False,9,False,0.79
3659,DONOR-TE-03659,O+,Hyderabad,Telangana,17.4195,78.46288,+91 ******8429,2025-12-10,True,2,True,0.76
3660,DONOR-KA-03660,A+,Bengaluru,Karnataka,12.97285,77.57277,+91 ******6330,2026-06-26,False,9,True,0.87
3661,DONOR-KA-03661,A+,Bengaluru,Karnataka,12.96232,77.57365,+91 ******6446,2026-04-24,True,8,True,0.79
3662,DONOR-TE-03662,AB-,Hyderabad,Telangana,17.36967,78.47193,+91 ******7033,2026-05-08,True,9,True,0.93
3663,DONOR-HA-03663,O-,Gurugram,Haryana,28.4759,77.02126,+91 ******5915,2026-03-08,True,13,True,0.86
3664,DONOR-TA-03664,AB+,Chennai,Tamil Nadu,13.05985,80.27814,+91 ******7061,2026-05-23,True,12,False,0.72
3665,DONOR-TA-03665,O-,Chennai,Tamil Nadu,13.04754,80.24955,+91 ******5068,2025-10-27,True,10,True,0.66
3666,DONOR-TA-03666,AB+,Chennai,Tamil Nadu,13.03891,80.2492,+91 ******6966,2026-03-07,True,9,True,0.84
3667,DONOR-WE-03667,O+,Kolkata,West Bengal,22.56878,88.34042,+91 ******8149,2026-06-30,False,3,False,0.84
3668,DONOR-WE-03668,AB-,Kolkata,West Bengal,22.5885,88.36276,+91 ******6404,2026-06-06,True,10,False,0.95
3669,DONOR-HA-03669,O+,Gurugram,Haryana,28.48715,77.01969,+91 ******1341,2026-04-11,True,5,False,0.7
3670,DONOR-HA-03670,B-,Gurugram,Haryana,28.45858,77.04455,+91 ******6905,2026-02-01,True,13,False,0.74
3671,DONOR-TE-03671,A-,Hyderabad,Telangana,17.42984,78.50604,+91 ******5526,2026-05-12,True,8,True,0.86
3672,DONOR-DE-03672,B-,Delhi,Delhi,28.56949,77.18729,+91 ******6511,2026-02-18,True,13,False,0.77
3673,DONOR-TE-03673,A-,Hyderabad,Telangana,17.42377,78.47305,+91 ******4069,2026-01-13,True,7,True,0.97
3674,DONOR-MA-03674,O+,Mumbai,Maharashtra,19.04635,72.90713,+91 ******8924,2025-09-21,True,7,True,0.83
3675,DONOR-TE-03675,A+,Hyderabad,Telangana,17.41086,78.46685,+91 ******2501,2025-10-30,True,9,True,0.89
3676,DONOR-KA-03676,O-,Bengaluru,Karnataka,12.94169,77.59196,+91 ******6400,2026-02-15,True,9,True,0.7
3677,DONOR-TA-03677,A+,Chennai,Tamil Nadu,13.09101,80.24301,+91 ******7286,2025-11-12,True,13,True,0.87
3678,DONOR-MA-03678,AB-,Mumbai,Maharashtra,19.11303,72.89452,+91 ******1590,2026-01-20,True,11,True,0.97
3679,DONOR-DE-03679,A-,Delhi,Delhi,28.60076,77.23801,+91 ******4226,2025-11-14,True,2,False,0.93
3680,DONOR-HA-03680,B-,Gurugram,Haryana,28.41387,77.01719,+91 ******1540,2026-07-30,False,11,True,0.73
3681,DONOR-MA-03681,B+,Mumbai,Maharashtra,19.12004,72.87104,+91 ******1697,2025-12-11,True,1,True,0.94
3682,DONOR-TA-03682,B-,Chennai,Tamil Nadu,13.08458,80.31506,+91 ******9721,2026-07-22,False,9,False,0.96
3683,DONOR-TA-03683,O+,Chennai,Tamil Nadu,13.08467,80.29597,+91 ******8418,2026-01-24,True,7,False,0.94
3684,DONOR-HA-03684,A-,Gurugram,Haryana,28.48341,77.03097,+91 ******9396,2026-03-23,True,3,False,0.9
3685,DONOR-WE-03685,AB+,Kolkata,West Bengal,22.5661,88.36197,+91 ******7767,2026-06-08,True,5,True,0.74
3686,DONOR-MA-03686,O+,Mumbai,Maharashtra,19.10265,72.9042,+91 ******8112,2025-12-13,True,4,True,0.91
3687,DONOR-TE-03687,O-,Hyderabad,Telangana,17.38683,78.50501,+91 ******8772,2025-11-15,True,14,True,0.74
3688,DONOR-HA-03688,AB+,Gurugram,Haryana,28.44061,77.02925,+91 ******2446,2025-09-18,True,5,True,0.85
3689,DONOR-TE-03689,O+,Hyderabad,Telangana,17.35993,78.51774,+91 ******8162,2026-03-07,True,5,True,0.71
3690,DONOR-KA-03690,O+,Bengaluru,Karnataka,12.92262,77.55986,+91 ******1182,2026-02-11,True,5,True,0.84
3691,DONOR-WE-03691,A-,Kolkata,West Bengal,22.56443,88.4135,+91 ******2046,2025-12-01,True,11,True,0.71
3692,DONOR-HA-03692,AB+,Gurugram,Haryana,28.46715,77.05567,+91 ******3234,2026-04-21,True,7,True,0.7
3693,DONOR-DE-03693,A+,Delhi,Delhi,28.58656,77.17978,+91 ******5421,2025-12-18,True,7,True,0.67
3694,DONOR-WE-03694,O-,Kolkata,West Bengal,22.57179,88.34398,+91 ******6353,2025-11-30,True,9,False,0.96
3695,DONOR-TE-03695,O+,Hyderabad,Telangana,17.36779,78.4752,+91 ******8362,2026-03-10,True,11,True,0.95
3696,DONOR-TE-03696,A+,Hyderabad,Telangana,17.41757,78.48274,+91 ******1034,2026-02-07,True,6,True,0.93
3697,DONOR-HA-03697,AB+,Gurugram,Haryana,28.50116,77.04032,+91 ******7952,2025-12-21,True,11,False,0.85
3698,DONOR-MA-03698,A+,Mumbai,Maharashtra,19.12281,72.91925,+91 ******8649,2026-05-31,True,6,True,0.73
3699,DONOR-WE-03699,A+,Kolkata,West Bengal,22.55811,88.40218,+91 ******3909,2026-04-16,True,1,False,0.68
3700,DONOR-WE-03700,B+,Kolkata,West Bengal,22.56691,88.35949,+91 ******7040,2026-07-03,False,1,False,0.68
3701,DONOR-UT-03701,AB-,Noida,Uttar Pradesh,28.54266,77.39377,+91 ******1355,2025-09-14,True,7,True,0.68
3702,DONOR-MA-03702,A-,Mumbai,Maharashtra,19.05766,72.91292,+91 ******1813,2026-03-13,True,11,False,0.71
3703,DONOR-HA-03703,O+,Gurugram,Haryana,28.4928,77.04756,+91 ******8795,2025-12-10,True,7,True,0.72
3704,DONOR-TA-03704,B+,Chennai,Tamil Nadu,13.09986,80.28988,+91 ******5573,2026-07-30,False,4,False,0.68
3705,DONOR-WE-03705,O-,Kolkata,West Bengal,22.52666,88.41207,+91 ******2268,2025-12-08,True,1,False,0.7
3706,DONOR-UT-03706,O+,Noida,Uttar Pradesh,28.53837,77.37596,+91 ******5841,2025-09-22,True,6,True,0.66
3707,DONOR-HA-03707,A-,Gurugram,Haryana,28.45681,77.04693,+91 ******8032,2026-02-25,True,2,True,0.72
3708,DONOR-MA-03708,O-,Mumbai,Maharashtra,19.03047,72.92192,+91 ******8929,2026-08-20,False,12,True,0.89
3709,DONOR-UT-03709,B+,Noida,Uttar Pradesh,28.50758,77.38381,+91 ******3509,2026-08-18,False,2,True,0.84
3710,DONOR-KA-03710,AB+,Bengaluru,Karnataka,12.95552,77.63819,+91 ******2806,2025-12-31,True,8,False,0.93
3711,DONOR-DE-03711,AB+,Delhi,Delhi,28.59224,77.16727,+91 ******8265,2026-06-20,False,4,True,0.71
3712,DONOR-WE-03712,B-,Kolkata,West Bengal,22.56372,88.35371,+91 ******3875,2026-08-01,False,4,True,0.95
3713,DONOR-TE-03713,O-,Hyderabad,Telangana,17.36898,78.43892,+91 ******5104,2026-06-10,False,6,True,0.7
3714,DONOR-TA-03714,O+,Chennai,Tamil Nadu,13.12672,80.31012,+91 ******4964,2025-09-12,True,11,True,0.9
3715,DONOR-HA-03715,AB-,Gurugram,Haryana,28.45497,77.00801,+91 ******1126,2026-08-20,False,12,True,0.95
3716,DONOR-WE-03716,AB-,Kolkata,West Bengal,22.57759,88.31807,+91 ******1044,2025-10-31,True,8,True,0.9
3717,DONOR-HA-03717,B-,Gurugram,Haryana,28.41782,77.02886,+91 ******8432,2026-02-08,True,13,False,0.73
3718,DONOR-MA-03718,AB-,Mumbai,Maharashtra,19.08343,72.85066,+91 ******1273,2026-04-27,True,5,True,0.89
3719,DONOR-TE-03719,O-,Hyderabad,Telangana,17.43183,78.52379,+91 ******6420,2026-01-21,True,14,False,0.8
3720,DONOR-KA-03720,A+,Bengaluru,Karnataka,12.94043,77.63067,+91 ******4722,2025-11-26,True,3,False,0.78
3721,DONOR-KA-03721,A-,Bengaluru,Karnataka,12.96283,77.59743,+91 ******6421,2026-03-05,True,10,False,0.89
3722,DONOR-KA-03722,AB+,Bengaluru,Karnataka,12.92848,77.62208,+91 ******6291,2026-07-21,False,9,True,0.91
3723,DONOR-UT-03723,AB-,Noida,Uttar Pradesh,28.49049,77.36314,+91 ******7411,2026-03-31,True,12,False,0.97
3724,DONOR-MA-03724,AB+,Mumbai,Maharashtra,19.1024,72.82835,+91 ******7034,2025-12-20,True,4,True,0.94
3725,DONOR-DE-03725,O+,Delhi,Delhi,28.62166,77.21303,+91 ******2958,2026-04-01,True,13,True,0.73
3726,DONOR-TA-03726,A+,Chennai,Tamil Nadu,13.036,80.28538,+91 ******8576,2026-07-05,False,14,True,0.74
3727,DONOR-DE-03727,B-,Delhi,Delhi,28.57503,77.17739,+91 ******3779,2025-10-09,True,14,False,0.95
3728,DONOR-TA-03728,O+,Chennai,Tamil Nadu,13.04195,80.28489,+91 ******7129,2025-11-20,True,9,False,0.77
3729,DONOR-TA-03729,B-,Chennai,Tamil Nadu,13.0702,80.25616,+91 ******9086,2026-07-06,False,12,True,0.73
3730,DONOR-UT-03730,O+,Noida,Uttar Pradesh,28.5836,77.40956,+91 ******2375,2026-02-19,True,10,True,0.71
3731,DONOR-UT-03731,O-,Noida,Uttar Pradesh,28.53431,77.36219,+91 ******5710,2026-02-12,True,1,True,0.89
3732,DONOR-KA-03732,AB-,Bengaluru,Karnataka,12.99387,77.54892,+91 ******5849,2026-02-25,True,14,False,0.89
3733,DONOR-MA-03733,O+,Mumbai,Maharashtra,19.11914,72.86456,+91 ******9150,2026-08-13,False,14,True,0.84
3734,DONOR-WE-03734,O+,Kolkata,West Bengal,22.54059,88.31513,+91 ******6248,2025-11-21,True,3,True,0.89
3735,DONOR-TA-03735,A+,Chennai,Tamil Nadu,13.04377,80.28686,+91 ******7728,2026-06-03,True,13,False,0.96
3736,DONOR-WE-03736,O+,Kolkata,West Bengal,22.60136,88.39581,+91 ******2987,2026-07-21,False,9,True,0.66
3737,DONOR-UT-03737,A+,Noida,Uttar Pradesh,28.48814,77.40164,+91 ******8143,2026-05-03,True,10,True,0.84
3738,DONOR-DE-03738,A+,Delhi,Delhi,28.64536,77.16572,+91 ******1802,2025-12-27,True,14,False,0.69
3739,DONOR-WE-03739,O-,Kolkata,West Bengal,22.58928,88.36664,+91 ******9583,2026-02-28,True,8,True,0.93
3740,DONOR-DE-03740,O+,Delhi,Delhi,28.57236,77.2261,+91 ******3197,2025-12-29,True,9,False,0.97
3741,DONOR-UT-03741,AB+,Noida,Uttar Pradesh,28.54182,77.38368,+91 ******7573,2025-09-22,True,7,False,0.81
3742,DONOR-MA-03742,A-,Mumbai,Maharashtra,19.08957,72.92388,+91 ******7395,2026-02-19,True,10,True,0.7
3743,DONOR-TE-03743,AB-,Hyderabad,Telangana,17.42153,78.52686,+91 ******4353,2026-06-23,False,7,False,0.96
3744,DONOR-TA-03744,AB-,Chennai,Tamil Nadu,13.11241,80.29376,+91 ******3862,2025-09-14,True,1,False,0.77
3745,DONOR-WE-03745,O-,Kolkata,West Bengal,22.5693,88.34047,+91 ******7816,2025-11-28,True,4,True,0.69
3746,DONOR-HA-03746,O-,Gurugram,Haryana,28.48258,77.02561,+91 ******5294,2025-12-12,True,5,True,0.85
3747,DONOR-TE-03747,AB+,Hyderabad,Telangana,17.42133,78.49812,+91 ******6457,2025-10-09,True,4,True,0.77
3748,DONOR-TA-03748,A-,Chennai,Tamil Nadu,13.10787,80.23844,+91 ******1591,2026-06-10,False,10,False,0.88
3749,DONOR-KA-03749,O-,Bengaluru,Karnataka,12.96418,77.60239,+91 ******7250,2026-06-08,True,2,True,0.84
3750,DONOR-MA-03750,A-,Mumbai,Maharashtra,19.04708,72.8516,+91 ******4487,2026-08-04,False,4,True,0.81
3751,DONOR-MA-03751,O-,Mumbai,Maharashtra,19.02996,72.89184,+91 ******3172,2025-11-25,True,6,False,0.76
3752,DONOR-TE-03752,AB+,Hyderabad,Telangana,17.35279,78.50565,+91 ******3224,2026-07-27,False,13,True,0.81
3753,DONOR-TA-03753,O+,Chennai,Tamil Nadu,13.08312,80.23207,+91 ******3582,2025-11-11,True,10,True,0.84
3754,DONOR-KA-03754,B+,Bengaluru,Karnataka,12.9962,77.55682,+91 ******3706,2026-04-27,True,3,True,0.68
3755,DONOR-TA-03755,AB+,Chennai,Tamil Nadu,13.08377,80.25426,+91 ******5002,2026-08-19,False,11,True,0.93
3756,DONOR-TE-03756,AB-,Hyderabad,Telangana,17.41865,78.50112,+91 ******6181,2026-07-26,False,8,True,0.81
3757,DONOR-TA-03757,B-,Chennai,Tamil Nadu,13.1108,80.27695,+91 ******5925,2026-01-01,True,2,True,0.87
3758,DONOR-MA-03758,A-,Mumbai,Maharashtra,19.05618,72.85963,+91 ******5057,2026-02-25,True,2,True,0.81
3759,DONOR-DE-03759,A+,Delhi,Delhi,28.6496,77.17307,+91 ******3587,2025-12-31,True,10,False,0.66
3760,DONOR-MA-03760,AB-,Mumbai,Maharashtra,19.06405,72.89788,+91 ******8384,2026-02-13,True,7,False,0.85
3761,DONOR-MA-03761,O-,Mumbai,Maharashtra,19.04595,72.83774,+91 ******7186,2025-11-22,True,1,True,0.83
3762,DONOR-TE-03762,AB+,Hyderabad,Telangana,17.33666,78.49396,+91 ******4732,2026-04-06,True,5,True,0.67
3763,DONOR-UT-03763,AB+,Noida,Uttar Pradesh,28.48706,77.35559,+91 ******8765,2025-12-17,True,10,False,0.74
3764,DONOR-HA-03764,A-,Gurugram,Haryana,28.42097,77.07237,+91 ******9594,2026-06-30,False,9,True,0.86
3765,DONOR-WE-03765,B-,Kolkata,West Bengal,22.58373,88.40771,+91 ******2861,2025-09-29,True,3,True,0.93
3766,DONOR-MA-03766,AB+,Mumbai,Maharashtra,19.06297,72.92481,+91 ******4442,2026-03-12,True,13,True,0.86
3767,DONOR-UT-03767,AB+,Noida,Uttar Pradesh,28.49442,77.41266,+91 ******4090,2026-08-04,False,8,True,0.67
3768,DONOR-UT-03768,O+,Noida,Uttar Pradesh,28.57256,77.42471,+91 ******3643,2026-03-30,True,3,True,0.96
3769,DONOR-TE-03769,A-,Hyderabad,Telangana,17.36338,78.53561,+91 ******3914,2026-08-22,False,14,False,0.88
3770,DONOR-WE-03770,AB+,Kolkata,West Bengal,22.5849,88.38348,+91 ******5095,2026-06-11,False,1,True,0.93
3771,DONOR-TA-03771,O+,Chennai,Tamil Nadu,13.05731,80.25021,+91 ******7306,2026-04-04,True,1,True,0.91
3772,DONOR-TE-03772,A+,Hyderabad,Telangana,17.41832,78.46262,+91 ******1812,2025-09-07,True,7,False,0.91
3773,DONOR-UT-03773,O+,Noida,Uttar Pradesh,28.49065,77.39881,+91 ******2775,2026-02-21,True,4,True,0.67
3774,DONOR-UT-03774,AB+,Noida,Uttar Pradesh,28.55952,77.34105,+91 ******3710,2026-05-28,True,11,False,0.76
3775,DONOR-UT-03775,O+,Noida,Uttar Pradesh,28.5238,77.34516,+91 ******6528,2025-10-17,True,5,True,0.68
3776,DONOR-TE-03776,O+,Hyderabad,Telangana,17.36198,78.45587,+91 ******4228,2025-09-12,True,7,True,0.92
3777,DONOR-HA-03777,AB-,Gurugram,Haryana,28.46129,77.07465,+91 ******2103,2025-10-22,True,7,True,0.94
3778,DONOR-UT-03778,O-,Noida,Uttar Pradesh,28.52942,77.40226,+91 ******7114,2025-09-16,True,9,False,0.67
3779,DONOR-TE-03779,B+,Hyderabad,Telangana,17.35277,78.517,+91 ******3920,2025-10-24,True,2,True,0.93
3780,DONOR-UT-03780,A-,Noida,Uttar Pradesh,28.55054,77.357,+91 ******5429,2025-10-29,True,5,False,0.65
3781,DONOR-UT-03781,B-,Noida,Uttar Pradesh,28.50714,77.39232,+91 ******7500,2026-02-19,True,10,False,0.93
3782,DONOR-WE-03782,A+,Kolkata,West Bengal,22.55474,88.31447,+91 ******3658,2026-06-23,False,2,True,0.94
3783,DONOR-HA-03783,AB+,Gurugram,Haryana,28.41466,77.06682,+91 ******5959,2025-09-26,True,7,True,0.82
3784,DONOR-WE-03784,B+,Kolkata,West Bengal,22.56292,88.37632,+91 ******2214,2025-11-18,True,8,False,0.91
3785,DONOR-UT-03785,A-,Noida,Uttar Pradesh,28.51023,77.37956,+91 ******6356,2025-09-15,True,7,True,0.74
3786,DONOR-UT-03786,A-,Noida,Uttar Pradesh,28.58511,77.43767,+91 ******3449,2026-05-18,True,9,True,0.94
3787,DONOR-UT-03787,A-,Noida,Uttar Pradesh,28.50457,77.39274,+91 ******4567,2026-06-14,False,6,True,0.94
3788,DONOR-HA-03788,AB+,Gurugram,Haryana,28.49822,77.00018,+91 ******9898,2026-05-22,True,12,True,0.89
3789,DONOR-HA-03789,B+,Gurugram,Haryana,28.49764,77.06427,+91 ******7464,2026-04-17,True,7,True,0.68
3790,DONOR-MA-03790,B-,Mumbai,Maharashtra,19.12591,72.84351,+91 ******6130,2026-06-13,False,14,True,0.94
3791,DONOR-HA-03791,O-,Gurugram,Haryana,28.43367,77.01899,+91 ******8343,2026-08-03,False,7,False,0.91
3792,DONOR-MA-03792,O-,Mumbai,Maharashtra,19.09118,72.89115,+91 ******9769,2025-09-19,True,11,True,0.95
3793,DONOR-WE-03793,O-,Kolkata,West Bengal,22.6136,88.34414,+91 ******9179,2025-11-20,True,14,False,0.66
3794,DONOR-TE-03794,B-,Hyderabad,Telangana,17.35285,78.46591,+91 ******1335,2026-07-28,False,14,False,0.66
3795,DONOR-TE-03795,B+,Hyderabad,Telangana,17.42045,78.43857,+91 ******9078,2025-09-13,True,5,True,0.92
3796,DONOR-HA-03796,A-,Gurugram,Haryana,28.44397,76.99488,+91 ******5740,2026-02-27,True,7,True,0.87
3797,DONOR-MA-03797,AB-,Mumbai,Maharashtra,19.08535,72.87624,+91 ******4832,2026-01-13,True,12,False,0.83
3798,DONOR-UT-03798,O+,Noida,Uttar Pradesh,28.56599,77.35793,+91 ******4124,2025-12-05,True,11,False,0.87
3799,DONOR-HA-03799,A+,Gurugram,Haryana,28.48721,77.02254,+91 ******7987,2025-09-24,True,8,True,0.89
3800,DONOR-DE-03800,O-,Delhi,Delhi,28.59132,77.22407,+91 ******6771,2026-04-27,True,13,True,0.68
3801,DONOR-TE-03801,B+,Hyderabad,Telangana,17.39288,78.44378,+91 ******7985,2026-07-13,False,11,False,0.71
3802,DONOR-MA-03802,A+,Mumbai,Maharashtra,19.05725,72.87446,+91 ******6671,2026-07-25,False,14,True,0.93
3803,DONOR-DE-03803,AB+,Delhi,Delhi,28.61346,77.1965,+91 ******5874,2025-11-11,True,11,True,0.85
3804,DONOR-WE-03804,O+,Kolkata,West Bengal,22.54238,88.34855,+91 ******9266,2026-02-11,True,12,True,0.69
3805,DONOR-UT-03805,A-,Noida,Uttar Pradesh,28.50927,77.43444,+91 ******6872,2026-03-10,True,10,True,0.73
3806,DONOR-KA-03806,AB-,Bengaluru,Karnataka,12.99558,77.57239,+91 ******3668,2026-05-28,True,10,True,0.68
3807,DONOR-MA-03807,AB-,Mumbai,Maharashtra,19.0968,72.90195,+91 ******2102,2025-10-14,True,5,False,0.79
3808,DONOR-TE-03808,O+,Hyderabad,Telangana,17.34597,78.51147,+91 ******1424,2026-07-04,False,8,True,0.69
3809,DONOR-MA-03809,O+,Mumbai,Maharashtra,19.12373,72.90837,+91 ******4758,2026-01-16,True,13,True,0.85
3810,DONOR-TE-03810,O-,Hyderabad,Telangana,17.4084,78.46188,+91 ******4888,2025-12-15,True,3,False,0.74
3811,DONOR-WE-03811,A+,Kolkata,West Bengal,22.60922,88.36259,+91 ******8636,2025-12-09,True,12,False,0.97
3812,DONOR-HA-03812,A-,Gurugram,Haryana,28.43115,77.05915,+91 ******3292,2026-06-27,False,8,False,0.91
3813,DONOR-MA-03813,AB-,Mumbai,Maharashtra,19.06133,72.91377,+91 ******8260,2025-09-12,True,3,True,0.69
3814,DONOR-HA-03814,B-,Gurugram,Haryana,28.45362,77.00832,+91 ******7932,2025-10-30,True,13,True,0.94
3815,DONOR-MA-03815,A-,Mumbai,Maharashtra,19.03303,72.85828,+91 ******4909,2026-05-10,True,1,True,0.82
3816,DONOR-HA-03816,AB+,Gurugram,Haryana,28.5069,76.98198,+91 ******6477,2026-01-14,True,11,True,0.66
3817,DONOR-UT-03817,AB-,Noida,Uttar Pradesh,28.53644,77.34287,+91 ******5879,2026-01-22,True,12,False,0.66
3818,DONOR-DE-03818,AB+,Delhi,Delhi,28.5768,77.20908,+91 ******2241,2026-03-21,True,1,True,0.8
3819,DONOR-HA-03819,O-,Gurugram,Haryana,28.46128,77.07385,+91 ******7956,2026-07-22,False,9,True,0.91
3820,DONOR-MA-03820,A+,Mumbai,Maharashtra,19.04437,72.83412,+91 ******8835,2025-11-06,True,4,True,0.97
3821,DONOR-KA-03821,B-,Bengaluru,Karnataka,12.94037,77.57574,+91 ******5191,2025-12-13,True,12,False,0.75
3822,DONOR-UT-03822,AB+,Noida,Uttar Pradesh,28.48984,77.37712,+91 ******1340,2026-07-31,False,14,True,0.67
3823,DONOR-KA-03823,AB-,Bengaluru,Karnataka,12.93265,77.5568,+91 ******7002,2026-03-04,True,12,True,0.75
3824,DONOR-DE-03824,B-,Delhi,Delhi,28.63598,77.23498,+91 ******3095,2026-06-09,True,10,True,0.79
3825,DONOR-TA-03825,O-,Chennai,Tamil Nadu,13.04575,80.22921,+91 ******2257,2026-02-11,True,12,True,0.93
3826,DONOR-TA-03826,A-,Chennai,Tamil Nadu,13.08181,80.26831,+91 ******7079,2026-01-11,True,4,True,0.8
3827,DONOR-UT-03827,B-,Noida,Uttar Pradesh,28.49838,77.36231,+91 ******2376,2025-11-22,True,10,True,0.86
3828,DONOR-HA-03828,AB+,Gurugram,Haryana,28.41367,77.02727,+91 ******1636,2026-04-30,True,6,False,0.73
3829,DONOR-TE-03829,O-,Hyderabad,Telangana,17.40893,78.47769,+91 ******2384,2025-12-05,True,14,True,0.74
3830,DONOR-DE-03830,AB+,Delhi,Delhi,28.61376,77.25645,+91 ******7598,2025-09-21,True,12,True,0.73
3831,DONOR-UT-03831,AB-,Noida,Uttar Pradesh,28.52028,77.38945,+91 ******9355,2026-03-13,True,10,False,0.84
3832,DONOR-TE-03832,AB-,Hyderabad,Telangana,17.35884,78.47583,+91 ******1540,2026-06-13,False,5,True,0.85
3833,DONOR-MA-03833,AB+,Mumbai,Maharashtra,19.08435,72.87251,+91 ******6180,2025-09-12,True,1,True,0.73
3834,DONOR-TE-03834,A+,Hyderabad,Telangana,17.41974,78.52634,+91 ******3298,2026-08-19,False,12,True,0.86
3835,DONOR-TE-03835,A+,Hyderabad,Telangana,17.35472,78.49259,+91 ******4045,2026-04-03,True,11,True,0.77
3836,DONOR-TE-03836,AB+,Hyderabad,Telangana,17.4069,78.51228,+91 ******6236,2025-09-13,True,5,True,0.93
3837,DONOR-TA-03837,O-,Chennai,Tamil Nadu,13.10858,80.31254,+91 ******7769,2025-10-24,True,8,True,0.82
3838,DONOR-HA-03838,A+,Gurugram,Haryana,28.47393,77.06635,+91 ******2734,2026-06-15,False,12,False,0.91
3839,DONOR-DE-03839,O-,Delhi,Delhi,28.65646,77.16117,+91 ******6084,2025-10-11,True,13,True,0.98
3840,DONOR-HA-03840,O-,Gurugram,Haryana,28.439,76.98717,+91 ******7013,2026-01-08,True,9,True,0.94
3841,DONOR-KA-03841,O+,Bengaluru,Karnataka,12.93108,77.63337,+91 ******8004,2026-03-17,True,8,False,0.79
3842,DONOR-KA-03842,O-,Bengaluru,Karnataka,12.93649,77.58794,+91 ******5925,2026-03-27,True,1,True,0.84
3843,DONOR-WE-03843,O-,Kolkata,West Bengal,22.5696,88.3254,+91 ******2924,2026-08-15,False,8,True,0.73
3844,DONOR-HA-03844,B-,Gurugram,Haryana,28.44213,77.05426,+91 ******5812,2026-03-30,True,13,True,0.8
3845,DONOR-HA-03845,O-,Gurugram,Haryana,28.4403,77.01422,+91 ******9685,2026-01-19,True,11,True,0.85
3846,DONOR-DE-03846,B-,Delhi,Delhi,28.63938,77.22291,+91 ******5272,2026-07-25,False,9,True,0.91
3847,DONOR-TA-03847,AB+,Chennai,Tamil Nadu,13.09513,80.30854,+91 ******3338,2025-12-10,True,7,True,0.7
3848,DONOR-TA-03848,B-,Chennai,Tamil Nadu,13.03493,80.30621,+91 ******2724,2026-06-22,False,1,False,0.79
3849,DONOR-KA-03849,O+,Bengaluru,Karnataka,12.94611,77.56935,+91 ******6853,2026-04-10,True,14,True,0.82
3850,DONOR-UT-03850,A+,Noida,Uttar Pradesh,28.50211,77.37772,+91 ******8776,2026-07-13,False,1,False,0.73
3851,DONOR-TA-03851,O+,Chennai,Tamil Nadu,13.05978,80.29358,+91 ******6801,2026-06-05,True,13,True,0.75
3852,DONOR-TE-03852,B-,Hyderabad,Telangana,17.356,78.45051,+91 ******3536,2026-07-08,False,2,False,0.76
3853,DONOR-UT-03853,A+,Noida,Uttar Pradesh,28.5492,77.35235,+91 ******3252,2026-08-10,False,7,False,0.68
3854,DONOR-WE-03854,B+,Kolkata,West Bengal,22.58756,88.33429,+91 ******6906,2026-08-07,False,3,False,0.87
3855,DONOR-KA-03855,AB-,Bengaluru,Karnataka,12.938,77.63106,+91 ******5003,2026-01-11,True,14,False,0.74
3856,DONOR-HA-03856,A-,Gurugram,Haryana,28.4411,77.01904,+91 ******7706,2026-06-21,False,11,True,0.9
3857,DONOR-KA-03857,AB+,Bengaluru,Karnataka,12.94861,77.55877,+91 ******9748,2026-07-11,False,14,True,0.75
3858,DONOR-TA-03858,B+,Chennai,Tamil Nadu,13.10902,80.32038,+91 ******9770,2026-03-14,True,7,True,0.89
3859,DONOR-TE-03859,A+,Hyderabad,Telangana,17.341,78.44735,+91 ******6094,2025-10-14,True,3,True,0.69
3860,DONOR-TE-03860,A+,Hyderabad,Telangana,17.39052,78.49602,+91 ******9375,2026-02-26,True,12,False,0.87
3861,DONOR-TE-03861,AB-,Hyderabad,Telangana,17.42259,78.45384,+91 ******1495,2025-12-01,True,1,True,0.81
3862,DONOR-DE-03862,O-,Delhi,Delhi,28.65119,77.23061,+91 ******2442,2025-12-06,True,13,False,0.74
3863,DONOR-KA-03863,O-,Bengaluru,Karnataka,13.01281,77.58041,+91 ******8755,2026-04-02,True,8,True,0.74
3864,DONOR-KA-03864,A+,Bengaluru,Karnataka,12.97815,77.57105,+91 ******5018,2025-10-27,True,5,True,0.92
3865,DONOR-DE-03865,B+,Delhi,Delhi,28.60738,77.19765,+91 ******9372,2025-11-24,True,7,False,0.79
3866,DONOR-TA-03866,O-,Chennai,Tamil Nadu,13.06912,80.2572,+91 ******9140,2026-05-09,True,10,False,0.94
3867,DONOR-TE-03867,A+,Hyderabad,Telangana,17.42532,78.52323,+91 ******7223,2025-09-23,True,10,False,0.69
3868,DONOR-KA-03868,AB-,Bengaluru,Karnataka,12.92404,77.56032,+91 ******5149,2026-02-20,True,12,False,0.79
3869,DONOR-UT-03869,B+,Noida,Uttar Pradesh,28.56107,77.34704,+91 ******4646,2025-10-13,True,14,True,0.73
3870,DONOR-DE-03870,A-,Delhi,Delhi,28.60794,77.17333,+91 ******6907,2026-06-15,False,12,True,0.72
3871,DONOR-WE-03871,B-,Kolkata,West Bengal,22.59999,88.33566,+91 ******1962,2026-02-14,True,12,True,0.88
3872,DONOR-KA-03872,AB+,Bengaluru,Karnataka,12.94625,77.60806,+91 ******9702,2025-12-06,True,5,True,0.8
3873,DONOR-TE-03873,O-,Hyderabad,Telangana,17.35053,78.52916,+91 ******2487,2026-01-17,True,10,True,0.84
3874,DONOR-KA-03874,AB-,Bengaluru,Karnataka,12.95521,77.62444,+91 ******6805,2025-10-18,True,14,True,0.82
3875,DONOR-UT-03875,AB+,Noida,Uttar Pradesh,28.50283,77.41351,+91 ******9077,2026-06-29,False,11,True,0.87
3876,DONOR-HA-03876,B+,Gurugram,Haryana,28.45344,76.98725,+91 ******3174,2026-04-28,True,11,False,0.66
3877,DONOR-MA-03877,O-,Mumbai,Maharashtra,19.08597,72.84857,+91 ******3119,2025-09-17,True,7,False,0.78
3878,DONOR-KA-03878,AB+,Bengaluru,Karnataka,12.99265,77.62124,+91 ******1662,2026-04-04,True,12,True,0.76
3879,DONOR-TE-03879,A-,Hyderabad,Telangana,17.34493,78.45304,+91 ******4791,2026-02-11,True,2,True,0.77
3880,DONOR-HA-03880,A+,Gurugram,Haryana,28.48023,77.05707,+91 ******3653,2025-11-24,True,8,True,0.75
3881,DONOR-TE-03881,O-,Hyderabad,Telangana,17.39377,78.45367,+91 ******3209,2025-11-27,True,13,True,0.79
3882,DONOR-TA-03882,AB-,Chennai,Tamil Nadu,13.11216,80.23896,+91 ******4443,2025-10-08,True,12,False,0.95
3883,DONOR-MA-03883,B+,Mumbai,Maharashtra,19.10799,72.92718,+91 ******4170,2026-01-02,True,12,True,0.97
3884,DONOR-WE-03884,A-,Kolkata,West Bengal,22.59957,88.37175,+91 ******6647,2026-07-14,False,1,False,0.78
3885,DONOR-TA-03885,AB+,Chennai,Tamil Nadu,13.0768,80.23721,+91 ******4173,2026-04-14,True,12,True,0.97
3886,DONOR-WE-03886,O-,Kolkata,West Bengal,22.61973,88.40654,+91 ******4548,2026-03-01,True,2,True,0.77
3887,DONOR-MA-03887,B-,Mumbai,Maharashtra,19.03714,72.83033,+91 ******1070,2026-05-23,True,2,True,0.72
3888,DONOR-TE-03888,O-,Hyderabad,Telangana,17.34017,78.49897,+91 ******8652,2026-04-26,True,14,True,0.73
3889,DONOR-HA-03889,AB+,Gurugram,Haryana,28.47073,77.07549,+91 ******2403,2026-04-05,True,9,True,0.94
3890,DONOR-HA-03890,B+,Gurugram,Haryana,28.47794,77.02199,+91 ******1439,2026-02-13,True,7,True,0.66
3891,DONOR-DE-03891,A-,Delhi,Delhi,28.61111,77.17628,+91 ******8824,2025-11-09,True,14,False,0.9
3892,DONOR-KA-03892,O+,Bengaluru,Karnataka,12.95632,77.56913,+91 ******6297,2025-09-28,True,13,False,0.73
3893,DONOR-UT-03893,O-,Noida,Uttar Pradesh,28.56679,77.42207,+91 ******9455,2025-10-08,True,6,False,0.77
3894,DONOR-DE-03894,A+,Delhi,Delhi,28.58367,77.17866,+91 ******9614,2025-11-14,True,13,True,0.65
3895,DONOR-KA-03895,AB+,Bengaluru,Karnataka,13.0155,77.59109,+91 ******3773,2026-08-17,False,2,True,0.96
3896,DONOR-DE-03896,AB-,Delhi,Delhi,28.60827,77.22153,+91 ******9087,2026-01-19,True,9,True,0.81
3897,DONOR-TE-03897,A-,Hyderabad,Telangana,17.40328,78.47051,+91 ******6550,2026-08-21,False,5,True,0.75
3898,DONOR-TA-03898,O+,Chennai,Tamil Nadu,13.0503,80.24551,+91 ******5772,2026-01-24,True,3,True,0.82
3899,DONOR-TE-03899,A+,Hyderabad,Telangana,17.34544,78.52783,+91 ******3200,2026-03-29,True,5,True,0.95
3900,DONOR-KA-03900,O+,Bengaluru,Karnataka,12.99814,77.577,+91 ******5247,2026-07-31,False,3,False,0.94
3901,DONOR-KA-03901,AB+,Bengaluru,Karnataka,12.98784,77.63751,+91 ******4296,2025-10-18,True,2,True,0.94
3902,DONOR-WE-03902,AB-,Kolkata,West Bengal,22.56751,88.41077,+91 ******7872,2026-01-09,True,9,True,0.74
3903,DONOR-UT-03903,O-,Noida,Uttar Pradesh,28.58127,77.3496,+91 ******8155,2026-02-02,True,11,False,0.79
3904,DONOR-UT-03904,AB-,Noida,Uttar Pradesh,28.5359,77.40348,+91 ******8373,2025-09-23,True,4,True,0.67
3905,DONOR-HA-03905,AB+,Gurugram,Haryana,28.43737,76.99788,+91 ******8064,2026-06-28,False,6,True,0.85
3906,DONOR-HA-03906,A+,Gurugram,Haryana,28.50213,77.00247,+91 ******8185,2026-04-19,True,5,True,0.75
3907,DONOR-TA-03907,O-,Chennai,Tamil Nadu,13.09553,80.24079,+91 ******2118,2026-02-28,True,6,True,0.84
3908,DONOR-WE-03908,B-,Kolkata,West Bengal,22.61259,88.40418,+91 ******1822,2026-06-13,False,11,True,0.89
3909,DONOR-TA-03909,B+,Chennai,Tamil Nadu,13.12798,80.31709,+91 ******2930,2025-12-12,True,6,True,0.81
3910,DONOR-HA-03910,A+,Gurugram,Haryana,28.5084,76.99203,+91 ******1079,2026-04-18,True,9,True,0.8
3911,DONOR-TE-03911,AB+,Hyderabad,Telangana,17.41377,78.44821,+91 ******3324,2026-04-26,True,3,True,0.78
3912,DONOR-DE-03912,O-,Delhi,Delhi,28.56459,77.21297,+91 ******6466,2026-08-23,False,13,True,0.78
3913,DONOR-DE-03913,A-,Delhi,Delhi,28.63368,77.17955,+91 ******5401,2026-05-12,True,14,True,0.73
3914,DONOR-WE-03914,AB-,Kolkata,West Bengal,22.55644,88.3328,+91 ******9447,2025-10-26,True,7,True,0.83
3915,DONOR-TA-03915,A+,Chennai,Tamil Nadu,13.11927,80.30097,+91 ******9164,2026-08-09,False,7,False,0.81
3916,DONOR-WE-03916,O-,Kolkata,West Bengal,22.53253,88.3417,+91 ******5055,2026-04-23,True,1,True,0.91
3917,DONOR-UT-03917,B-,Noida,Uttar Pradesh,28.55846,77.40705,+91 ******5648,2026-03-18,True,7,True,0.68
3918,DONOR-WE-03918,B+,Kolkata,West Bengal,22.54644,88.40494,+91 ******8154,2026-01-01,True,14,False,0.77
3919,DONOR-TA-03919,AB+,Chennai,Tamil Nadu,13.10349,80.3007,+91 ******6325,2026-08-20,False,6,True,0.79
3920,DONOR-UT-03920,AB+,Noida,Uttar Pradesh,28.53785,77.37005,+91 ******9183,2025-11-20,True,2,False,0.81
3921,DONOR-TE-03921,O-,Hyderabad,Telangana,17.42324,78.49948,+91 ******2783,2026-04-17,True,3,True,0.88
3922,DONOR-HA-03922,B+,Gurugram,Haryana,28.41772,76.9927,+91 ******4584,2026-05-11,True,2,True,0.91
3923,DONOR-DE-03923,A+,Delhi,Delhi,28.61,77.24122,+91 ******3271,2026-05-07,True,5,True,0.96
3924,DONOR-KA-03924,A-,Bengaluru,Karnataka,13.0139,77.57971,+91 ******8913,2026-01-03,True,6,True,0.87
3925,DONOR-UT-03925,A+,Noida,Uttar Pradesh,28.55891,77.38747,+91 ******7399,2026-02-10,True,5,True,0.83
3926,DONOR-MA-03926,AB-,Mumbai,Maharashtra,19.08367,72.91689,+91 ******6080,2026-01-30,True,8,True,0.81
3927,DONOR-TA-03927,O+,Chennai,Tamil Nadu,13.10788,80.26065,+91 ******8763,2026-02-14,True,7,True,0.73
3928,DONOR-WE-03928,AB-,Kolkata,West Bengal,22.52729,88.34918,+91 ******9194,2026-08-19,False,14,True,0.84
3929,DONOR-KA-03929,O-,Bengaluru,Karnataka,12.95455,77.57667,+91 ******2156,2026-05-21,True,6,False,0.84
3930,DONOR-TA-03930,B+,Chennai,Tamil Nadu,13.08562,80.28003,+91 ******8989,2025-12-10,True,8,True,0.89
3931,DONOR-HA-03931,A+,Gurugram,Haryana,28.42616,77.01971,+91 ******6927,2025-11-13,True,7,True,0.71
3932,DONOR-TA-03932,AB+,Chennai,Tamil Nadu,13.11106,80.24392,+91 ******8074,2025-11-27,True,1,False,0.91
3933,DONOR-HA-03933,A+,Gurugram,Haryana,28.44003,77.06268,+91 ******4312,2026-01-14,True,4,False,0.94
3934,DONOR-KA-03934,B-,Bengaluru,Karnataka,12.94632,77.564,+91 ******4111,2025-11-18,True,4,True,0.95
3935,DONOR-UT-03935,A+,Noida,Uttar Pradesh,28.57768,77.4211,+91 ******5306,2025-12-06,True,7,True,0.82
3936,DONOR-TE-03936,AB+,Hyderabad,Telangana,17.36931,78.48652,+91 ******3186,2026-02-14,True,6,False,0.78
3937,DONOR-TE-03937,AB+,Hyderabad,Telangana,17.34248,78.45599,+91 ******8495,2025-10-16,True,6,True,0.96
3938,DONOR-MA-03938,B-,Mumbai,Maharashtra,19.05774,72.92145,+91 ******9949,2025-11-04,True,11,True,0.89
3939,DONOR-UT-03939,O+,Noida,Uttar Pradesh,28.55117,77.37382,+91 ******7950,2026-02-01,True,4,True,0.72
3940,DONOR-TE-03940,A-,Hyderabad,Telangana,17.40606,78.51115,+91 ******5101,2026-01-12,True,8,True,0.95
3941,DONOR-TE-03941,A-,Hyderabad,Telangana,17.42946,78.47541,+91 ******3009,2026-07-31,False,13,True,0.89
3942,DONOR-HA-03942,O-,Gurugram,Haryana,28.43587,77.01906,+91 ******6022,2025-10-19,True,7,True,0.71
3943,DONOR-MA-03943,B+,Mumbai,Maharashtra,19.06533,72.91623,+91 ******5652,2025-11-22,True,7,True,0.77
3944,DONOR-UT-03944,O-,Noida,Uttar Pradesh,28.53402,77.39999,+91 ******8112,2026-05-18,True,10,True,0.85
3945,DONOR-DE-03945,A-,Delhi,Delhi,28.57295,77.24677,+91 ******9101,2026-06-17,False,10,True,0.87
3946,DONOR-TE-03946,B-,Hyderabad,Telangana,17.42061,78.51082,+91 ******1147,2026-06-19,False,9,True,0.8
3947,DONOR-UT-03947,A+,Noida,Uttar Pradesh,28.57701,77.35342,+91 ******2232,2026-02-17,True,11,False,0.77
3948,DONOR-WE-03948,B+,Kolkata,West Bengal,22.53975,88.34437,+91 ******7833,2026-04-07,True,3,False,0.78
3949,DONOR-WE-03949,AB-,Kolkata,West Bengal,22.5634,88.37712,+91 ******4475,2026-04-25,True,1,True,0.75
3950,DONOR-HA-03950,A-,Gurugram,Haryana,28.44783,77.0089,+91 ******9822,2025-09-13,True,5,False,0.67
3951,DONOR-TA-03951,AB+,Chennai,Tamil Nadu,13.06409,80.31514,+91 ******9635,2025-10-23,True,2,True,0.95
3952,DONOR-DE-03952,AB-,Delhi,Delhi,28.57801,77.18731,+91 ******4106,2026-03-24,True,1,True,0.77
3953,DONOR-MA-03953,A+,Mumbai,Maharashtra,19.09975,72.85238,+91 ******9445,2026-05-21,True,14,True,0.96
3954,DONOR-TA-03954,B-,Chennai,Tamil Nadu,13.03514,80.2472,+91 ******5952,2026-08-21,False,2,False,0.85
3955,DONOR-TA-03955,AB-,Chennai,Tamil Nadu,13.08112,80.28763,+91 ******4860,2026-05-26,True,12,True,0.96
3956,DONOR-HA-03956,O-,Gurugram,Haryana,28.48515,77.0255,+91 ******4614,2025-10-05,True,7,True,0.73
3957,DONOR-WE-03957,B-,Kolkata,West Bengal,22.52909,88.32663,+91 ******8795,2026-02-22,True,6,True,0.83
3958,DONOR-UT-03958,O+,Noida,Uttar Pradesh,28.51431,77.43476,+91 ******7383,2026-05-23,True,7,False,0.94
3959,DONOR-MA-03959,AB+,Mumbai,Maharashtra,19.08401,72.90756,+91 ******3089,2025-11-01,True,3,True,0.67
3960,DONOR-HA-03960,B-,Gurugram,Haryana,28.50567,77.01117,+91 ******2609,2025-09-29,True,5,True,0.72
3961,DONOR-MA-03961,AB-,Mumbai,Maharashtra,19.08294,72.87137,+91 ******9840,2025-12-25,True,9,False,0.75
3962,DONOR-TA-03962,B+,Chennai,Tamil Nadu,13.08002,80.24222,+91 ******2144,2025-11-07,True,10,True,0.94
3963,DONOR-MA-03963,B+,Mumbai,Maharashtra,19.07099,72.83889,+91 ******2796,2025-10-20,True,8,True,0.73
3964,DONOR-TE-03964,B+,Hyderabad,Telangana,17.36651,78.5035,+91 ******5715,2026-07-10,False,2,True,0.68
3965,DONOR-HA-03965,A-,Gurugram,Haryana,28.5078,76.97996,+91 ******6328,2026-02-04,True,1,False,0.74
3966,DONOR-KA-03966,AB+,Bengaluru,Karnataka,12.94056,77.56972,+91 ******7427,2026-05-05,True,5,False,0.92
3967,DONOR-WE-03967,A+,Kolkata,West Bengal,22.58142,88.33919,+91 ******1122,2026-06-04,True,8,True,0.7
3968,DONOR-TA-03968,O-,Chennai,Tamil Nadu,13.0725,80.27072,+91 ******3575,2026-03-13,True,9,False,0.86
3969,DONOR-TA-03969,A+,Chennai,Tamil Nadu,13.12487,80.25266,+91 ******2743,2025-12-20,True,10,True,0.71
3970,DONOR-TE-03970,A+,Hyderabad,Telangana,17.3568,78.43813,+91 ******1710,2025-10-26,True,11,True,0.86
3971,DONOR-HA-03971,O-,Gurugram,Haryana,28.44371,77.04969,+91 ******8796,2026-01-18,True,6,False,0.77
3972,DONOR-WE-03972,O-,Kolkata,West Bengal,22.53466,88.33047,+91 ******6063,2025-09-21,True,11,False,0.75
3973,DONOR-WE-03973,AB-,Kolkata,West Bengal,22.58637,88.33592,+91 ******7202,2026-03-30,True,11,True,0.9
3974,DONOR-WE-03974,AB+,Kolkata,West Bengal,22.60817,88.36674,+91 ******6475,2026-07-21,False,12,True,0.72
3975,DONOR-UT-03975,AB-,Noida,Uttar Pradesh,28.53205,77.39051,+91 ******2113,2026-03-16,True,2,True,0.93
3976,DONOR-TA-03976,O+,Chennai,Tamil Nadu,13.07229,80.28816,+91 ******6913,2026-02-21,True,6,True,0.65
3977,DONOR-MA-03977,B+,Mumbai,Maharashtra,19.09653,72.87247,+91 ******3514,2026-03-15,True,10,True,0.89
3978,DONOR-KA-03978,B+,Bengaluru,Karnataka,12.98534,77.55343,+91 ******3617,2025-11-08,True,3,True,0.89
3979,DONOR-TE-03979,B-,Hyderabad,Telangana,17.37031,78.52848,+91 ******7033,2025-10-03,True,8,True,0.73
3980,DONOR-WE-03980,O+,Kolkata,West Bengal,22.56392,88.3412,+91 ******3358,2026-03-31,True,5,False,0.71
3981,DONOR-TA-03981,B+,Chennai,Tamil Nadu,13.03732,80.22845,+91 ******3543,2025-12-17,True,10,True,0.69
3982,DONOR-MA-03982,B+,Mumbai,Maharashtra,19.06217,72.90342,+91 ******4116,2026-03-17,True,3,True,0.77
3983,DONOR-UT-03983,B+,Noida,Uttar Pradesh,28.55713,77.40837,+91 ******7457,2026-03-20,True,9,False,0.8
3984,DONOR-WE-03984,A+,Kolkata,West Bengal,22.59029,88.38066,+91 ******4246,2026-03-08,True,9,True,0.96
3985,DONOR-KA-03985,A+,Bengaluru,Karnataka,12.99675,77.58489,+91 ******1393,2025-10-08,True,8,True,0.75
3986,DONOR-WE-03986,B-,Kolkata,West Bengal,22.56569,88.35311,+91 ******6056,2025-10-16,True,7,True,0.92
3987,DONOR-KA-03987,A+,Bengaluru,Karnataka,12.94264,77.58545,+91 ******6832,2026-06-03,True,9,True,0.84
3988,DONOR-TE-03988,B+,Hyderabad,Telangana,17.41371,78.47942,+91 ******8810,2025-11-04,True,7,True,0.9
3989,DONOR-HA-03989,O-,Gurugram,Haryana,28.43057,77.06791,+91 ******6364,2026-06-11,False,12,True,0.81
3990,DONOR-KA-03990,O-,Bengaluru,Karnataka,12.99338,77.6328,+91 ******3713,2025-11-20,True,1,True,0.74
3991,DONOR-HA-03991,AB+,Gurugram,Haryana,28.42874,77.0438,+91 ******5150,2026-04-22,True,7,True,0.68
3992,DONOR-TE-03992,A-,Hyderabad,Telangana,17.34501,78.53234,+91 ******7329,2025-10-21,True,9,False,0.77
3993,DONOR-WE-03993,O-,Kolkata,West Bengal,22.53948,88.39528,+91 ******9518,2026-02-07,True,10,True,0.74
3994,DONOR-KA-03994,AB-,Bengaluru,Karnataka,12.98201,77.6431,+91 ******5027,2026-08-14,False,2,True,0.79
3995,DONOR-TE-03995,AB+,Hyderabad,Telangana,17.37671,78.44537,+91 ******5910,2025-09-16,True,1,True,0.97
3996,DONOR-MA-03996,B-,Mumbai,Maharashtra,19.09554,72.85123,+91 ******9920,2026-07-03,False,9,False,0.78
3997,DONOR-MA-03997,B-,Mumbai,Maharashtra,19.05279,72.86978,+91 ******3215,2026-07-20,False,8,True,0.85
3998,DONOR-MA-03998,B+,Mumbai,Maharashtra,19.08916,72.88869,+91 ******2491,2026-08-22,False,3,True,0.66
3999,DONOR-WE-03999,A+,Kolkata,West Bengal,22.54411,88.36402,+91 ******3955,2026-02-17,True,1,True,0.73
4000,DONOR-UT-04000,O+,Noida,Uttar Pradesh,28.52188,77.36262,+91 ******4970,2026-05-16,True,11,True,0.72
4001,DONOR-UT-04001,A-,Noida,Uttar Pradesh,28.51461,77.34149,+91 ******3907,2025-11-13,True,3,True,0.71
4002,DONOR-UT-04002,A+,Noida,Uttar Pradesh,28.54043,77.43251,+91 ******4068,2025-12-19,True,14,False,0.86
4003,DONOR-DE-04003,O-,Delhi,Delhi,28.65366,77.25386,+91 ******8479,2026-07-04,False,11,True,0.95
4004,DONOR-DE-04004,O-,Delhi,Delhi,28.56468,77.15957,+91 ******2297,2026-07-01,False,7,True,0.93
4005,DONOR-MA-04005,B-,Mumbai,Maharashtra,19.10808,72.84512,+91 ******6061,2026-03-26,True,5,True,0.91
4006,DONOR-TA-04006,O-,Chennai,Tamil Nadu,13.04407,80.31201,+91 ******5664,2026-03-16,True,5,True,0.69
4007,DONOR-TA-04007,A+,Chennai,Tamil Nadu,13.13034,80.22656,+91 ******8408,2025-11-14,True,3,True,0.83
4008,DONOR-HA-04008,B-,Gurugram,Haryana,28.50011,77.06098,+91 ******1763,2026-07-27,False,11,True,0.89
4009,DONOR-DE-04009,A-,Delhi,Delhi,28.65,77.21353,+91 ******5637,2026-05-12,True,3,True,0.71
4010,DONOR-WE-04010,B+,Kolkata,West Bengal,22.58921,88.31516,+91 ******4517,2026-02-13,True,5,True,0.83
4011,DONOR-HA-04011,O+,Gurugram,Haryana,28.47782,77.05201,+91 ******8387,2026-05-20,True,3,True,0.87
4012,DONOR-DE-04012,O+,Delhi,Delhi,28.65231,77.16783,+91 ******2617,2026-06-27,False,8,True,0.89
4013,DONOR-HA-04013,O+,Gurugram,Haryana,28.46241,77.06714,+91 ******3743,2026-05-05,True,8,True,0.68
4014,DONOR-UT-04014,O-,Noida,Uttar Pradesh,28.52559,77.39155,+91 ******8094,2026-06-27,False,13,True,0.83
4015,DONOR-HA-04015,AB-,Gurugram,Haryana,28.50481,76.97731,+91 ******2570,2026-03-13,True,4,True,0.94
4016,DONOR-HA-04016,B+,Gurugram,Haryana,28.45273,76.99999,+91 ******3795,2026-08-15,False,1,True,0.75
4017,DONOR-TA-04017,A+,Chennai,Tamil Nadu,13.10128,80.31381,+91 ******4419,2026-03-03,True,5,True,0.65
4018,DONOR-MA-04018,AB-,Mumbai,Maharashtra,19.03376,72.87989,+91 ******1993,2026-07-16,False,1,True,0.91
4019,DONOR-DE-04019,AB+,Delhi,Delhi,28.61666,77.20918,+91 ******9974,2026-06-01,True,7,True,0.8
4020,DONOR-MA-04020,O-,Mumbai,Maharashtra,19.10417,72.87812,+91 ******8406,2026-01-12,True,1,True,0.83
4021,DONOR-MA-04021,AB+,Mumbai,Maharashtra,19.12562,72.89274,+91 ******5466,2026-02-03,True,14,False,0.96
4022,DONOR-MA-04022,O-,Mumbai,Maharashtra,19.05819,72.89949,+91 ******2379,2026-08-20,False,3,True,0.8
4023,DONOR-TA-04023,A+,Chennai,Tamil Nadu,13.05694,80.29321,+91 ******4070,2025-11-16,True,2,True,0.83
4024,DONOR-MA-04024,A-,Mumbai,Maharashtra,19.03904,72.8638,+91 ******3582,2026-07-08,False,14,False,0.66
4025,DONOR-MA-04025,AB-,Mumbai,Maharashtra,19.11098,72.88112,+91 ******1647,2026-07-17,False,1,False,0.66
4026,DONOR-TE-04026,O-,Hyderabad,Telangana,17.34142,78.50414,+91 ******5475,2025-10-01,True,13,False,0.68
4027,DONOR-DE-04027,O+,Delhi,Delhi,28.63073,77.18615,+91 ******8207,2026-02-24,True,9,True,0.96
4028,DONOR-UT-04028,O-,Noida,Uttar Pradesh,28.50185,77.43653,+91 ******1917,2026-04-15,True,12,True,0.66
4029,DONOR-KA-04029,A-,Bengaluru,Karnataka,12.9759,77.55262,+91 ******9886,2026-04-19,True,10,False,0.69
4030,DONOR-KA-04030,O+,Bengaluru,Karnataka,13.00369,77.57813,+91 ******9189,2026-01-27,True,8,True,0.95
4031,DONOR-TE-04031,O-,Hyderabad,Telangana,17.34792,78.49315,+91 ******2579,2026-08-09,False,1,True,0.91
4032,DONOR-TA-04032,A+,Chennai,Tamil Nadu,13.07492,80.25381,+91 ******8646,2025-12-19,True,3,True,0.87
4033,DONOR-DE-04033,O-,Delhi,Delhi,28.58906,77.25752,+91 ******6002,2026-04-28,True,9,True,0.8
4034,DONOR-HA-04034,AB-,Gurugram,Haryana,28.44176,76.99556,+91 ******1971,2026-06-08,True,11,True,0.88
4035,DONOR-KA-04035,O-,Bengaluru,Karnataka,12.97401,77.60016,+91 ******6910,2026-04-25,True,3,True,0.97
4036,DONOR-MA-04036,B+,Mumbai,Maharashtra,19.0475,72.90018,+91 ******1260,2025-12-25,True,12,True,0.66
4037,DONOR-MA-04037,AB+,Mumbai,Maharashtra,19.08353,72.86779,+91 ******4202,2026-01-19,True,13,True,0.83
4038,DONOR-KA-04038,AB-,Bengaluru,Karnataka,12.93513,77.59009,+91 ******4809,2025-10-28,True,12,True,0.91
4039,DONOR-TE-04039,O-,Hyderabad,Telangana,17.34809,78.46067,+91 ******7820,2026-07-15,False,7,False,0.97
4040,DONOR-TA-04040,AB+,Chennai,Tamil Nadu,13.05759,80.31803,+91 ******4844,2026-04-30,True,1,True,0.86
4041,DONOR-DE-04041,AB+,Delhi,Delhi,28.64911,77.2001,+91 ******5027,2026-05-16,True,13,False,0.74
4042,DONOR-HA-04042,AB-,Gurugram,Haryana,28.41869,77.01644,+91 ******5184,2026-05-15,True,3,True,0.79
4043,DONOR-WE-04043,B+,Kolkata,West Bengal,22.53973,88.40077,+91 ******7874,2025-11-12,True,4,False,0.8
4044,DONOR-KA-04044,B-,Bengaluru,Karnataka,12.94919,77.58098,+91 ******6021,2026-06-24,False,5,True,0.96
4045,DONOR-UT-04045,AB+,Noida,Uttar Pradesh,28.49325,77.38772,+91 ******5341,2026-04-10,True,10,True,0.86
4046,DONOR-HA-04046,AB+,Gurugram,Haryana,28.48603,76.98471,+91 ******9707,2025-11-13,True,3,True,0.9
4047,DONOR-WE-04047,B+,Kolkata,West Bengal,22.54636,88.32487,+91 ******2222,2026-02-17,True,10,False,0.97
4048,DONOR-WE-04048,AB+,Kolkata,West Bengal,22.54991,88.36301,+91 ******3844,2025-10-15,True,11,True,0.71
4049,DONOR-TA-04049,B-,Chennai,Tamil Nadu,13.05005,80.26479,+91 ******6295,2026-05-11,True,11,True,0.85
4050,DONOR-TA-04050,B-,Chennai,Tamil Nadu,13.07017,80.28521,+91 ******6900,2026-06-24,False,14,False,0.8
4051,DONOR-UT-04051,B-,Noida,Uttar Pradesh,28.51161,77.43916,+91 ******2233,2025-09-24,True,14,False,0.94
4052,DONOR-HA-04052,O-,Gurugram,Haryana,28.50124,77.06637,+91 ******6564,2026-07-30,False,14,True,0.71
4053,DONOR-TE-04053,A-,Hyderabad,Telangana,17.40902,78.53646,+91 ******9243,2026-08-10,False,3,False,0.97
4054,DONOR-MA-04054,B+,Mumbai,Maharashtra,19.10028,72.88121,+91 ******7290,2025-09-09,True,5,False,0.67
4055,DONOR-UT-04055,O+,Noida,Uttar Pradesh,28.57759,77.40419,+91 ******7975,2026-08-17,False,12,True,0.78
4056,DONOR-DE-04056,B-,Delhi,Delhi,28.60166,77.24549,+91 ******7770,2025-10-07,True,12,True,0.75
4057,DONOR-UT-04057,O-,Noida,Uttar Pradesh,28.5736,77.3557,+91 ******9501,2026-07-22,False,10,True,0.86
4058,DONOR-WE-04058,A-,Kolkata,West Bengal,22.55642,88.35637,+91 ******8172,2026-04-09,True,6,True,0.68
4059,DONOR-HA-04059,O+,Gurugram,Haryana,28.44134,76.99048,+91 ******2333,2026-05-18,True,1,False,0.73
4060,DONOR-DE-04060,O+,Delhi,Delhi,28.58262,77.25728,+91 ******9865,2026-05-31,True,13,True,0.93
4061,DONOR-MA-04061,O+,Mumbai,Maharashtra,19.08989,72.83898,+91 ******1984,2026-05-27,True,2,False,0.88
4062,DONOR-KA-04062,O+,Bengaluru,Karnataka,12.9357,77.54827,+91 ******7472,2025-12-30,True,10,True,0.86
4063,DONOR-TA-04063,A-,Chennai,Tamil Nadu,13.08323,80.24683,+91 ******2010,2026-08-07,False,5,False,0.93
4064,DONOR-HA-04064,O-,Gurugram,Haryana,28.43524,76.97798,+91 ******4650,2025-12-23,True,3,False,0.93
4065,DONOR-WE-04065,B+,Kolkata,West Bengal,22.52937,88.41188,+91 ******7032,2025-10-31,True,9,True,0.93
4066,DONOR-KA-04066,B-,Bengaluru,Karnataka,12.9673,77.57697,+91 ******8156,2025-12-26,True,13,True,0.88
4067,DONOR-HA-04067,O-,Gurugram,Haryana,28.4688,76.97947,+91 ******9174,2026-03-16,True,10,True,0.92
4068,DONOR-MA-04068,A-,Mumbai,Maharashtra,19.065,72.87115,+91 ******6109,2025-12-26,True,1,True,0.72
4069,DONOR-KA-04069,AB+,Bengaluru,Karnataka,12.99458,77.59815,+91 ******1072,2026-03-14,True,14,True,0.84
4070,DONOR-MA-04070,AB-,Mumbai,Maharashtra,19.0601,72.90855,+91 ******3185,2026-08-10,False,13,True,0.79
4071,DONOR-WE-04071,B-,Kolkata,West Bengal,22.56515,88.31541,+91 ******7867,2025-10-11,True,6,True,0.8
4072,DONOR-WE-04072,A-,Kolkata,West Bengal,22.52431,88.36252,+91 ******3808,2026-07-13,False,1,False,0.75
4073,DONOR-WE-04073,A-,Kolkata,West Bengal,22.53912,88.32758,+91 ******5681,2026-03-17,True,9,False,0.91
4074,DONOR-KA-04074,B-,Bengaluru,Karnataka,12.95612,77.57394,+91 ******6718,2025-12-10,True,6,True,0.73
4075,DONOR-HA-04075,AB-,Gurugram,Haryana,28.48961,77.04069,+91 ******8424,2025-12-26,True,1,True,0.89
4076,DONOR-WE-04076,B-,Kolkata,West Bengal,22.61471,88.40655,+91 ******8516,2026-03-11,True,8,True,0.73
4077,DONOR-TE-04077,B+,Hyderabad,Telangana,17.40774,78.51169,+91 ******2245,2026-03-07,True,3,True,0.96
4078,DONOR-KA-04078,A-,Bengaluru,Karnataka,12.96353,77.62391,+91 ******1841,2025-09-30,True,11,True,0.76
4079,DONOR-HA-04079,AB+,Gurugram,Haryana,28.49471,77.06179,+91 ******3869,2025-10-26,True,10,True,0.93
4080,DONOR-WE-04080,O-,Kolkata,West Bengal,22.55538,88.33011,+91 ******7511,2025-10-08,True,5,True,0.84
4081,DONOR-DE-04081,AB-,Delhi,Delhi,28.57812,77.24099,+91 ******9470,2025-09-17,True,5,False,0.65
4082,DONOR-KA-04082,AB+,Bengaluru,Karnataka,12.99756,77.57885,+91 ******3111,2026-07-12,False,3,True,0.89
4083,DONOR-TA-04083,A-,Chennai,Tamil Nadu,13.12159,80.24284,+91 ******6582,2025-11-18,True,12,True,0.87
4084,DONOR-TA-04084,O+,Chennai,Tamil Nadu,13.07021,80.24547,+91 ******5658,2026-06-02,True,2,True,0.89
4085,DONOR-HA-04085,A+,Gurugram,Haryana,28.41168,76.98256,+91 ******3305,2026-02-23,True,7,True,0.72
4086,DONOR-WE-04086,O-,Kolkata,West Bengal,22.53022,88.36662,+91 ******9611,2025-12-11,True,4,True,0.82
4087,DONOR-WE-04087,A+,Kolkata,West Bengal,22.61279,88.41356,+91 ******4580,2026-05-19,True,5,False,0.96
4088,DONOR-UT-04088,B-,Noida,Uttar Pradesh,28.5336,77.42144,+91 ******1790,2026-02-08,True,4,True,0.89
4089,DONOR-MA-04089,A-,Mumbai,Maharashtra,19.03212,72.90922,+91 ******5609,2026-03-27,True,9,True,0.73
4090,DONOR-WE-04090,A-,Kolkata,West Bengal,22.52802,88.33197,+91 ******4263,2026-08-15,False,4,True,0.83
4091,DONOR-DE-04091,B-,Delhi,Delhi,28.63702,77.22742,+91 ******1514,2026-07-20,False,7,True,0.97
4092,DONOR-WE-04092,B-,Kolkata,West Bengal,22.57247,88.35967,+91 ******8453,2025-12-29,True,14,True,0.9
4093,DONOR-TA-04093,A+,Chennai,Tamil Nadu,13.07045,80.25641,+91 ******6420,2026-03-24,True,4,False,0.97
4094,DONOR-UT-04094,AB-,Noida,Uttar Pradesh,28.54684,77.42159,+91 ******4310,2026-04-17,True,13,True,0.69
4095,DONOR-DE-04095,AB-,Delhi,Delhi,28.57787,77.22143,+91 ******6163,2025-11-03,True,4,False,0.67
4096,DONOR-HA-04096,B-,Gurugram,Haryana,28.42871,77.00155,+91 ******2347,2025-09-23,True,6,True,0.97
4097,DONOR-KA-04097,O-,Bengaluru,Karnataka,13.01898,77.5966,+91 ******1466,2026-03-04,True,1,False,0.73
4098,DONOR-WE-04098,O-,Kolkata,West Bengal,22.53646,88.39346,+91 ******7316,2026-08-16,False,5,True,0.76
4099,DONOR-UT-04099,O+,Noida,Uttar Pradesh,28.56014,77.3707,+91 ******8823,2025-12-07,True,3,False,0.96
4100,DONOR-WE-04100,B+,Kolkata,West Bengal,22.61852,88.37015,+91 ******5177,2026-04-20,True,8,True,0.93
4101,DONOR-TA-04101,O+,Chennai,Tamil Nadu,13.05762,80.23813,+91 ******1879,2026-04-01,True,10,True,0.81
4102,DONOR-HA-04102,AB-,Gurugram,Haryana,28.44399,77.04327,+91 ******4750,2026-06-04,True,9,True,0.8
4103,DONOR-UT-04103,A-,Noida,Uttar Pradesh,28.50158,77.39562,+91 ******5333,2025-11-22,True,10,True,0.92
4104,DONOR-KA-04104,AB-,Bengaluru,Karnataka,13.00462,77.58042,+91 ******7292,2026-07-12,False,10,True,0.9
4105,DONOR-KA-04105,AB+,Bengaluru,Karnataka,12.95296,77.62625,+91 ******5803,2025-09-21,True,7,False,0.76
4106,DONOR-MA-04106,AB-,Mumbai,Maharashtra,19.10847,72.82829,+91 ******2188,2026-04-13,True,3,True,0.7
4107,DONOR-WE-04107,A+,Kolkata,West Bengal,22.57215,88.35045,+91 ******9088,2026-04-15,True,13,False,0.84
4108,DONOR-TA-04108,AB+,Chennai,Tamil Nadu,13.09261,80.25536,+91 ******3046,2026-07-31,False,7,True,0.66
4109,DONOR-MA-04109,A+,Mumbai,Maharashtra,19.06835,72.84203,+91 ******6631,2025-09-29,True,12,False,0.82
4110,DONOR-DE-04110,O-,Delhi,Delhi,28.56963,77.22812,+91 ******2256,2025-09-16,True,8,True,0.66
4111,DONOR-TA-04111,B-,Chennai,Tamil Nadu,13.05683,80.29081,+91 ******1702,2026-01-19,True,2,True,0.72
4112,DONOR-KA-04112,A-,Bengaluru,Karnataka,12.92286,77.59333,+91 ******3089,2025-10-11,True,7,True,0.77
4113,DONOR-TE-04113,B-,Hyderabad,Telangana,17.4193,78.48548,+91 ******3935,2026-03-29,True,14,False,0.84
4114,DONOR-WE-04114,AB-,Kolkata,West Bengal,22.57159,88.40381,+91 ******2479,2026-03-03,True,11,False,0.95
4115,DONOR-WE-04115,O-,Kolkata,West Bengal,22.57471,88.36471,+91 ******6874,2026-02-27,True,2,True,0.77
4116,DONOR-WE-04116,AB+,Kolkata,West Bengal,22.59033,88.322,+91 ******7792,2026-01-20,True,1,True,0.79
4117,DONOR-MA-04117,AB-,Mumbai,Maharashtra,19.0648,72.86843,+91 ******6597,2026-08-16,False,6,False,0.79
4118,DONOR-UT-04118,B+,Noida,Uttar Pradesh,28.50741,77.3997,+91 ******4078,2026-01-23,True,3,False,0.77
4119,DONOR-UT-04119,A-,Noida,Uttar Pradesh,28.53658,77.37832,+91 ******7620,2025-10-17,True,10,False,0.96
4120,DONOR-WE-04120,O-,Kolkata,West Bengal,22.61295,88.359,+91 ******7354,2026-03-17,True,9,True,0.81
4121,DONOR-WE-04121,A+,Kolkata,West Bengal,22.59655,88.32243,+91 ******4677,2026-01-18,True,6,False,0.86
4122,DONOR-KA-04122,AB-,Bengaluru,Karnataka,12.99246,77.58347,+91 ******3956,2026-05-22,True,14,True,0.68
4123,DONOR-KA-04123,O-,Bengaluru,Karnataka,12.93491,77.54503,+91 ******3197,2026-06-23,False,5,True,0.95
4124,DONOR-DE-04124,O+,Delhi,Delhi,28.57496,77.19805,+91 ******2482,2026-06-29,False,4,True,0.88
4125,DONOR-DE-04125,O+,Delhi,Delhi,28.64759,77.19528,+91 ******4706,2026-02-27,True,1,True,0.7
4126,DONOR-MA-04126,B-,Mumbai,Maharashtra,19.02721,72.84656,+91 ******8707,2026-01-22,True,11,True,0.81
4127,DONOR-TE-04127,AB+,Hyderabad,Telangana,17.37416,78.50984,+91 ******9533,2026-05-30,True,13,False,0.91
4128,DONOR-DE-04128,O-,Delhi,Delhi,28.64771,77.22999,+91 ******3610,2026-05-04,True,4,False,0.9
4129,DONOR-KA-04129,O+,Bengaluru,Karnataka,12.9983,77.56201,+91 ******5990,2026-01-08,True,4,True,0.76
4130,DONOR-MA-04130,B+,Mumbai,Maharashtra,19.1047,72.91161,+91 ******2899,2026-07-13,False,1,True,0.93
4131,DONOR-DE-04131,O+,Delhi,Delhi,28.63257,77.20193,+91 ******6398,2025-09-13,True,3,True,0.84
4132,DONOR-MA-04132,A-,Mumbai,Maharashtra,19.11785,72.92448,+91 ******2687,2026-07-22,False,11,True,0.82
4133,DONOR-UT-04133,O+,Noida,Uttar Pradesh,28.53216,77.42052,+91 ******4425,2026-08-08,False,7,True,0.73
4134,DONOR-KA-04134,B+,Bengaluru,Karnataka,12.96962,77.59531,+91 ******5034,2025-09-25,True,7,True,0.76
4135,DONOR-KA-04135,A+,Bengaluru,Karnataka,12.95523,77.56385,+91 ******9050,2025-09-07,True,12,False,0.87
4136,DONOR-KA-04136,AB-,Bengaluru,Karnataka,13.02039,77.54769,+91 ******9037,2026-04-30,True,4,True,0.88
4137,DONOR-UT-04137,B+,Noida,Uttar Pradesh,28.55152,77.35653,+91 ******6618,2026-04-17,True,14,True,0.96
4138,DONOR-TE-04138,A+,Hyderabad,Telangana,17.37646,78.51975,+91 ******6608,2025-10-29,True,14,True,0.91
4139,DONOR-MA-04139,O-,Mumbai,Maharashtra,19.03145,72.86798,+91 ******2009,2026-01-03,True,13,False,0.88
4140,DONOR-WE-04140,A-,Kolkata,West Bengal,22.55558,88.3423,+91 ******5785,2025-10-09,True,9,True,0.91
4141,DONOR-MA-04141,AB-,Mumbai,Maharashtra,19.07677,72.91765,+91 ******2209,2026-08-21,False,2,False,0.8
4142,DONOR-TA-04142,A-,Chennai,Tamil Nadu,13.07407,80.27813,+91 ******7552,2026-04-20,True,7,True,0.8
4143,DONOR-TE-04143,O+,Hyderabad,Telangana,17.34877,78.52692,+91 ******3193,2026-05-30,True,2,True,0.87
4144,DONOR-KA-04144,AB+,Bengaluru,Karnataka,12.99244,77.60096,+91 ******3146,2026-08-11,False,9,True,0.84
4145,DONOR-KA-04145,O-,Bengaluru,Karnataka,12.94057,77.62985,+91 ******6240,2026-04-14,True,8,True,0.98
4146,DONOR-WE-04146,O+,Kolkata,West Bengal,22.53028,88.40204,+91 ******9782,2025-11-19,True,6,True,0.66
4147,DONOR-DE-04147,AB-,Delhi,Delhi,28.6346,77.21726,+91 ******7021,2026-07-08,False,12,True,0.8
4148,DONOR-MA-04148,B-,Mumbai,Maharashtra,19.04016,72.84853,+91 ******6973,2025-09-24,True,7,True,0.95
4149,DONOR-KA-04149,O+,Bengaluru,Karnataka,12.9303,77.60831,+91 ******7800,2026-08-08,False,2,True,0.76
4150,DONOR-MA-04150,A+,Mumbai,Maharashtra,19.06698,72.89825,+91 ******9763,2025-12-14,True,8,False,0.87
4151,DONOR-DE-04151,A-,Delhi,Delhi,28.65414,77.24932,+91 ******4517,2025-10-03,True,2,False,0.9
4152,DONOR-WE-04152,B+,Kolkata,West Bengal,22.5622,88.36157,+91 ******8256,2026-05-03,True,1,False,0.8
4153,DONOR-KA-04153,O+,Bengaluru,Karnataka,12.99903,77.59493,+91 ******6924,2026-02-12,True,8,False,0.86
4154,DONOR-DE-04154,AB+,Delhi,Delhi,28.59865,77.22494,+91 ******9034,2026-03-10,True,14,True,0.71
4155,DONOR-WE-04155,O-,Kolkata,West Bengal,22.57151,88.3173,+91 ******7407,2026-04-12,True,4,True,0.68
4156,DONOR-KA-04156,O+,Bengaluru,Karnataka,12.99418,77.54516,+91 ******5432,2026-03-02,True,9,True,0.81
4157,DONOR-MA-04157,O+,Mumbai,Maharashtra,19.09787,72.83271,+91 ******9478,2026-02-23,True,9,False,0.93
4158,DONOR-TE-04158,O+,Hyderabad,Telangana,17.35623,78.44615,+91 ******3885,2025-10-26,True,14,True,0.69
4159,DONOR-KA-04159,AB-,Bengaluru,Karnataka,13.02004,77.62234,+91 ******1535,2026-07-30,False,9,False,0.65
4160,DONOR-UT-04160,A+,Noida,Uttar Pradesh,28.56346,77.37961,+91 ******8648,2026-03-15,True,1,False,0.95
4161,DONOR-DE-04161,AB-,Delhi,Delhi,28.66052,77.25152,+91 ******4434,2026-01-05,True,5,True,0.95
4162,DONOR-MA-04162,O+,Mumbai,Maharashtra,19.08908,72.90055,+91 ******4997,2026-04-01,True,13,True,0.92
4163,DONOR-DE-04163,AB-,Delhi,Delhi,28.61935,77.18663,+91 ******2758,2026-05-08,True,10,True,0.67
4164,DONOR-MA-04164,AB+,Mumbai,Maharashtra,19.04035,72.84781,+91 ******6736,2026-08-17,False,3,True,0.83
4165,DONOR-KA-04165,A-,Bengaluru,Karnataka,12.98707,77.61557,+91 ******2110,2026-02-21,True,2,True,0.84
4166,DONOR-DE-04166,AB+,Delhi,Delhi,28.58353,77.19434,+91 ******1235,2026-03-23,True,3,True,0.74
4167,DONOR-HA-04167,B-,Gurugram,Haryana,28.44085,77.02145,+91 ******1595,2025-10-08,True,13,True,0.73
4168,DONOR-TA-04168,A+,Chennai,Tamil Nadu,13.10064,80.31943,+91 ******8048,2026-02-05,True,11,True,0.7
4169,DONOR-TE-04169,A+,Hyderabad,Telangana,17.42463,78.52045,+91 ******6074,2026-05-12,True,11,False,0.85
4170,DONOR-TA-04170,B-,Chennai,Tamil Nadu,13.08771,80.27408,+91 ******5754,2026-03-30,True,1,True,0.82
4171,DONOR-WE-04171,O-,Kolkata,West Bengal,22.54648,88.38296,+91 ******4350,2025-11-05,True,12,False,0.78
4172,DONOR-WE-04172,A-,Kolkata,West Bengal,22.54684,88.33058,+91 ******8731,2026-08-21,False,6,True,0.83
4173,DONOR-TE-04173,O-,Hyderabad,Telangana,17.34672,78.45903,+91 ******2272,2026-07-01,False,9,True,0.76
4174,DONOR-TA-04174,B+,Chennai,Tamil Nadu,13.0733,80.26593,+91 ******3237,2026-07-18,False,13,False,0.73
4175,DONOR-HA-04175,O-,Gurugram,Haryana,28.46257,77.07486,+91 ******6236,2026-01-08,True,5,False,0.82
4176,DONOR-HA-04176,A+,Gurugram,Haryana,28.43332,77.0602,+91 ******7842,2026-05-08,True,7,True,0.82
4177,DONOR-UT-04177,B+,Noida,Uttar Pradesh,28.54496,77.40534,+91 ******8735,2026-04-09,True,7,True,0.9
4178,DONOR-TA-04178,O-,Chennai,Tamil Nadu,13.03911,80.31304,+91 ******7786,2026-04-01,True,5,True,0.68
4179,DONOR-KA-04179,O-,Bengaluru,Karnataka,12.95324,77.58986,+91 ******6823,2026-05-25,True,12,True,0.92
4180,DONOR-HA-04180,A-,Gurugram,Haryana,28.50781,77.00891,+91 ******1795,2026-01-21,True,14,True,0.96
4181,DONOR-UT-04181,B-,Noida,Uttar Pradesh,28.56739,77.37247,+91 ******8804,2026-01-14,True,13,False,0.94
4182,DONOR-UT-04182,A+,Noida,Uttar Pradesh,28.51748,77.38378,+91 ******9100,2026-01-20,True,11,True,0.87
4183,DONOR-DE-04183,A-,Delhi,Delhi,28.66096,77.21346,+91 ******4432,2025-12-08,True,14,True,0.74
4184,DONOR-TE-04184,O+,Hyderabad,Telangana,17.40525,78.45445,+91 ******6243,2025-12-18,True,1,False,0.86
4185,DONOR-TE-04185,B+,Hyderabad,Telangana,17.37268,78.50552,+91 ******9855,2026-05-10,True,4,True,0.97
4186,DONOR-TE-04186,AB-,Hyderabad,Telangana,17.34884,78.51363,+91 ******1878,2026-01-04,True,2,True,0.94
4187,DONOR-TE-04187,O+,Hyderabad,Telangana,17.40725,78.52202,+91 ******3186,2025-10-01,True,4,True,0.65
4188,DONOR-MA-04188,O-,Mumbai,Maharashtra,19.10641,72.92385,+91 ******3381,2025-09-11,True,2,True,0.87
4189,DONOR-WE-04189,O-,Kolkata,West Bengal,22.59989,88.38543,+91 ******7190,2025-12-05,True,12,False,0.79
4190,DONOR-HA-04190,A+,Gurugram,Haryana,28.50477,77.07637,+91 ******8690,2025-10-04,True,4,True,0.76
4191,DONOR-KA-04191,A-,Bengaluru,Karnataka,12.96856,77.62034,+91 ******7770,2026-05-21,True,10,True,0.71
4192,DONOR-UT-04192,A-,Noida,Uttar Pradesh,28.56515,77.3565,+91 ******5596,2025-11-04,True,13,True,0.97
4193,DONOR-MA-04193,B+,Mumbai,Maharashtra,19.03995,72.90307,+91 ******7418,2026-08-23,False,6,False,0.84
4194,DONOR-UT-04194,AB+,Noida,Uttar Pradesh,28.57664,77.37705,+91 ******7030,2026-03-02,True,2,True,0.85
4195,DONOR-TE-04195,AB+,Hyderabad,Telangana,17.38888,78.48968,+91 ******2401,2026-04-23,True,13,False,0.94
4196,DONOR-TE-04196,B+,Hyderabad,Telangana,17.37523,78.4395,+91 ******9275,2026-06-03,True,7,True,0.76
4197,DONOR-KA-04197,O+,Bengaluru,Karnataka,13.00871,77.54551,+91 ******9956,2026-01-07,True,6,True,0.79
4198,DONOR-WE-04198,A+,Kolkata,West Bengal,22.58802,88.32314,+91 ******7007,2026-06-09,True,9,True,0.93
4199,DONOR-WE-04199,AB+,Kolkata,West Bengal,22.61332,88.34527,+91 ******4445,2026-03-27,True,8,True,0.88
4200,DONOR-HA-04200,O-,Gurugram,Haryana,28.43059,77.03426,+91 ******9919,2026-02-19,True,3,True,0.91
4201,DONOR-KA-04201,O+,Bengaluru,Karnataka,12.96111,77.63789,+91 ******4497,2025-09-17,True,4,False,0.72
4202,DONOR-DE-04202,O-,Delhi,Delhi,28.64909,77.18835,+91 ******2689,2026-08-02,False,3,True,0.97
4203,DONOR-HA-04203,AB+,Gurugram,Haryana,28.46091,76.97803,+91 ******7639,2026-05-09,True,10,False,0.92
4204,DONOR-KA-04204,A-,Bengaluru,Karnataka,12.99989,77.61135,+91 ******2322,2026-04-01,True,7,True,0.73
4205,DONOR-MA-04205,A+,Mumbai,Maharashtra,19.11184,72.89568,+91 ******2556,2026-04-28,True,12,True,0.68
4206,DONOR-WE-04206,AB+,Kolkata,West Bengal,22.54609,88.35143,+91 ******3354,2026-05-24,True,6,True,0.75
4207,DONOR-KA-04207,O+,Bengaluru,Karnataka,12.99661,77.59794,+91 ******8433,2026-03-07,True,3,False,0.84
4208,DONOR-UT-04208,AB+,Noida,Uttar Pradesh,28.56188,77.35141,+91 ******9379,2026-08-23,False,9,True,0.66
4209,DONOR-WE-04209,O+,Kolkata,West Bengal,22.59735,88.38788,+91 ******3992,2026-07-24,False,1,False,0.85
4210,DONOR-UT-04210,A-,Noida,Uttar Pradesh,28.52972,77.40225,+91 ******4264,2026-03-05,True,14,True,0.94
4211,DONOR-HA-04211,O+,Gurugram,Haryana,28.49965,77.00435,+91 ******7822,2026-08-11,False,11,True,0.83
4212,DONOR-TE-04212,A-,Hyderabad,Telangana,17.43368,78.52406,+91 ******3416,2026-05-02,True,7,True,0.94
4213,DONOR-KA-04213,AB-,Bengaluru,Karnataka,12.93689,77.56575,+91 ******4195,2025-11-28,True,5,True,0.93
4214,DONOR-DE-04214,O-,Delhi,Delhi,28.60999,77.23903,+91 ******1250,2025-09-29,True,13,False,0.82
4215,DONOR-DE-04215,A+,Delhi,Delhi,28.58079,77.22512,+91 ******6669,2026-08-10,False,14,True,0.8
4216,DONOR-KA-04216,A-,Bengaluru,Karnataka,12.97569,77.568,+91 ******4263,2026-05-02,True,8,True,0.73
4217,DONOR-TE-04217,B+,Hyderabad,Telangana,17.37068,78.51025,+91 ******3796,2026-07-21,False,5,True,0.84
4218,DONOR-HA-04218,A-,Gurugram,Haryana,28.41008,77.0549,+91 ******9992,2025-12-07,True,6,True,0.71
4219,DONOR-TE-04219,A+,Hyderabad,Telangana,17.34887,78.52117,+91 ******9970,2026-02-04,True,2,True,0.7
4220,DONOR-WE-04220,O-,Kolkata,West Bengal,22.53922,88.41039,+91 ******1934,2026-03-09,True,12,False,0.89
4221,DONOR-KA-04221,B-,Bengaluru,Karnataka,12.99658,77.60461,+91 ******5838,2026-04-27,True,1,False,0.97
4222,DONOR-HA-04222,AB+,Gurugram,Haryana,28.44604,77.05079,+91 ******8968,2026-05-29,True,10,True,0.7
4223,DONOR-MA-04223,A+,Mumbai,Maharashtra,19.08212,72.87828,+91 ******5844,2026-04-01,True,13,True,0.96
4224,DONOR-MA-04224,AB+,Mumbai,Maharashtra,19.07418,72.867,+91 ******4448,2026-04-14,True,3,True,0.84
4225,DONOR-TE-04225,O+,Hyderabad,Telangana,17.40874,78.43862,+91 ******1430,2026-04-30,True,11,False,0.68
4226,DONOR-WE-04226,AB-,Kolkata,West Bengal,22.58814,88.39685,+91 ******1766,2025-10-25,True,13,False,0.97
4227,DONOR-KA-04227,AB-,Bengaluru,Karnataka,13.01534,77.59572,+91 ******2733,2025-12-13,True,10,False,0.75
4228,DONOR-HA-04228,A+,Gurugram,Haryana,28.50063,77.02326,+91 ******2716,2026-05-28,True,10,False,0.73
4229,DONOR-KA-04229,A-,Bengaluru,Karnataka,12.96865,77.61369,+91 ******2756,2025-11-06,True,8,False,0.96
4230,DONOR-DE-04230,AB+,Delhi,Delhi,28.56686,77.23,+91 ******7463,2026-02-22,True,9,True,0.87
4231,DONOR-TA-04231,O+,Chennai,Tamil Nadu,13.10813,80.26859,+91 ******7199,2026-04-03,True,7,True,0.8
4232,DONOR-MA-04232,AB+,Mumbai,Maharashtra,19.06538,72.90066,+91 ******8699,2026-03-27,True,2,False,0.83
4233,DONOR-DE-04233,B+,Delhi,Delhi,28.5832,77.21068,+91 ******9209,2026-05-08,True,6,True,0.69
4234,DONOR-KA-04234,A-,Bengaluru,Karnataka,12.92207,77.56619,+91 ******6980,2026-04-19,True,7,False,0.78
4235,DONOR-TE-04235,O+,Hyderabad,Telangana,17.38332,78.48082,+91 ******8054,2026-06-17,False,9,False,0.83
4236,DONOR-DE-04236,O+,Delhi,Delhi,28.5856,77.23306,+91 ******4216,2026-01-17,True,8,True,0.8
4237,DONOR-HA-04237,AB-,Gurugram,Haryana,28.43566,77.04135,+91 ******5071,2026-07-20,False,4,True,0.94
4238,DONOR-HA-04238,B-,Gurugram,Haryana,28.47048,77.06452,+91 ******4768,2025-12-03,True,1,False,0.86
4239,DONOR-TE-04239,AB-,Hyderabad,Telangana,17.35903,78.47337,+91 ******1684,2026-02-01,True,4,False,0.92
4240,DONOR-TA-04240,A-,Chennai,Tamil Nadu,13.12067,80.24973,+91 ******2523,2026-08-08,False,5,True,0.85
4241,DONOR-KA-04241,O-,Bengaluru,Karnataka,12.96713,77.5775,+91 ******4304,2025-12-16,True,14,True,0.74
4242,DONOR-DE-04242,AB+,Delhi,Delhi,28.62149,77.2007,+91 ******2111,2025-11-23,True,6,True,0.78
4243,DONOR-TE-04243,A-,Hyderabad,Telangana,17.3925,78.53128,+91 ******7306,2026-04-26,True,13,True,0.87
4244,DONOR-KA-04244,A-,Bengaluru,Karnataka,12.92372,77.59161,+91 ******9870,2026-01-30,True,1,True,0.9
4245,DONOR-KA-04245,O+,Bengaluru,Karnataka,13.00264,77.61518,+91 ******6140,2025-12-12,True,10,True,0.94
4246,DONOR-DE-04246,O-,Delhi,Delhi,28.61128,77.23034,+91 ******2705,2026-06-02,True,11,True,0.67
4247,DONOR-WE-04247,AB-,Kolkata,West Bengal,22.61789,88.37152,+91 ******7343,2026-07-03,False,9,True,0.73
4248,DONOR-MA-04248,AB-,Mumbai,Maharashtra,19.05682,72.83471,+91 ******5320,2026-08-07,False,8,True,0.95
4249,DONOR-WE-04249,AB-,Kolkata,West Bengal,22.56753,88.40519,+91 ******7308,2026-06-10,False,13,True,0.7
4250,DONOR-UT-04250,B+,Noida,Uttar Pradesh,28.54082,77.35536,+91 ******2927,2025-10-27,True,14,True,0.84
4251,DONOR-TE-04251,O+,Hyderabad,Telangana,17.42618,78.45316,+91 ******2048,2025-11-01,True,1,True,0.75
4252,DONOR-TE-04252,B-,Hyderabad,Telangana,17.40274,78.49273,+91 ******7027,2026-03-05,True,8,True,0.67
4253,DONOR-KA-04253,AB-,Bengaluru,Karnataka,12.94305,77.63452,+91 ******3031,2026-05-11,True,6,True,0.97
4254,DONOR-DE-04254,AB+,Delhi,Delhi,28.6132,77.17133,+91 ******5185,2025-10-09,True,9,True,0.93
4255,DONOR-KA-04255,A+,Bengaluru,Karnataka,12.99657,77.54483,+91 ******5452,2026-07-24,False,13,True,0.79
4256,DONOR-HA-04256,O+,Gurugram,Haryana,28.43334,77.06275,+91 ******1834,2026-06-22,False,5,True,0.66
4257,DONOR-TA-04257,AB-,Chennai,Tamil Nadu,13.04859,80.26181,+91 ******3891,2026-06-02,True,12,True,0.7
4258,DONOR-MA-04258,B+,Mumbai,Maharashtra,19.10026,72.85356,+91 ******8953,2025-10-26,True,14,True,0.91
4259,DONOR-TA-04259,AB+,Chennai,Tamil Nadu,13.10167,80.30194,+91 ******6270,2026-01-27,True,8,True,0.77
4260,DONOR-TA-04260,O-,Chennai,Tamil Nadu,13.11633,80.29092,+91 ******4987,2025-09-16,True,2,True,0.93
4261,DONOR-TE-04261,A+,Hyderabad,Telangana,17.35375,78.4954,+91 ******6809,2026-06-11,False,13,True,0.92
4262,DONOR-TA-04262,A-,Chennai,Tamil Nadu,13.04474,80.25308,+91 ******1033,2026-01-30,True,8,False,0.72
4263,DONOR-DE-04263,O+,Delhi,Delhi,28.58962,77.2553,+91 ******6737,2026-06-04,True,13,False,0.75
4264,DONOR-MA-04264,O-,Mumbai,Maharashtra,19.11604,72.8686,+91 ******9097,2026-02-01,True,6,False,0.91
4265,DONOR-DE-04265,A-,Delhi,Delhi,28.60768,77.25806,+91 ******8679,2026-01-06,True,8,True,0.89
4266,DONOR-TE-04266,O-,Hyderabad,Telangana,17.33593,78.52403,+91 ******3923,2026-03-25,True,3,True,0.85
4267,DONOR-DE-04267,O-,Delhi,Delhi,28.63266,77.18007,+91 ******2649,2025-11-16,True,12,True,0.78
4268,DONOR-HA-04268,AB+,Gurugram,Haryana,28.49432,77.02044,+91 ******6697,2026-06-11,False,4,True,0.78
4269,DONOR-MA-04269,AB+,Mumbai,Maharashtra,19.08346,72.85956,+91 ******7897,2026-03-18,True,8,False,0.79
4270,DONOR-KA-04270,A+,Bengaluru,Karnataka,12.96,77.59134,+91 ******3581,2025-12-04,True,11,False,0.85
4271,DONOR-WE-04271,B+,Kolkata,West Bengal,22.59197,88.32465,+91 ******1537,2026-02-25,True,7,True,0.73
4272,DONOR-DE-04272,A-,Delhi,Delhi,28.63406,77.24608,+91 ******4709,2025-12-25,True,14,False,0.91
4273,DONOR-DE-04273,O+,Delhi,Delhi,28.64545,77.23022,+91 ******8193,2026-02-08,True,7,True,0.74
4274,DONOR-DE-04274,B+,Delhi,Delhi,28.59633,77.23259,+91 ******5550,2026-05-24,True,11,True,0.69
4275,DONOR-WE-04275,B+,Kolkata,West Bengal,22.62038,88.34165,+91 ******4664,2026-03-05,True,9,True,0.95
4276,DONOR-TA-04276,B-,Chennai,Tamil Nadu,13.08771,80.2219,+91 ******2110,2025-11-13,True,9,False,0.76
4277,DONOR-MA-04277,AB+,Mumbai,Maharashtra,19.04468,72.85006,+91 ******7305,2026-01-08,True,6,True,0.77
4278,DONOR-WE-04278,AB-,Kolkata,West Bengal,22.53362,88.32581,+91 ******1182,2026-01-10,True,11,True,0.81
4279,DONOR-TE-04279,O+,Hyderabad,Telangana,17.4314,78.45234,+91 ******1591,2026-02-13,True,9,True,0.91
4280,DONOR-KA-04280,O+,Bengaluru,Karnataka,12.93086,77.62184,+91 ******9948,2026-03-01,True,11,False,0.96
4281,DONOR-WE-04281,O+,Kolkata,West Bengal,22.58227,88.40133,+91 ******6138,2026-04-19,True,1,False,0.86
4282,DONOR-TE-04282,O-,Hyderabad,Telangana,17.40155,78.44299,+91 ******8906,2026-07-10,False,12,True,0.67
4283,DONOR-MA-04283,B-,Mumbai,Maharashtra,19.07346,72.8798,+91 ******6481,2025-10-26,True,2,True,0.71
4284,DONOR-MA-04284,A+,Mumbai,Maharashtra,19.05271,72.91453,+91 ******9682,2026-03-05,True,11,False,0.98
4285,DONOR-WE-04285,A-,Kolkata,West Bengal,22.59137,88.3251,+91 ******7830,2026-04-08,True,7,False,0.77
4286,DONOR-TE-04286,B-,Hyderabad,Telangana,17.34987,78.50669,+91 ******6494,2026-01-15,True,3,True,0.69
4287,DONOR-KA-04287,A-,Bengaluru,Karnataka,13.01189,77.62198,+91 ******9356,2026-08-03,False,1,False,0.82
4288,DONOR-UT-04288,AB+,Noida,Uttar Pradesh,28.50228,77.41305,+91 ******9769,2026-07-17,False,1,True,0.83
4289,DONOR-KA-04289,B+,Bengaluru,Karnataka,12.94623,77.62141,+91 ******2956,2026-03-22,True,7,True,0.81
4290,DONOR-MA-04290,A+,Mumbai,Maharashtra,19.02683,72.82912,+91 ******6302,2026-08-14,False,6,True,0.95
4291,DONOR-DE-04291,AB+,Delhi,Delhi,28.61855,77.18578,+91 ******4549,2026-05-17,True,12,True,0.76
4292,DONOR-DE-04292,O+,Delhi,Delhi,28.61919,77.23311,+91 ******6555,2026-07-30,False,12,False,0.97
4293,DONOR-WE-04293,A-,Kolkata,West Bengal,22.60364,88.37303,+91 ******4020,2026-08-04,False,13,False,0.67
4294,DONOR-WE-04294,B+,Kolkata,West Bengal,22.59277,88.37074,+91 ******1361,2026-01-21,True,11,False,0.95
4295,DONOR-KA-04295,B+,Bengaluru,Karnataka,13.01217,77.64088,+91 ******5231,2026-01-19,True,9,False,0.88
4296,DONOR-TE-04296,A+,Hyderabad,Telangana,17.3916,78.5231,+91 ******3600,2026-02-01,True,8,True,0.74
4297,DONOR-KA-04297,B+,Bengaluru,Karnataka,12.98008,77.61362,+91 ******2226,2026-03-12,True,7,False,0.84
4298,DONOR-DE-04298,AB-,Delhi,Delhi,28.58837,77.1669,+91 ******8089,2026-04-13,True,7,True,0.77
4299,DONOR-UT-04299,A-,Noida,Uttar Pradesh,28.5614,77.38007,+91 ******9393,2025-12-15,True,4,False,0.97
4300,DONOR-TE-04300,AB+,Hyderabad,Telangana,17.41994,78.46702,+91 ******7489,2025-12-10,True,11,False,0.74
4301,DONOR-DE-04301,B-,Delhi,Delhi,28.61674,77.17342,+91 ******6291,2025-11-08,True,13,True,0.9
4302,DONOR-MA-04302,O+,Mumbai,Maharashtra,19.0283,72.92732,+91 ******9015,2026-04-07,True,5,False,0.71
4303,DONOR-UT-04303,AB-,Noida,Uttar Pradesh,28.57476,77.40795,+91 ******6964,2025-11-05,True,8,False,0.83
4304,DONOR-UT-04304,B-,Noida,Uttar Pradesh,28.5359,77.34233,+91 ******9257,2026-03-11,True,10,False,0.94
4305,DONOR-DE-04305,B+,Delhi,Delhi,28.61571,77.1959,+91 ******5575,2025-10-03,True,11,True,0.82
4306,DONOR-TE-04306,A+,Hyderabad,Telangana,17.39146,78.52949,+91 ******3817,2026-06-21,False,7,True,0.77
4307,DONOR-MA-04307,B+,Mumbai,Maharashtra,19.04378,72.89413,+91 ******7795,2025-10-21,True,8,True,0.7
4308,DONOR-MA-04308,AB-,Mumbai,Maharashtra,19.06743,72.8513,+91 ******8700,2026-05-26,True,4,True,0.69
4309,DONOR-MA-04309,O-,Mumbai,Maharashtra,19.0873,72.88843,+91 ******6557,2026-02-28,True,14,True,0.9
4310,DONOR-DE-04310,A+,Delhi,Delhi,28.58,77.25519,+91 ******9420,2026-06-16,False,2,True,0.81
4311,DONOR-DE-04311,B+,Delhi,Delhi,28.60595,77.2154,+91 ******1290,2026-02-19,True,12,True,0.9
4312,DONOR-KA-04312,AB+,Bengaluru,Karnataka,12.94835,77.56692,+91 ******4498,2026-02-18,True,2,True,0.93
4313,DONOR-KA-04313,B+,Bengaluru,Karnataka,12.99125,77.60673,+91 ******4554,2026-08-08,False,4,True,0.69
4314,DONOR-WE-04314,O+,Kolkata,West Bengal,22.6064,88.38874,+91 ******1818,2025-12-27,True,7,True,0.97
4315,DONOR-KA-04315,A-,Bengaluru,Karnataka,12.96867,77.60919,+91 ******1847,2026-06-15,False,2,True,0.67
4316,DONOR-DE-04316,B+,Delhi,Delhi,28.61903,77.20993,+91 ******8672,2026-04-19,True,7,False,0.68
4317,DONOR-TA-04317,B-,Chennai,Tamil Nadu,13.07958,80.26827,+91 ******6665,2025-10-10,True,4,True,0.9
4318,DONOR-KA-04318,B+,Bengaluru,Karnataka,12.93585,77.57705,+91 ******4702,2025-10-25,True,3,False,0.77
4319,DONOR-TA-04319,AB+,Chennai,Tamil Nadu,13.08039,80.2977,+91 ******8474,2026-01-02,True,6,True,0.76
4320,DONOR-HA-04320,AB-,Gurugram,Haryana,28.50901,77.04244,+91 ******9610,2025-11-30,True,3,False,0.96
4321,DONOR-KA-04321,O+,Bengaluru,Karnataka,12.97423,77.5878,+91 ******4723,2026-08-06,False,4,True,0.84
4322,DONOR-WE-04322,AB+,Kolkata,West Bengal,22.59375,88.36732,+91 ******9282,2025-11-19,True,3,True,0.66
4323,DONOR-KA-04323,AB-,Bengaluru,Karnataka,12.96781,77.63462,+91 ******5040,2025-10-07,True,11,True,0.85
4324,DONOR-TA-04324,B+,Chennai,Tamil Nadu,13.10798,80.2263,+91 ******5004,2026-02-08,True,9,True,0.69
4325,DONOR-DE-04325,O+,Delhi,Delhi,28.57892,77.25633,+91 ******6087,2026-03-14,True,2,True,0.89
4326,DONOR-TA-04326,A-,Chennai,Tamil Nadu,13.09191,80.24968,+91 ******8409,2026-01-08,True,9,True,0.84
4327,DONOR-WE-04327,AB-,Kolkata,West Bengal,22.54412,88.35533,+91 ******4683,2026-07-14,False,10,True,0.91
4328,DONOR-TE-04328,AB-,Hyderabad,Telangana,17.43281,78.49528,+91 ******2880,2026-07-21,False,12,True,0.73
4329,DONOR-TE-04329,O-,Hyderabad,Telangana,17.43112,78.44187,+91 ******5600,2025-10-11,True,4,True,0.84
4330,DONOR-HA-04330,AB-,Gurugram,Haryana,28.4496,76.99627,+91 ******7210,2025-10-29,True,5,True,0.84
4331,DONOR-TA-04331,B+,Chennai,Tamil Nadu,13.1006,80.27772,+91 ******3518,2025-12-21,True,1,False,0.89
4332,DONOR-UT-04332,O+,Noida,Uttar Pradesh,28.48782,77.34402,+91 ******3914,2026-04-15,True,11,True,0.67
4333,DONOR-HA-04333,A-,Gurugram,Haryana,28.44147,77.00878,+91 ******6573,2026-03-11,True,5,True,0.9
4334,DONOR-DE-04334,A+,Delhi,Delhi,28.62041,77.19875,+91 ******1229,2026-07-04,False,1,True,0.86
4335,DONOR-TE-04335,B+,Hyderabad,Telangana,17.38648,78.48507,+91 ******5471,2026-05-22,True,11,False,0.93
4336,DONOR-KA-04336,O+,Bengaluru,Karnataka,13.00926,77.61667,+91 ******7456,2025-10-26,True,6,True,0.69
4337,DONOR-KA-04337,A-,Bengaluru,Karnataka,13.00321,77.56444,+91 ******6657,2026-08-01,False,8,False,0.8
4338,DONOR-TE-04338,B-,Hyderabad,Telangana,17.34139,78.50195,+91 ******4369,2026-04-14,True,6,False,0.79
4339,DONOR-TE-04339,B-,Hyderabad,Telangana,17.40255,78.50468,+91 ******8279,2025-12-12,True,5,True,0.91
4340,DONOR-HA-04340,O-,Gurugram,Haryana,28.4483,77.0599,+91 ******9716,2026-03-05,True,6,False,0.87
4341,DONOR-DE-04341,AB+,Delhi,Delhi,28.59386,77.22371,+91 ******2509,2026-01-11,True,1,True,0.81
4342,DONOR-HA-04342,A+,Gurugram,Haryana,28.49625,76.97958,+91 ******2398,2026-01-24,True,8,True,0.98
4343,DONOR-WE-04343,AB+,Kolkata,West Bengal,22.61134,88.41183,+91 ******9151,2025-10-18,True,8,False,0.93
4344,DONOR-UT-04344,B-,Noida,Uttar Pradesh,28.53145,77.41607,+91 ******5748,2026-05-28,True,6,True,0.82
4345,DONOR-MA-04345,AB-,Mumbai,Maharashtra,19.10426,72.90123,+91 ******3517,2026-05-04,True,13,False,0.96
4346,DONOR-TE-04346,O-,Hyderabad,Telangana,17.40651,78.52506,+91 ******9716,2026-03-10,True,12,True,0.78
4347,DONOR-MA-04347,A+,Mumbai,Maharashtra,19.05802,72.82875,+91 ******2533,2025-11-10,True,11,True,0.82
4348,DONOR-MA-04348,AB+,Mumbai,Maharashtra,19.09125,72.85745,+91 ******7324,2025-12-30,True,12,True,0.87
4349,DONOR-UT-04349,O+,Noida,Uttar Pradesh,28.50384,77.37889,+91 ******4352,2026-04-12,True,11,True,0.69
4350,DONOR-WE-04350,O+,Kolkata,West Bengal,22.54021,88.41011,+91 ******6468,2026-01-10,True,12,False,0.72
4351,DONOR-DE-04351,O+,Delhi,Delhi,28.62221,77.16536,+91 ******6519,2025-10-18,True,7,False,0.66
4352,DONOR-WE-04352,AB-,Kolkata,West Bengal,22.54269,88.32841,+91 ******1881,2026-06-24,False,11,False,0.74
4353,DONOR-TA-04353,AB+,Chennai,Tamil Nadu,13.08374,80.30771,+91 ******1908,2025-09-26,True,14,True,0.69
4354,DONOR-MA-04354,B-,Mumbai,Maharashtra,19.10009,72.86409,+91 ******8805,2026-05-15,True,10,True,0.96
4355,DONOR-TA-04355,O+,Chennai,Tamil Nadu,13.12489,80.30938,+91 ******6192,2025-10-23,True,8,True,0.88
4356,DONOR-TE-04356,O-,Hyderabad,Telangana,17.37105,78.48838,+91 ******1605,2025-10-28,True,2,True,0.88
4357,DONOR-WE-04357,AB+,Kolkata,West Bengal,22.5835,88.37403,+91 ******6335,2026-07-05,False,12,True,0.97
4358,DONOR-TA-04358,B-,Chennai,Tamil Nadu,13.03365,80.28639,+91 ******5051,2025-11-03,True,13,True,0.68
4359,DONOR-HA-04359,O+,Gurugram,Haryana,28.44861,77.03379,+91 ******5289,2025-12-25,True,1,False,0.73
4360,DONOR-KA-04360,A-,Bengaluru,Karnataka,12.92917,77.59457,+91 ******3218,2026-07-12,False,9,False,0.88
4361,DONOR-TE-04361,O-,Hyderabad,Telangana,17.34131,78.49574,+91 ******2392,2026-01-24,True,7,True,0.95
4362,DONOR-TE-04362,AB-,Hyderabad,Telangana,17.3908,78.45235,+91 ******7039,2026-05-03,True,3,True,0.76
4363,DONOR-TA-04363,A+,Chennai,Tamil Nadu,13.09952,80.30766,+91 ******4194,2026-01-12,True,13,True,0.9
4364,DONOR-HA-04364,B+,Gurugram,Haryana,28.47034,76.99888,+91 ******6846,2026-04-25,True,9,True,0.82
4365,DONOR-TA-04365,O+,Chennai,Tamil Nadu,13.04309,80.29332,+91 ******6746,2026-05-16,True,5,True,0.7
4366,DONOR-KA-04366,AB-,Bengaluru,Karnataka,13.00665,77.59448,+91 ******5538,2026-01-24,True,6,False,0.88
4367,DONOR-MA-04367,A+,Mumbai,Maharashtra,19.03627,72.82868,+91 ******6790,2026-06-22,False,9,True,0.96
4368,DONOR-TA-04368,AB-,Chennai,Tamil Nadu,13.06431,80.2947,+91 ******1418,2026-02-25,True,9,False,0.65
4369,DONOR-DE-04369,O-,Delhi,Delhi,28.57479,77.2152,+91 ******7888,2025-09-29,True,10,True,0.97
4370,DONOR-KA-04370,O+,Bengaluru,Karnataka,12.97155,77.55254,+91 ******8316,2026-05-07,True,7,False,0.78
4371,DONOR-KA-04371,AB+,Bengaluru,Karnataka,12.96047,77.57765,+91 ******4833,2026-05-03,True,14,True,0.74
4372,DONOR-WE-04372,B+,Kolkata,West Bengal,22.62001,88.33376,+91 ******3423,2025-12-21,True,13,True,0.88
4373,DONOR-HA-04373,A+,Gurugram,Haryana,28.4597,77.03821,+91 ******6651,2026-07-16,False,3,False,0.75
4374,DONOR-TA-04374,B+,Chennai,Tamil Nadu,13.05719,80.31939,+91 ******6294,2026-07-29,False,2,True,0.65
4375,DONOR-DE-04375,O-,Delhi,Delhi,28.58915,77.17206,+91 ******1432,2026-01-22,True,14,True,0.84
4376,DONOR-HA-04376,O-,Gurugram,Haryana,28.46902,77.00357,+91 ******8975,2025-10-27,True,4,True,0.79
4377,DONOR-DE-04377,A-,Delhi,Delhi,28.62111,77.23411,+91 ******2881,2026-03-14,True,8,True,0.81
4378,DONOR-MA-04378,AB-,Mumbai,Maharashtra,19.06489,72.86418,+91 ******8228,2025-10-13,True,9,True,0.75
4379,DONOR-TE-04379,B-,Hyderabad,Telangana,17.42532,78.52391,+91 ******2908,2026-01-04,True,2,True,0.85
4380,DONOR-KA-04380,A-,Bengaluru,Karnataka,13.01752,77.57099,+91 ******7394,2025-10-20,True,7,False,0.84
4381,DONOR-HA-04381,AB+,Gurugram,Haryana,28.44339,77.0017,+91 ******8919,2025-12-22,True,4,True,0.7
4382,DONOR-HA-04382,AB-,Gurugram,Haryana,28.43173,77.00402,+91 ******8280,2026-01-02,True,7,True,0.67
4383,DONOR-UT-04383,AB-,Noida,Uttar Pradesh,28.57828,77.4166,+91 ******8685,2025-12-01,True,6,True,0.94
4384,DONOR-MA-04384,A+,Mumbai,Maharashtra,19.03868,72.84644,+91 ******1663,2025-10-23,True,1,True,0.65
4385,DONOR-KA-04385,AB-,Bengaluru,Karnataka,12.95667,77.55593,+91 ******7222,2026-04-28,True,9,True,0.66
4386,DONOR-UT-04386,O+,Noida,Uttar Pradesh,28.54267,77.36872,+91 ******5758,2026-05-21,True,3,True,0.89
4387,DONOR-TA-04387,B-,Chennai,Tamil Nadu,13.04301,80.23417,+91 ******4838,2025-10-15,True,1,True,0.9
4388,DONOR-TE-04388,O-,Hyderabad,Telangana,17.35867,78.47389,+91 ******7036,2026-05-16,True,6,True,0.92
4389,DONOR-DE-04389,B+,Delhi,Delhi,28.62093,77.25875,+91 ******9253,2026-06-04,True,12,True,0.85
4390,DONOR-DE-04390,O-,Delhi,Delhi,28.61643,77.21501,+91 ******6328,2025-10-05,True,9,True,0.83
4391,DONOR-TA-04391,A+,Chennai,Tamil Nadu,13.13112,80.26721,+91 ******5055,2026-01-18,True,10,True,0.8
4392,DONOR-MA-04392,O-,Mumbai,Maharashtra,19.11276,72.91225,+91 ******1446,2026-01-25,True,11,True,0.81
4393,DONOR-TE-04393,AB+,Hyderabad,Telangana,17.42799,78.53431,+91 ******5789,2026-07-26,False,6,True,0.8
4394,DONOR-HA-04394,A-,Gurugram,Haryana,28.46956,76.99231,+91 ******1445,2025-10-15,True,1,True,0.85
4395,DONOR-HA-04395,O-,Gurugram,Haryana,28.47847,76.99136,+91 ******3420,2026-02-22,True,9,False,0.75
4396,DONOR-MA-04396,AB-,Mumbai,Maharashtra,19.02757,72.88982,+91 ******2284,2025-09-14,True,7,True,0.67
4397,DONOR-TA-04397,AB+,Chennai,Tamil Nadu,13.06465,80.27911,+91 ******3696,2026-01-09,True,13,True,0.83
4398,DONOR-TA-04398,AB+,Chennai,Tamil Nadu,13.09976,80.31892,+91 ******9205,2025-09-14,True,1,True,0.88
4399,DONOR-MA-04399,O+,Mumbai,Maharashtra,19.09507,72.90834,+91 ******4207,2026-02-18,True,6,True,0.81
4400,DONOR-WE-04400,O-,Kolkata,West Bengal,22.57476,88.40094,+91 ******1544,2026-02-15,True,12,True,0.66
4401,DONOR-UT-04401,O-,Noida,Uttar Pradesh,28.56525,77.42621,+91 ******7806,2026-01-26,True,3,False,0.69
4402,DONOR-UT-04402,A+,Noida,Uttar Pradesh,28.51726,77.39575,+91 ******8371,2025-11-13,True,14,True,0.81
4403,DONOR-TE-04403,A-,Hyderabad,Telangana,17.35744,78.49362,+91 ******3549,2025-11-11,True,5,True,0.89
4404,DONOR-HA-04404,B-,Gurugram,Haryana,28.44052,76.99887,+91 ******8855,2026-07-02,False,1,True,0.79
4405,DONOR-MA-04405,B-,Mumbai,Maharashtra,19.08264,72.91059,+91 ******7094,2025-11-26,True,1,True,0.74
4406,DONOR-MA-04406,O+,Mumbai,Maharashtra,19.12378,72.87021,+91 ******3025,2025-12-02,True,8,False,0.83
4407,DONOR-WE-04407,O-,Kolkata,West Bengal,22.5562,88.35528,+91 ******8779,2026-01-31,True,6,True,0.77
4408,DONOR-TE-04408,A-,Hyderabad,Telangana,17.37989,78.46105,+91 ******5761,2026-03-09,True,13,False,0.96
4409,DONOR-TA-04409,AB+,Chennai,Tamil Nadu,13.08084,80.28659,+91 ******1195,2026-02-23,True,1,False,0.88
4410,DONOR-UT-04410,O-,Noida,Uttar Pradesh,28.48808,77.39506,+91 ******6330,2026-03-13,True,3,False,0.81
4411,DONOR-KA-04411,A+,Bengaluru,Karnataka,12.99721,77.62302,+91 ******3440,2025-10-05,True,9,False,0.75
4412,DONOR-UT-04412,O-,Noida,Uttar Pradesh,28.48714,77.36963,+91 ******1971,2026-02-15,True,12,True,0.9
4413,DONOR-MA-04413,O+,Mumbai,Maharashtra,19.03769,72.8656,+91 ******2947,2025-11-29,True,13,True,0.69
4414,DONOR-TE-04414,B-,Hyderabad,Telangana,17.39852,78.49967,+91 ******2463,2026-01-12,True,11,False,0.88
4415,DONOR-TA-04415,AB+,Chennai,Tamil Nadu,13.09906,80.25633,+91 ******1678,2026-08-02,False,6,True,0.66
4416,DONOR-HA-04416,O+,Gurugram,Haryana,28.42251,77.02436,+91 ******1608,2026-01-28,True,5,True,0.75
4417,DONOR-MA-04417,A+,Mumbai,Maharashtra,19.0592,72.89261,+91 ******9293,2025-09-25,True,11,False,0.87
4418,DONOR-MA-04418,B+,Mumbai,Maharashtra,19.08224,72.86804,+91 ******3295,2025-12-17,True,5,True,0.9
4419,DONOR-UT-04419,AB-,Noida,Uttar Pradesh,28.53395,77.3934,+91 ******4861,2026-05-02,True,2,True,0.91
4420,DONOR-HA-04420,O+,Gurugram,Haryana,28.43556,77.04129,+91 ******7667,2025-10-14,True,12,False,0.85
4421,DONOR-DE-04421,A+,Delhi,Delhi,28.63686,77.18498,+91 ******9991,2026-05-07,True,5,True,0.94
4422,DONOR-WE-04422,AB+,Kolkata,West Bengal,22.57218,88.33047,+91 ******2711,2026-03-15,True,1,True,0.77
4423,DONOR-TA-04423,A-,Chennai,Tamil Nadu,13.03779,80.27865,+91 ******4453,2026-01-06,True,8,True,0.96
4424,DONOR-UT-04424,B-,Noida,Uttar Pradesh,28.57425,77.43796,+91 ******2681,2025-11-23,True,1,False,0.86
4425,DONOR-KA-04425,AB-,Bengaluru,Karnataka,12.95957,77.55546,+91 ******2571,2026-05-23,True,1,False,0.73
4426,DONOR-KA-04426,O-,Bengaluru,Karnataka,13.01435,77.58311,+91 ******7057,2026-06-06,True,4,False,0.94
4427,DONOR-MA-04427,O-,Mumbai,Maharashtra,19.06817,72.84042,+91 ******9201,2026-01-29,True,7,False,0.94
4428,DONOR-TE-04428,O-,Hyderabad,Telangana,17.42779,78.51588,+91 ******6063,2025-09-30,True,5,True,0.83
4429,DONOR-TA-04429,A-,Chennai,Tamil Nadu,13.04467,80.31107,+91 ******4612,2025-09-24,True,13,True,0.81
4430,DONOR-WE-04430,AB+,Kolkata,West Bengal,22.52628,88.34167,+91 ******2351,2026-02-09,True,14,True,0.73
4431,DONOR-UT-04431,A-,Noida,Uttar Pradesh,28.57517,77.3743,+91 ******5300,2026-04-10,True,6,False,0.74
4432,DONOR-TE-04432,O+,Hyderabad,Telangana,17.40322,78.48672,+91 ******3350,2025-10-03,True,12,True,0.89
4433,DONOR-TE-04433,B-,Hyderabad,Telangana,17.3607,78.50269,+91 ******2876,2025-11-03,True,12,True,0.83
4434,DONOR-KA-04434,A+,Bengaluru,Karnataka,12.98109,77.59311,+91 ******3212,2026-01-16,True,10,False,0.83
4435,DONOR-MA-04435,AB+,Mumbai,Maharashtra,19.07042,72.88712,+91 ******3699,2026-03-10,True,3,True,0.87
4436,DONOR-DE-04436,AB+,Delhi,Delhi,28.6344,77.20758,+91 ******2983,2025-09-20,True,7,False,0.9
4437,DONOR-KA-04437,AB-,Bengaluru,Karnataka,12.92194,77.56164,+91 ******4118,2026-06-21,False,4,False,0.76
4438,DONOR-TE-04438,B+,Hyderabad,Telangana,17.37354,78.4924,+91 ******8049,2026-06-11,False,14,False,0.83
4439,DONOR-UT-04439,AB-,Noida,Uttar Pradesh,28.57181,77.37701,+91 ******1145,2026-07-17,False,5,True,0.94
4440,DONOR-TE-04440,AB-,Hyderabad,Telangana,17.41227,78.52333,+91 ******1108,2026-03-03,True,7,True,0.82
4441,DONOR-DE-04441,A+,Delhi,Delhi,28.61496,77.18639,+91 ******3816,2025-11-27,True,8,False,0.67
4442,DONOR-WE-04442,B-,Kolkata,West Bengal,22.54141,88.34459,+91 ******4020,2025-09-18,True,8,True,0.68
4443,DONOR-MA-04443,B-,Mumbai,Maharashtra,19.04114,72.87469,+91 ******5054,2026-01-04,True,3,True,0.69
4444,DONOR-TA-04444,AB-,Chennai,Tamil Nadu,13.12429,80.26365,+91 ******8117,2026-03-27,True,9,True,0.93
4445,DONOR-KA-04445,AB+,Bengaluru,Karnataka,12.99783,77.59834,+91 ******8500,2026-01-07,True,10,True,0.97
4446,DONOR-KA-04446,O+,Bengaluru,Karnataka,12.94845,77.60566,+91 ******4297,2026-07-17,False,8,True,0.94
4447,DONOR-HA-04447,AB+,Gurugram,Haryana,28.50832,77.05953,+91 ******7698,2026-01-29,True,12,True,0.97
4448,DONOR-DE-04448,O-,Delhi,Delhi,28.65488,77.19203,+91 ******7925,2026-01-28,True,11,True,0.9
4449,DONOR-DE-04449,O-,Delhi,Delhi,28.58304,77.19868,+91 ******2758,2026-05-10,True,8,True,0.76
4450,DONOR-KA-04450,B-,Bengaluru,Karnataka,12.92572,77.56534,+91 ******9749,2025-09-09,True,4,False,0.87
4451,DONOR-UT-04451,A+,Noida,Uttar Pradesh,28.53671,77.35154,+91 ******5580,2026-01-29,True,3,False,0.69
4452,DONOR-DE-04452,AB-,Delhi,Delhi,28.65077,77.24613,+91 ******9204,2026-05-02,True,4,False,0.77
4453,DONOR-MA-04453,O-,Mumbai,Maharashtra,19.08234,72.88212,+91 ******6889,2026-07-06,False,4,False,0.68
4454,DONOR-TE-04454,O+,Hyderabad,Telangana,17.39298,78.44515,+91 ******7186,2025-09-13,True,1,True,0.93
4455,DONOR-MA-04455,A+,Mumbai,Maharashtra,19.09757,72.86302,+91 ******7507,2026-03-28,True,3,True,0.98
4456,DONOR-HA-04456,B+,Gurugram,Haryana,28.49047,77.00769,+91 ******3159,2025-12-13,True,6,False,0.91
4457,DONOR-HA-04457,B-,Gurugram,Haryana,28.49638,77.06598,+91 ******2626,2025-09-29,True,6,False,0.79
4458,DONOR-UT-04458,O-,Noida,Uttar Pradesh,28.49153,77.36991,+91 ******6293,2026-07-15,False,14,True,0.84
4459,DONOR-DE-04459,A+,Delhi,Delhi,28.60337,77.22991,+91 ******2053,2025-11-28,True,10,True,0.81
4460,DONOR-TE-04460,O+,Hyderabad,Telangana,17.35339,78.5323,+91 ******7482,2025-11-25,True,6,False,0.83
4461,DONOR-WE-04461,A-,Kolkata,West Bengal,22.57783,88.39018,+91 ******3686,2025-11-11,True,5,False,0.96
4462,DONOR-TA-04462,AB+,Chennai,Tamil Nadu,13.13126,80.22609,+91 ******2355,2026-01-03,True,13,False,0.66
4463,DONOR-DE-04463,AB-,Delhi,Delhi,28.62418,77.25441,+91 ******1852,2026-08-10,False,14,True,0.87
4464,DONOR-HA-04464,AB+,Gurugram,Haryana,28.44928,76.98056,+91 ******3904,2026-08-20,False,8,False,0.92
4465,DONOR-TA-04465,A-,Chennai,Tamil Nadu,13.09507,80.29233,+91 ******3814,2025-11-25,True,4,False,0.73
4466,DONOR-UT-04466,B+,Noida,Uttar Pradesh,28.57448,77.43493,+91 ******4394,2026-06-06,True,3,True,0.87
4467,DONOR-HA-04467,AB+,Gurugram,Haryana,28.50591,77.0094,+91 ******2837,2026-08-04,False,10,True,0.87
4468,DONOR-KA-04468,A-,Bengaluru,Karnataka,12.97053,77.63293,+91 ******4845,2026-03-27,True,9,True,0.91
4469,DONOR-TE-04469,O-,Hyderabad,Telangana,17.39502,78.48215,+91 ******1940,2026-07-28,False,14,True,0.92
4470,DONOR-HA-04470,O+,Gurugram,Haryana,28.48314,77.00356,+91 ******4550,2026-01-16,True,7,True,0.93
4471,DONOR-MA-04471,A+,Mumbai,Maharashtra,19.0738,72.86274,+91 ******6988,2025-10-01,True,5,True,0.76
4472,DONOR-MA-04472,O-,Mumbai,Maharashtra,19.07997,72.86379,+91 ******9188,2026-08-17,False,1,True,0.67
4473,DONOR-MA-04473,B-,Mumbai,Maharashtra,19.03756,72.90665,+91 ******2274,2026-07-06,False,13,True,0.84
4474,DONOR-DE-04474,O+,Delhi,Delhi,28.59218,77.17995,+91 ******7140,2026-06-28,False,10,True,0.66
4475,DONOR-DE-04475,B-,Delhi,Delhi,28.57224,77.19957,+91 ******4275,2026-07-08,False,6,False,0.93
4476,DONOR-WE-04476,B-,Kolkata,West Bengal,22.53924,88.33131,+91 ******1893,2026-02-08,True,2,True,0.9
4477,DONOR-HA-04477,A-,Gurugram,Haryana,28.48555,77.01646,+91 ******4786,2026-04-29,True,7,False,0.67
4478,DONOR-HA-04478,O-,Gurugram,Haryana,28.42853,76.97738,+91 ******2404,2025-12-23,True,2,True,0.84
4479,DONOR-TE-04479,A-,Hyderabad,Telangana,17.38151,78.51055,+91 ******6479,2026-07-31,False,10,True,0.84
4480,DONOR-DE-04480,AB-,Delhi,Delhi,28.61931,77.2188,+91 ******1093,2026-08-18,False,7,True,0.91
4481,DONOR-MA-04481,AB-,Mumbai,Maharashtra,19.08977,72.84343,+91 ******4700,2026-01-22,True,10,True,0.81
4482,DONOR-WE-04482,A+,Kolkata,West Bengal,22.54646,88.33211,+91 ******4929,2026-06-28,False,3,True,0.92
4483,DONOR-WE-04483,AB-,Kolkata,West Bengal,22.57049,88.32368,+91 ******7786,2026-02-01,True,12,True,0.71
4484,DONOR-HA-04484,O-,Gurugram,Haryana,28.50619,77.01323,+91 ******8213,2026-01-07,True,5,False,0.75
4485,DONOR-DE-04485,B+,Delhi,Delhi,28.60062,77.16755,+91 ******4139,2026-03-04,True,3,True,0.94
4486,DONOR-TA-04486,O+,Chennai,Tamil Nadu,13.10211,80.28847,+91 ******3674,2026-02-26,True,2,True,0.8
4487,DONOR-UT-04487,O-,Noida,Uttar Pradesh,28.5256,77.41387,+91 ******2616,2026-04-18,True,2,True,0.97
4488,DONOR-UT-04488,B+,Noida,Uttar Pradesh,28.49217,77.35725,+91 ******2900,2026-04-11,True,5,True,0.82
4489,DONOR-TE-04489,A-,Hyderabad,Telangana,17.42368,78.53332,+91 ******4552,2026-01-10,True,11,True,0.8
4490,DONOR-TA-04490,A+,Chennai,Tamil Nadu,13.12227,80.30918,+91 ******2514,2026-04-10,True,11,True,0.85
4491,DONOR-KA-04491,AB-,Bengaluru,Karnataka,13.01207,77.57635,+91 ******9892,2026-07-27,False,8,True,0.65
4492,DONOR-KA-04492,O+,Bengaluru,Karnataka,12.92234,77.55682,+91 ******9076,2026-07-08,False,2,True,0.78
4493,DONOR-MA-04493,O-,Mumbai,Maharashtra,19.09103,72.83138,+91 ******3059,2026-07-01,False,4,True,0.93
4494,DONOR-UT-04494,O-,Noida,Uttar Pradesh,28.53101,77.34396,+91 ******6208,2026-04-20,True,10,True,0.97
4495,DONOR-WE-04495,AB-,Kolkata,West Bengal,22.54855,88.31697,+91 ******2045,2025-11-05,True,5,True,0.91
4496,DONOR-DE-04496,AB+,Delhi,Delhi,28.63486,77.24631,+91 ******3433,2025-11-13,True,2,False,0.94
4497,DONOR-MA-04497,A-,Mumbai,Maharashtra,19.05312,72.89655,+91 ******2142,2026-03-21,True,5,True,0.81
4498,DONOR-KA-04498,B+,Bengaluru,Karnataka,12.98749,77.63886,+91 ******5501,2026-06-11,False,3,False,0.93
4499,DONOR-WE-04499,A-,Kolkata,West Bengal,22.61206,88.40213,+91 ******2200,2026-06-20,False,7,True,0.74
4500,DONOR-DE-04500,A-,Delhi,Delhi,28.58633,77.23967,+91 ******6696,2025-10-22,True,11,True,0.85
4501,DONOR-MA-04501,B+,Mumbai,Maharashtra,19.05391,72.89664,+91 ******6219,2026-02-04,True,2,True,0.81
4502,DONOR-WE-04502,O+,Kolkata,West Bengal,22.54831,88.33273,+91 ******2614,2026-04-26,True,13,True,0.84
4503,DONOR-TE-04503,A-,Hyderabad,Telangana,17.33595,78.44007,+91 ******5718,2026-03-11,True,2,True,0.72
4504,DONOR-UT-04504,B-,Noida,Uttar Pradesh,28.57863,77.40519,+91 ******7967,2026-03-28,True,11,False,0.88
4505,DONOR-TA-04505,O+,Chennai,Tamil Nadu,13.08703,80.30548,+91 ******8922,2026-07-31,False,10,True,0.9
4506,DONOR-TA-04506,B-,Chennai,Tamil Nadu,13.10747,80.22605,+91 ******9632,2025-11-11,True,1,False,0.88
4507,DONOR-TE-04507,O-,Hyderabad,Telangana,17.3984,78.53339,+91 ******5644,2025-09-30,True,5,True,0.73
4508,DONOR-KA-04508,B-,Bengaluru,Karnataka,12.99181,77.58171,+91 ******8680,2025-09-22,True,7,True,0.81
4509,DONOR-UT-04509,AB-,Noida,Uttar Pradesh,28.55199,77.3912,+91 ******3559,2026-02-20,True,14,False,0.87
4510,DONOR-TA-04510,B-,Chennai,Tamil Nadu,13.1124,80.25268,+91 ******1067,2026-04-15,True,8,False,0.95
4511,DONOR-UT-04511,AB+,Noida,Uttar Pradesh,28.53733,77.40314,+91 ******8334,2025-11-11,True,11,False,0.85
4512,DONOR-HA-04512,A+,Gurugram,Haryana,28.46597,77.00936,+91 ******6804,2025-09-21,True,10,True,0.95
4513,DONOR-HA-04513,O+,Gurugram,Haryana,28.45972,77.02966,+91 ******3511,2026-01-07,True,7,True,0.78
4514,DONOR-MA-04514,AB+,Mumbai,Maharashtra,19.1001,72.88833,+91 ******3816,2025-10-02,True,2,True,0.86
4515,DONOR-UT-04515,B+,Noida,Uttar Pradesh,28.54518,77.42718,+91 ******7246,2026-08-05,False,12,True,0.86
4516,DONOR-DE-04516,O+,Delhi,Delhi,28.61495,77.21227,+91 ******1883,2025-09-22,True,9,True,0.68
4517,DONOR-UT-04517,AB-,Noida,Uttar Pradesh,28.50051,77.40777,+91 ******8542,2026-06-24,False,10,False,0.83
4518,DONOR-HA-04518,O+,Gurugram,Haryana,28.43047,77.07216,+91 ******6395,2026-05-21,True,8,True,0.76
4519,DONOR-MA-04519,O+,Mumbai,Maharashtra,19.07791,72.8621,+91 ******3019,2026-01-16,True,3,True,0.88
4520,DONOR-KA-04520,O-,Bengaluru,Karnataka,12.93079,77.57253,+91 ******9139,2026-05-26,True,4,False,0.75
4521,DONOR-TA-04521,A-,Chennai,Tamil Nadu,13.05595,80.26971,+91 ******3947,2026-04-15,True,11,True,0.89
4522,DONOR-DE-04522,O-,Delhi,Delhi,28.62482,77.17751,+91 ******4906,2026-01-11,True,5,False,0.86
4523,DONOR-TA-04523,AB-,Chennai,Tamil Nadu,13.03925,80.29159,+91 ******3350,2026-03-29,True,1,True,0.87
4524,DONOR-HA-04524,A+,Gurugram,Haryana,28.47581,77.06129,+91 ******4706,2026-03-08,True,14,True,0.77
4525,DONOR-TA-04525,O+,Chennai,Tamil Nadu,13.08214,80.30077,+91 ******4665,2025-10-17,True,5,True,0.71
4526,DONOR-MA-04526,A-,Mumbai,Maharashtra,19.07203,72.86252,+91 ******4645,2026-06-08,True,7,True,0.91
4527,DONOR-UT-04527,A-,Noida,Uttar Pradesh,28.49827,77.35586,+91 ******6253,2026-04-23,True,2,True,0.86
4528,DONOR-MA-04528,AB-,Mumbai,Maharashtra,19.09156,72.83277,+91 ******8789,2026-08-08,False,4,True,0.9
4529,DONOR-DE-04529,AB+,Delhi,Delhi,28.58171,77.18501,+91 ******5569,2025-11-01,True,12,True,0.68
4530,DONOR-MA-04530,B+,Mumbai,Maharashtra,19.03994,72.90063,+91 ******4737,2026-05-23,True,1,True,0.91
4531,DONOR-TE-04531,AB+,Hyderabad,Telangana,17.42365,78.52271,+91 ******1970,2025-12-24,True,4,True,0.93
4532,DONOR-MA-04532,B-,Mumbai,Maharashtra,19.074,72.9261,+91 ******8202,2026-02-24,True,8,True,0.69
4533,DONOR-UT-04533,B+,Noida,Uttar Pradesh,28.52793,77.43563,+91 ******4044,2025-11-13,True,7,True,0.82
4534,DONOR-MA-04534,A-,Mumbai,Maharashtra,19.07064,72.86494,+91 ******4799,2025-10-08,True,8,True,0.75
4535,DONOR-MA-04535,O-,Mumbai,Maharashtra,19.08003,72.84743,+91 ******5559,2025-10-01,True,12,True,0.83
4536,DONOR-UT-04536,AB+,Noida,Uttar Pradesh,28.50783,77.36189,+91 ******5099,2026-07-23,False,7,False,0.93
4537,DONOR-TE-04537,A+,Hyderabad,Telangana,17.36586,78.48066,+91 ******1249,2025-12-17,True,6,True,0.95
4538,DONOR-TE-04538,AB+,Hyderabad,Telangana,17.4,78.48747,+91 ******4349,2026-06-18,False,9,True,0.87
4539,DONOR-DE-04539,AB-,Delhi,Delhi,28.63067,77.24011,+91 ******4806,2025-11-07,True,1,True,0.69
4540,DONOR-KA-04540,AB-,Bengaluru,Karnataka,12.97082,77.60376,+91 ******3719,2025-11-13,True,9,True,0.77
4541,DONOR-TA-04541,AB-,Chennai,Tamil Nadu,13.03972,80.25781,+91 ******2643,2026-03-26,True,14,True,0.73
4542,DONOR-DE-04542,O-,Delhi,Delhi,28.60852,77.16061,+91 ******7817,2026-01-25,True,1,True,0.87
4543,DONOR-WE-04543,A-,Kolkata,West Bengal,22.54392,88.40444,+91 ******2636,2026-07-08,False,12,True,0.68
4544,DONOR-UT-04544,A+,Noida,Uttar Pradesh,28.58442,77.40003,+91 ******4608,2026-03-04,True,10,False,0.72
4545,DONOR-UT-04545,O-,Noida,Uttar Pradesh,28.5696,77.36656,+91 ******4774,2026-07-25,False,8,True,0.97
4546,DONOR-DE-04546,A+,Delhi,Delhi,28.6413,77.18049,+91 ******4460,2025-11-04,True,7,False,0.83
4547,DONOR-HA-04547,B+,Gurugram,Haryana,28.49741,77.06622,+91 ******7079,2026-03-30,True,1,True,0.92
4548,DONOR-WE-04548,AB+,Kolkata,West Bengal,22.54085,88.34093,+91 ******3080,2026-03-24,True,7,True,0.96
4549,DONOR-MA-04549,O+,Mumbai,Maharashtra,19.04074,72.91561,+91 ******1993,2026-03-12,True,6,True,0.84
4550,DONOR-DE-04550,A-,Delhi,Delhi,28.59743,77.24811,+91 ******8227,2026-02-08,True,3,False,0.8
4551,DONOR-HA-04551,O-,Gurugram,Haryana,28.50015,77.0514,+91 ******6662,2026-08-06,False,9,True,0.97
4552,DONOR-DE-04552,A-,Delhi,Delhi,28.64861,77.19038,+91 ******1183,2026-03-12,True,10,True,0.91
4553,DONOR-WE-04553,AB-,Kolkata,West Bengal,22.57656,88.39397,+91 ******5549,2026-04-11,True,7,True,0.88
4554,DONOR-UT-04554,A+,Noida,Uttar Pradesh,28.56794,77.38573,+91 ******4038,2026-03-26,True,6,False,0.96
4555,DONOR-TE-04555,O+,Hyderabad,Telangana,17.42542,78.53407,+91 ******6338,2026-02-15,True,8,True,0.74
4556,DONOR-HA-04556,AB-,Gurugram,Haryana,28.41435,77.04953,+91 ******9166,2025-09-27,True,10,True,0.87
4557,DONOR-DE-04557,A-,Delhi,Delhi,28.65638,77.1614,+91 ******5218,2026-05-01,True,5,True,0.77
4558,DONOR-DE-04558,AB+,Delhi,Delhi,28.60266,77.20688,+91 ******2182,2025-11-04,True,13,True,0.96
4559,DONOR-TE-04559,A+,Hyderabad,Telangana,17.36593,78.46244,+91 ******1222,2026-07-29,False,5,False,0.75
4560,DONOR-WE-04560,O+,Kolkata,West Bengal,22.54809,88.34978,+91 ******8568,2025-10-08,True,9,True,0.75
4561,DONOR-TA-04561,B+,Chennai,Tamil Nadu,13.0678,80.25683,+91 ******5621,2026-08-14,False,14,False,0.79
4562,DONOR-TE-04562,A+,Hyderabad,Telangana,17.37935,78.44275,+91 ******9689,2026-05-17,True,12,True,0.76
4563,DONOR-UT-04563,O+,Noida,Uttar Pradesh,28.49442,77.39171,+91 ******2749,2026-05-28,True,6,False,0.87
4564,DONOR-DE-04564,A+,Delhi,Delhi,28.61959,77.17075,+91 ******6405,2025-11-07,True,5,False,0.76
4565,DONOR-DE-04565,AB+,Delhi,Delhi,28.60782,77.24282,+91 ******9147,2026-07-18,False,2,True,0.88
4566,DONOR-TA-04566,B-,Chennai,Tamil Nadu,13.12764,80.26912,+91 ******7345,2025-09-19,True,14,True,0.92
4567,DONOR-DE-04567,A-,Delhi,Delhi,28.63298,77.24827,+91 ******5055,2026-06-04,True,10,True,0.81
4568,DONOR-HA-04568,AB+,Gurugram,Haryana,28.44572,77.07294,+91 ******7771,2026-07-03,False,5,False,0.85
4569,DONOR-KA-04569,AB+,Bengaluru,Karnataka,12.95815,77.63944,+91 ******3949,2025-12-08,True,11,True,0.96
4570,DONOR-MA-04570,B-,Mumbai,Maharashtra,19.04452,72.91717,+91 ******2442,2026-07-20,False,14,True,0.69
4571,DONOR-KA-04571,O-,Bengaluru,Karnataka,12.99834,77.63795,+91 ******3574,2025-10-23,True,12,True,0.97
4572,DONOR-UT-04572,AB+,Noida,Uttar Pradesh,28.55726,77.36762,+91 ******9687,2026-03-23,True,1,True,0.84
4573,DONOR-KA-04573,O+,Bengaluru,Karnataka,12.96005,77.62967,+91 ******5179,2025-11-18,True,4,True,0.91
4574,DONOR-HA-04574,A+,Gurugram,Haryana,28.47394,77.00552,+91 ******9099,2025-12-09,True,11,True,0.9
4575,DONOR-TA-04575,AB+,Chennai,Tamil Nadu,13.07243,80.28456,+91 ******7849,2025-12-22,True,14,True,0.96
4576,DONOR-TA-04576,AB-,Chennai,Tamil Nadu,13.08581,80.25286,+91 ******3425,2026-04-05,True,2,True,0.93
4577,DONOR-TA-04577,AB+,Chennai,Tamil Nadu,13.04496,80.23338,+91 ******8313,2025-11-21,True,8,True,0.8
4578,DONOR-WE-04578,A-,Kolkata,West Bengal,22.59202,88.35393,+91 ******2337,2026-07-25,False,10,False,0.77
4579,DONOR-WE-04579,A-,Kolkata,West Bengal,22.60646,88.32652,+91 ******4450,2025-11-01,True,8,True,0.84
4580,DONOR-DE-04580,A-,Delhi,Delhi,28.61699,77.1945,+91 ******6219,2026-01-06,True,1,True,0.93
4581,DONOR-WE-04581,O-,Kolkata,West Bengal,22.59597,88.33516,+91 ******7810,2025-10-25,True,1,True,0.93
4582,DONOR-TA-04582,A+,Chennai,Tamil Nadu,13.08045,80.26883,+91 ******5451,2026-06-28,False,6,True,0.93
4583,DONOR-TA-04583,A-,Chennai,Tamil Nadu,13.12716,80.22624,+91 ******1299,2026-02-18,True,6,True,0.74
4584,DONOR-KA-04584,AB-,Bengaluru,Karnataka,12.92518,77.62767,+91 ******9818,2025-10-10,True,8,True,0.69
4585,DONOR-WE-04585,AB+,Kolkata,West Bengal,22.62194,88.33555,+91 ******5376,2026-04-13,True,6,True,0.76
4586,DONOR-TA-04586,B-,Chennai,Tamil Nadu,13.07174,80.30404,+91 ******7717,2025-09-13,True,4,True,0.88
4587,DONOR-HA-04587,AB-,Gurugram,Haryana,28.40982,77.06707,+91 ******1432,2026-03-06,True,4,True,0.88
4588,DONOR-HA-04588,B+,Gurugram,Haryana,28.45654,77.04997,+91 ******9650,2026-06-18,False,8,True,0.76
4589,DONOR-TA-04589,B+,Chennai,Tamil Nadu,13.03872,80.29244,+91 ******5467,2025-10-30,True,12,True,0.97
4590,DONOR-WE-04590,A+,Kolkata,West Bengal,22.52489,88.35487,+91 ******9852,2026-01-19,True,13,True,0.91
4591,DONOR-WE-04591,AB+,Kolkata,West Bengal,22.59073,88.34452,+91 ******3825,2025-11-20,True,4,True,0.67
4592,DONOR-TA-04592,AB-,Chennai,Tamil Nadu,13.09302,80.26051,+91 ******8083,2026-07-02,False,4,True,0.94
4593,DONOR-TA-04593,A-,Chennai,Tamil Nadu,13.10078,80.2463,+91 ******9044,2026-04-03,True,7,True,0.84
4594,DONOR-UT-04594,AB-,Noida,Uttar Pradesh,28.54414,77.37996,+91 ******8017,2025-09-09,True,1,True,0.88
4595,DONOR-HA-04595,O+,Gurugram,Haryana,28.44381,76.99419,+91 ******2623,2026-08-05,False,10,False,0.79
4596,DONOR-TA-04596,B-,Chennai,Tamil Nadu,13.08572,80.26874,+91 ******3325,2025-12-06,True,1,True,0.67
4597,DONOR-UT-04597,B+,Noida,Uttar Pradesh,28.50517,77.41642,+91 ******1301,2026-03-19,True,4,True,0.81
4598,DONOR-MA-04598,AB+,Mumbai,Maharashtra,19.04378,72.92642,+91 ******3876,2025-11-03,True,10,False,0.83
4599,DONOR-UT-04599,A-,Noida,Uttar Pradesh,28.55517,77.40827,+91 ******6774,2025-09-30,True,2,True,0.71
4600,DONOR-KA-04600,A-,Bengaluru,Karnataka,12.96365,77.57088,+91 ******2116,2026-04-19,True,9,False,0.8
4601,DONOR-UT-04601,A-,Noida,Uttar Pradesh,28.51182,77.43248,+91 ******6716,2025-10-25,True,2,True,0.66
4602,DONOR-MA-04602,O+,Mumbai,Maharashtra,19.10864,72.88399,+91 ******7020,2026-07-24,False,7,True,0.86
4603,DONOR-KA-04603,B-,Bengaluru,Karnataka,12.93702,77.602,+91 ******4094,2026-03-28,True,12,True,0.94
4604,DONOR-KA-04604,B-,Bengaluru,Karnataka,13.01026,77.59759,+91 ******7306,2026-03-23,True,8,True,0.73
4605,DONOR-TE-04605,O-,Hyderabad,Telangana,17.34037,78.46106,+91 ******8349,2026-05-24,True,13,False,0.91
4606,DONOR-TA-04606,AB-,Chennai,Tamil Nadu,13.09025,80.3021,+91 ******3594,2026-01-30,True,1,True,0.76
4607,DONOR-MA-04607,AB+,Mumbai,Maharashtra,19.04179,72.87205,+91 ******3386,2025-10-17,True,14,True,0.86
4608,DONOR-MA-04608,O-,Mumbai,Maharashtra,19.0951,72.84206,+91 ******8559,2025-11-11,True,10,True,0.89
4609,DONOR-KA-04609,O+,Bengaluru,Karnataka,13.00766,77.55253,+91 ******9627,2026-05-28,True,8,False,0.81
4610,DONOR-KA-04610,A+,Bengaluru,Karnataka,12.97139,77.59844,+91 ******2367,2025-10-12,True,5,False,0.78
4611,DONOR-HA-04611,B+,Gurugram,Haryana,28.46918,77.06322,+91 ******6136,2026-02-09,True,14,True,0.68
4612,DONOR-TE-04612,B+,Hyderabad,Telangana,17.38361,78.44413,+91 ******1822,2025-12-03,True,1,False,0.74
4613,DONOR-DE-04613,AB+,Delhi,Delhi,28.60992,77.16923,+91 ******3206,2026-07-19,False,4,True,0.73
4614,DONOR-DE-04614,A-,Delhi,Delhi,28.66274,77.177,+91 ******8172,2026-02-18,True,5,True,0.72
4615,DONOR-TE-04615,B-,Hyderabad,Telangana,17.36679,78.44459,+91 ******7062,2026-05-08,True,2,True,0.66
4616,DONOR-UT-04616,O-,Noida,Uttar Pradesh,28.55743,77.39212,+91 ******7482,2026-02-15,True,14,False,0.94
4617,DONOR-MA-04617,AB+,Mumbai,Maharashtra,19.07371,72.89714,+91 ******8555,2026-07-21,False,10,False,0.95
4618,DONOR-TA-04618,A+,Chennai,Tamil Nadu,13.06865,80.31586,+91 ******4821,2025-12-11,True,3,True,0.88
4619,DONOR-TA-04619,A+,Chennai,Tamil Nadu,13.05401,80.24201,+91 ******8881,2025-10-23,True,2,True,0.94
4620,DONOR-UT-04620,O+,Noida,Uttar Pradesh,28.55155,77.43541,+91 ******3814,2025-11-07,True,3,False,0.91
4621,DONOR-HA-04621,A+,Gurugram,Haryana,28.50143,76.99253,+91 ******5277,2025-09-11,True,1,True,0.72
4622,DONOR-WE-04622,O+,Kolkata,West Bengal,22.55606,88.39855,+91 ******7985,2025-10-24,True,1,False,0.86
4623,DONOR-UT-04623,A+,Noida,Uttar Pradesh,28.58308,77.36808,+91 ******9888,2026-03-02,True,14,False,0.81
4624,DONOR-UT-04624,AB+,Noida,Uttar Pradesh,28.56851,77.41212,+91 ******1533,2026-08-08,False,6,False,0.95
4625,DONOR-MA-04625,O+,Mumbai,Maharashtra,19.11827,72.89847,+91 ******6373,2025-11-04,True,1,True,0.7
4626,DONOR-WE-04626,O-,Kolkata,West Bengal,22.58264,88.33295,+91 ******9100,2026-04-05,True,10,True,0.67
4627,DONOR-TE-04627,B+,Hyderabad,Telangana,17.36067,78.48694,+91 ******7160,2026-03-06,True,6,True,0.65
4628,DONOR-KA-04628,O+,Bengaluru,Karnataka,12.93851,77.57556,+91 ******1932,2026-04-12,True,10,True,0.87
4629,DONOR-WE-04629,AB+,Kolkata,West Bengal,22.59829,88.39194,+91 ******6529,2025-12-15,True,2,True,0.7
4630,DONOR-TA-04630,O+,Chennai,Tamil Nadu,13.04364,80.23228,+91 ******2591,2025-11-09,True,1,True,0.83
4631,DONOR-UT-04631,O-,Noida,Uttar Pradesh,28.54225,77.40812,+91 ******6801,2026-03-07,True,1,True,0.78
4632,DONOR-WE-04632,AB+,Kolkata,West Bengal,22.60763,88.34651,+91 ******5303,2026-07-31,False,12,False,0.95
4633,DONOR-KA-04633,O+,Bengaluru,Karnataka,12.99626,77.60701,+91 ******3374,2026-04-12,True,8,True,0.66
4634,DONOR-DE-04634,A-,Delhi,Delhi,28.6339,77.2438,+91 ******6380,2026-07-21,False,4,True,0.82
4635,DONOR-WE-04635,AB+,Kolkata,West Bengal,22.62054,88.4021,+91 ******9353,2026-01-25,True,10,True,0.8
4636,DONOR-KA-04636,A-,Bengaluru,Karnataka,12.9359,77.55088,+91 ******9272,2025-11-08,True,5,False,0.95
4637,DONOR-DE-04637,O-,Delhi,Delhi,28.60843,77.19722,+91 ******2287,2025-11-21,True,11,False,0.79
4638,DONOR-UT-04638,B+,Noida,Uttar Pradesh,28.57567,77.363,+91 ******8739,2026-02-20,True,11,True,0.85
4639,DONOR-TA-04639,AB-,Chennai,Tamil Nadu,13.07184,80.29442,+91 ******1776,2025-09-08,True,5,False,0.8
4640,DONOR-UT-04640,A+,Noida,Uttar Pradesh,28.51774,77.34393,+91 ******8084,2025-12-13,True,2,True,0.94
4641,DONOR-TE-04641,A+,Hyderabad,Telangana,17.41078,78.44779,+91 ******1097,2025-11-22,True,8,True,0.83
4642,DONOR-HA-04642,O+,Gurugram,Haryana,28.46019,77.07399,+91 ******8480,2026-02-19,True,2,True,0.79
4643,DONOR-TA-04643,B+,Chennai,Tamil Nadu,13.08092,80.22527,+91 ******8997,2026-01-16,True,12,False,0.89
4644,DONOR-HA-04644,AB+,Gurugram,Haryana,28.46482,76.99986,+91 ******2922,2025-10-27,True,4,False,0.86
4645,DONOR-HA-04645,O-,Gurugram,Haryana,28.42057,76.99244,+91 ******6956,2026-05-25,True,9,False,0.79
4646,DONOR-TA-04646,A-,Chennai,Tamil Nadu,13.12386,80.24874,+91 ******9583,2026-07-27,False,3,True,0.66
4647,DONOR-KA-04647,A+,Bengaluru,Karnataka,13.00241,77.61341,+91 ******7407,2025-10-06,True,2,False,0.91
4648,DONOR-TE-04648,B-,Hyderabad,Telangana,17.41053,78.51646,+91 ******9718,2026-07-23,False,7,False,0.65
4649,DONOR-DE-04649,A-,Delhi,Delhi,28.57877,77.20809,+91 ******1630,2025-09-21,True,14,True,0.86
4650,DONOR-DE-04650,A+,Delhi,Delhi,28.63742,77.19882,+91 ******8498,2026-04-22,True,4,True,0.96
4651,DONOR-TE-04651,O+,Hyderabad,Telangana,17.4235,78.49897,+91 ******3019,2026-03-14,True,8,True,0.9
4652,DONOR-WE-04652,AB-,Kolkata,West Bengal,22.59313,88.32907,+91 ******7649,2025-11-03,True,9,True,0.95
4653,DONOR-MA-04653,B-,Mumbai,Maharashtra,19.06458,72.92639,+91 ******6894,2026-06-17,False,14,True,0.81
4654,DONOR-HA-04654,AB+,Gurugram,Haryana,28.49044,77.03848,+91 ******6344,2026-05-24,True,6,False,0.83
4655,DONOR-DE-04655,O-,Delhi,Delhi,28.60262,77.18582,+91 ******8195,2025-10-14,True,14,False,0.97
4656,DONOR-TA-04656,AB+,Chennai,Tamil Nadu,13.12384,80.30242,+91 ******4278,2025-11-22,True,2,True,0.97
4657,DONOR-DE-04657,AB+,Delhi,Delhi,28.6076,77.19126,+91 ******9442,2026-03-27,True,4,True,0.9
4658,DONOR-MA-04658,A+,Mumbai,Maharashtra,19.12147,72.90335,+91 ******8054,2026-04-04,True,4,True,0.75
4659,DONOR-WE-04659,A+,Kolkata,West Bengal,22.52273,88.36727,+91 ******9134,2025-10-06,True,7,False,0.93
4660,DONOR-MA-04660,AB+,Mumbai,Maharashtra,19.07303,72.89008,+91 ******5663,2026-08-21,False,8,True,0.97
4661,DONOR-TE-04661,O-,Hyderabad,Telangana,17.40976,78.51884,+91 ******5305,2026-07-25,False,1,False,0.87
4662,DONOR-DE-04662,A-,Delhi,Delhi,28.57988,77.20454,+91 ******7034,2026-04-11,True,4,False,0.96
4663,DONOR-DE-04663,AB-,Delhi,Delhi,28.59596,77.22206,+91 ******2937,2026-07-29,False,8,True,0.81
4664,DONOR-DE-04664,O+,Delhi,Delhi,28.61809,77.17699,+91 ******1399,2026-03-19,True,3,True,0.82
4665,DONOR-DE-04665,A+,Delhi,Delhi,28.60834,77.19345,+91 ******4011,2026-05-01,True,6,True,0.97
4666,DONOR-TE-04666,B-,Hyderabad,Telangana,17.3423,78.52092,+91 ******2918,2026-07-26,False,6,False,0.8
4667,DONOR-UT-04667,A+,Noida,Uttar Pradesh,28.5656,77.39629,+91 ******6661,2025-12-24,True,12,True,0.72
4668,DONOR-UT-04668,A+,Noida,Uttar Pradesh,28.57322,77.40451,+91 ******9403,2026-07-10,False,6,True,0.92
4669,DONOR-UT-04669,AB+,Noida,Uttar Pradesh,28.49822,77.43778,+91 ******9070,2026-08-22,False,11,True,0.97
4670,DONOR-TE-04670,B-,Hyderabad,Telangana,17.34177,78.47948,+91 ******4487,2025-10-18,True,13,True,0.81
4671,DONOR-HA-04671,O-,Gurugram,Haryana,28.48796,77.01487,+91 ******5345,2025-11-04,True,4,True,0.93
4672,DONOR-MA-04672,B+,Mumbai,Maharashtra,19.0302,72.92127,+91 ******7056,2025-09-12,True,14,False,0.67
4673,DONOR-DE-04673,A-,Delhi,Delhi,28.6006,77.17887,+91 ******8191,2026-07-31,False,3,True,0.92
4674,DONOR-UT-04674,B+,Noida,Uttar Pradesh,28.50586,77.36152,+91 ******2418,2026-03-24,True,11,True,0.98
4675,DONOR-UT-04675,B-,Noida,Uttar Pradesh,28.54225,77.43036,+91 ******5704,2026-02-05,True,7,False,0.97
4676,DONOR-TE-04676,AB-,Hyderabad,Telangana,17.4028,78.4562,+91 ******6017,2025-09-21,True,12,True,0.97
4677,DONOR-KA-04677,A+,Bengaluru,Karnataka,12.95888,77.58667,+91 ******7031,2026-06-24,False,13,True,0.76
4678,DONOR-UT-04678,O-,Noida,Uttar Pradesh,28.57711,77.37915,+91 ******2766,2026-04-26,True,10,True,0.81
4679,DONOR-WE-04679,B+,Kolkata,West Bengal,22.60071,88.33789,+91 ******1759,2025-09-13,True,4,False,0.7
4680,DONOR-MA-04680,B-,Mumbai,Maharashtra,19.05007,72.8499,+91 ******9604,2025-12-01,True,2,True,0.78
4681,DONOR-HA-04681,O-,Gurugram,Haryana,28.44194,77.03766,+91 ******3515,2025-09-20,True,1,False,0.66
4682,DONOR-KA-04682,O+,Bengaluru,Karnataka,12.94612,77.6281,+91 ******7218,2026-01-13,True,9,True,0.66
4683,DONOR-TA-04683,AB-,Chennai,Tamil Nadu,13.09793,80.25957,+91 ******8603,2026-06-02,True,8,True,0.85
4684,DONOR-WE-04684,O-,Kolkata,West Bengal,22.54285,88.36425,+91 ******4361,2026-02-22,True,4,True,0.93
4685,DONOR-HA-04685,A+,Gurugram,Haryana,28.42962,77.06489,+91 ******8543,2026-08-01,False,2,True,0.98
4686,DONOR-HA-04686,AB-,Gurugram,Haryana,28.43896,77.0266,+91 ******8646,2025-10-04,True,2,True,0.95
4687,DONOR-HA-04687,B-,Gurugram,Haryana,28.41993,77.03294,+91 ******7783,2025-09-19,True,7,True,0.96
4688,DONOR-HA-04688,O+,Gurugram,Haryana,28.46005,77.04162,+91 ******9920,2026-01-19,True,1,False,0.91
4689,DONOR-WE-04689,B+,Kolkata,West Bengal,22.60795,88.36432,+91 ******2037,2025-11-28,True,8,True,0.75
4690,DONOR-HA-04690,AB-,Gurugram,Haryana,28.44645,77.03103,+91 ******7183,2026-04-09,True,9,True,0.79
4691,DONOR-UT-04691,A-,Noida,Uttar Pradesh,28.55326,77.40068,+91 ******5677,2026-06-04,True,11,True,0.91
4692,DONOR-TA-04692,B-,Chennai,Tamil Nadu,13.03354,80.23303,+91 ******2020,2025-11-11,True,5,True,0.65
4693,DONOR-TE-04693,A+,Hyderabad,Telangana,17.4235,78.46255,+91 ******8471,2025-11-25,True,14,True,0.74
4694,DONOR-MA-04694,O+,Mumbai,Maharashtra,19.04524,72.86935,+91 ******9834,2026-03-14,True,12,True,0.89
4695,DONOR-HA-04695,A+,Gurugram,Haryana,28.44819,76.99488,+91 ******2150,2026-05-05,True,7,True,0.9
4696,DONOR-WE-04696,AB+,Kolkata,West Bengal,22.55236,88.34592,+91 ******8807,2025-09-30,True,4,True,0.83
4697,DONOR-DE-04697,AB-,Delhi,Delhi,28.64809,77.18016,+91 ******3834,2025-11-28,True,12,True,0.73
4698,DONOR-UT-04698,O-,Noida,Uttar Pradesh,28.49817,77.4145,+91 ******9642,2025-11-27,True,1,False,0.95
4699,DONOR-TE-04699,B-,Hyderabad,Telangana,17.41365,78.4687,+91 ******2612,2025-11-20,True,11,True,0.72
4700,DONOR-UT-04700,AB-,Noida,Uttar Pradesh,28.51387,77.35771,+91 ******8831,2026-06-23,False,7,True,0.74
4701,DONOR-KA-04701,O-,Bengaluru,Karnataka,13.01815,77.5698,+91 ******2822,2026-05-15,True,9,False,0.72
4702,DONOR-DE-04702,O+,Delhi,Delhi,28.59909,77.2454,+91 ******7692,2025-12-22,True,3,False,0.75
4703,DONOR-DE-04703,AB+,Delhi,Delhi,28.65606,77.20305,+91 ******7569,2026-04-05,True,1,True,0.76
4704,DONOR-TA-04704,O-,Chennai,Tamil Nadu,13.06213,80.31775,+91 ******2914,2026-06-13,False,9,True,0.93
4705,DONOR-TE-04705,B+,Hyderabad,Telangana,17.39811,78.46831,+91 ******5926,2026-03-01,True,5,True,0.91
4706,DONOR-WE-04706,O-,Kolkata,West Bengal,22.56804,88.37491,+91 ******1898,2025-11-03,True,3,False,0.89
4707,DONOR-TA-04707,A-,Chennai,Tamil Nadu,13.09429,80.22507,+91 ******1384,2025-09-16,True,6,True,0.74
4708,DONOR-MA-04708,B-,Mumbai,Maharashtra,19.07768,72.87153,+91 ******7670,2026-04-26,True,4,True,0.92
4709,DONOR-WE-04709,O+,Kolkata,West Bengal,22.53638,88.34972,+91 ******7933,2026-04-16,True,3,True,0.94
4710,DONOR-UT-04710,AB+,Noida,Uttar Pradesh,28.49154,77.37704,+91 ******9146,2026-02-14,True,11,True,0.83
4711,DONOR-KA-04711,B+,Bengaluru,Karnataka,12.94168,77.60978,+91 ******6003,2026-07-14,False,7,False,0.73
4712,DONOR-TE-04712,B+,Hyderabad,Telangana,17.33541,78.47658,+91 ******2264,2026-07-28,False,14,True,0.93
4713,DONOR-WE-04713,AB+,Kolkata,West Bengal,22.58627,88.31754,+91 ******2236,2026-01-13,True,10,True,0.84
4714,DONOR-UT-04714,AB-,Noida,Uttar Pradesh,28.48614,77.40073,+91 ******7426,2026-01-15,True,14,True,0.94
4715,DONOR-KA-04715,A+,Bengaluru,Karnataka,12.95558,77.5757,+91 ******1634,2026-04-18,True,2,True,0.82
4716,DONOR-KA-04716,B+,Bengaluru,Karnataka,13.00702,77.55763,+91 ******5884,2025-12-15,True,13,True,0.95
4717,DONOR-TE-04717,O-,Hyderabad,Telangana,17.35309,78.50811,+91 ******9297,2026-03-02,True,11,True,0.72
4718,DONOR-TA-04718,O+,Chennai,Tamil Nadu,13.11007,80.24053,+91 ******7744,2026-06-29,False,6,True,0.95
4719,DONOR-UT-04719,O+,Noida,Uttar Pradesh,28.49008,77.38574,+91 ******9719,2025-10-06,True,13,True,0.94
4720,DONOR-TA-04720,B+,Chennai,Tamil Nadu,13.04202,80.28759,+91 ******1015,2026-04-16,True,6,False,0.66
4721,DONOR-KA-04721,B-,Bengaluru,Karnataka,12.93921,77.64247,+91 ******5214,2026-01-20,True,5,True,0.86
4722,DONOR-WE-04722,A+,Kolkata,West Bengal,22.55644,88.40566,+91 ******6834,2025-09-13,True,14,True,0.71
4723,DONOR-TA-04723,A-,Chennai,Tamil Nadu,13.12158,80.28789,+91 ******2303,2026-04-11,True,7,False,0.82
4724,DONOR-TE-04724,O-,Hyderabad,Telangana,17.35422,78.52055,+91 ******9806,2025-11-15,True,6,True,0.86
4725,DONOR-TA-04725,AB+,Chennai,Tamil Nadu,13.125,80.27708,+91 ******1972,2026-05-20,True,12,False,0.76
4726,DONOR-TE-04726,B-,Hyderabad,Telangana,17.35137,78.51564,+91 ******3698,2025-11-25,True,1,True,0.68
4727,DONOR-KA-04727,B+,Bengaluru,Karnataka,12.99445,77.54665,+91 ******5032,2025-09-20,True,10,True,0.8
4728,DONOR-KA-04728,B+,Bengaluru,Karnataka,12.95109,77.62205,+91 ******4733,2026-04-29,True,10,True,0.76
4729,DONOR-TA-04729,A+,Chennai,Tamil Nadu,13.08523,80.31557,+91 ******5626,2025-12-11,True,5,True,0.95
4730,DONOR-TA-04730,O-,Chennai,Tamil Nadu,13.04565,80.28433,+91 ******5488,2026-02-03,True,3,True,0.91
4731,DONOR-MA-04731,O+,Mumbai,Maharashtra,19.09215,72.85728,+91 ******1166,2025-11-08,True,8,True,0.91
4732,DONOR-UT-04732,AB+,Noida,Uttar Pradesh,28.48768,77.40064,+91 ******5777,2026-01-09,True,3,True,0.7
4733,DONOR-MA-04733,B+,Mumbai,Maharashtra,19.0326,72.89131,+91 ******2984,2026-06-17,False,9,False,0.77
4734,DONOR-TE-04734,AB+,Hyderabad,Telangana,17.43104,78.48368,+91 ******3948,2026-07-29,False,9,True,0.65
4735,DONOR-TE-04735,AB+,Hyderabad,Telangana,17.38196,78.494,+91 ******6925,2026-07-09,False,4,False,0.98
4736,DONOR-WE-04736,AB+,Kolkata,West Bengal,22.55763,88.3256,+91 ******4652,2026-06-09,True,4,True,0.74
4737,DONOR-TA-04737,B-,Chennai,Tamil Nadu,13.10188,80.27211,+91 ******7789,2026-08-13,False,2,True,0.73
4738,DONOR-TE-04738,AB+,Hyderabad,Telangana,17.39604,78.46595,+91 ******8369,2026-03-11,True,14,True,0.66
4739,DONOR-TA-04739,B+,Chennai,Tamil Nadu,13.05363,80.2898,+91 ******3556,2026-06-21,False,2,True,0.91
4740,DONOR-HA-04740,A-,Gurugram,Haryana,28.44884,77.04034,+91 ******9370,2026-07-06,False,6,False,0.9
4741,DONOR-MA-04741,O-,Mumbai,Maharashtra,19.10272,72.89126,+91 ******1849,2026-01-02,True,1,True,0.66
4742,DONOR-DE-04742,B+,Delhi,Delhi,28.62607,77.2537,+91 ******7589,2026-08-13,False,7,True,0.71
4743,DONOR-WE-04743,B+,Kolkata,West Bengal,22.54053,88.33944,+91 ******4312,2025-09-21,True,7,True,0.7
4744,DONOR-TA-04744,O-,Chennai,Tamil Nadu,13.09334,80.22596,+91 ******1656,2025-12-15,True,9,True,0.91
4745,DONOR-MA-04745,AB-,Mumbai,Maharashtra,19.07009,72.92016,+91 ******9104,2025-12-11,True,3,True,0.87
4746,DONOR-WE-04746,AB+,Kolkata,West Bengal,22.60618,88.33342,+91 ******2783,2025-11-07,True,6,False,0.69
4747,DONOR-MA-04747,B+,Mumbai,Maharashtra,19.12418,72.91915,+91 ******3516,2026-01-04,True,7,True,0.89
4748,DONOR-DE-04748,AB-,Delhi,Delhi,28.57396,77.23933,+91 ******2714,2026-02-24,True,10,True,0.75
4749,DONOR-TA-04749,A-,Chennai,Tamil Nadu,13.12555,80.26533,+91 ******9095,2025-11-18,True,6,True,0.89
4750,DONOR-MA-04750,B-,Mumbai,Maharashtra,19.12212,72.83477,+91 ******8306,2025-09-26,True,2,True,0.72
4751,DONOR-KA-04751,O+,Bengaluru,Karnataka,13.00333,77.57755,+91 ******2041,2026-02-08,True,12,False,0.8
4752,DONOR-TE-04752,A+,Hyderabad,Telangana,17.39804,78.45095,+91 ******1334,2026-08-13,False,3,True,0.79
4753,DONOR-TE-04753,A+,Hyderabad,Telangana,17.42378,78.51887,+91 ******8603,2025-09-14,True,13,False,0.69
4754,DONOR-HA-04754,O+,Gurugram,Haryana,28.50373,76.99933,+91 ******1875,2025-09-24,True,4,False,0.88
4755,DONOR-TE-04755,B+,Hyderabad,Telangana,17.42503,78.52541,+91 ******4411,2026-02-08,True,12,True,0.86
4756,DONOR-HA-04756,O+,Gurugram,Haryana,28.48039,77.06915,+91 ******5701,2025-12-12,True,13,False,0.78
4757,DONOR-TA-04757,AB+,Chennai,Tamil Nadu,13.06443,80.22958,+91 ******3679,2026-02-26,True,13,True,0.83
4758,DONOR-HA-04758,B-,Gurugram,Haryana,28.49542,76.97923,+91 ******8308,2026-03-10,True,12,False,0.93
4759,DONOR-KA-04759,AB+,Bengaluru,Karnataka,12.94671,77.60547,+91 ******7153,2026-06-26,False,6,True,0.84
4760,DONOR-WE-04760,A+,Kolkata,West Bengal,22.54018,88.34017,+91 ******5553,2026-05-12,True,10,True,0.89
4761,DONOR-HA-04761,AB-,Gurugram,Haryana,28.48619,77.02128,+91 ******2219,2025-09-17,True,8,True,0.73
4762,DONOR-WE-04762,AB-,Kolkata,West Bengal,22.57539,88.31445,+91 ******1963,2026-01-08,True,11,False,0.83
4763,DONOR-TE-04763,A-,Hyderabad,Telangana,17.34387,78.52749,+91 ******4137,2026-08-08,False,11,True,0.8
4764,DONOR-DE-04764,AB-,Delhi,Delhi,28.61159,77.21691,+91 ******5551,2026-04-05,True,7,True,0.95
4765,DONOR-WE-04765,A-,Kolkata,West Bengal,22.6032,88.38672,+91 ******1156,2026-02-12,True,12,True,0.89
4766,DONOR-MA-04766,B+,Mumbai,Maharashtra,19.05321,72.82785,+91 ******1016,2026-07-13,False,7,True,0.76
4767,DONOR-WE-04767,AB-,Kolkata,West Bengal,22.59204,88.36004,+91 ******7468,2026-01-21,True,12,True,0.71
4768,DONOR-HA-04768,A+,Gurugram,Haryana,28.46829,77.02426,+91 ******2369,2026-03-22,True,6,False,0.82
4769,DONOR-DE-04769,B-,Delhi,Delhi,28.64313,77.23918,+91 ******4953,2026-06-07,True,1,True,0.75
4770,DONOR-WE-04770,A+,Kolkata,West Bengal,22.59868,88.33248,+91 ******8950,2026-03-17,True,14,True,0.68
4771,DONOR-WE-04771,A+,Kolkata,West Bengal,22.61768,88.34734,+91 ******4600,2025-12-30,True,6,False,0.94
4772,DONOR-KA-04772,A-,Bengaluru,Karnataka,12.93809,77.60424,+91 ******9653,2025-12-15,True,11,True,0.79
4773,DONOR-MA-04773,A-,Mumbai,Maharashtra,19.03224,72.88525,+91 ******7190,2025-09-25,True,6,True,0.81
4774,DONOR-DE-04774,B-,Delhi,Delhi,28.60708,77.17118,+91 ******1894,2025-10-18,True,7,True,0.8
4775,DONOR-TE-04775,O-,Hyderabad,Telangana,17.39262,78.46362,+91 ******8538,2026-06-23,False,8,True,0.87
4776,DONOR-UT-04776,A+,Noida,Uttar Pradesh,28.54494,77.43888,+91 ******8260,2026-01-24,True,10,True,0.78
4777,DONOR-DE-04777,B+,Delhi,Delhi,28.61885,77.18611,+91 ******2134,2026-01-20,True,3,True,0.96
4778,DONOR-MA-04778,AB+,Mumbai,Maharashtra,19.02784,72.89465,+91 ******9864,2025-12-16,True,12,True,0.93
4779,DONOR-HA-04779,O+,Gurugram,Haryana,28.4351,76.99828,+91 ******7607,2026-02-26,True,9,True,0.98
4780,DONOR-TA-04780,A+,Chennai,Tamil Nadu,13.13135,80.31276,+91 ******4839,2026-05-20,True,14,True,0.66
4781,DONOR-TA-04781,AB-,Chennai,Tamil Nadu,13.03918,80.25315,+91 ******6455,2025-12-17,True,1,False,0.98
4782,DONOR-MA-04782,A-,Mumbai,Maharashtra,19.06446,72.91349,+91 ******2439,2025-09-21,True,14,True,0.8
4783,DONOR-UT-04783,AB+,Noida,Uttar Pradesh,28.5132,77.39457,+91 ******3990,2025-11-23,True,13,True,0.75
4784,DONOR-UT-04784,A+,Noida,Uttar Pradesh,28.54957,77.38594,+91 ******6342,2026-01-20,True,10,False,0.86
4785,DONOR-MA-04785,B-,Mumbai,Maharashtra,19.09207,72.86507,+91 ******7689,2025-11-05,True,8,True,0.68
4786,DONOR-MA-04786,AB-,Mumbai,Maharashtra,19.03782,72.89307,+91 ******2027,2025-10-15,True,2,True,0.67
4787,DONOR-MA-04787,AB+,Mumbai,Maharashtra,19.06412,72.88572,+91 ******1431,2026-08-12,False,8,True,0.75
4788,DONOR-KA-04788,A-,Bengaluru,Karnataka,12.94974,77.57077,+91 ******9951,2026-02-27,True,6,False,0.9
4789,DONOR-KA-04789,A-,Bengaluru,Karnataka,13.01238,77.59405,+91 ******2525,2025-11-07,True,10,True,0.7
4790,DONOR-DE-04790,O+,Delhi,Delhi,28.56601,77.20905,+91 ******1818,2026-01-17,True,14,True,0.67
4791,DONOR-KA-04791,O+,Bengaluru,Karnataka,12.95243,77.55267,+91 ******7990,2025-09-30,True,2,False,0.9
4792,DONOR-HA-04792,O-,Gurugram,Haryana,28.49303,77.00443,+91 ******7704,2026-08-22,False,1,True,0.66
4793,DONOR-TE-04793,AB+,Hyderabad,Telangana,17.39044,78.46471,+91 ******1190,2025-09-10,True,10,True,0.81
4794,DONOR-TE-04794,B-,Hyderabad,Telangana,17.40517,78.45436,+91 ******1548,2026-08-20,False,1,False,0.77
4795,DONOR-WE-04795,B+,Kolkata,West Bengal,22.53184,88.34865,+91 ******8130,2025-11-11,True,13,False,0.75
4796,DONOR-KA-04796,AB+,Bengaluru,Karnataka,12.98497,77.59142,+91 ******2647,2026-04-10,True,10,True,0.76
4797,DONOR-MA-04797,A-,Mumbai,Maharashtra,19.04411,72.86399,+91 ******1620,2025-10-21,True,1,False,0.93
4798,DONOR-WE-04798,B+,Kolkata,West Bengal,22.54584,88.34014,+91 ******3193,2025-10-09,True,8,True,0.81
4799,DONOR-TA-04799,O+,Chennai,Tamil Nadu,13.03819,80.25344,+91 ******3710,2026-03-20,True,9,False,0.85
4800,DONOR-TE-04800,B+,Hyderabad,Telangana,17.40914,78.46309,+91 ******5195,2026-04-03,True,2,False,0.86
4801,DONOR-UT-04801,O+,Noida,Uttar Pradesh,28.49757,77.4058,+91 ******8819,2026-03-03,True,10,False,0.68
4802,DONOR-TE-04802,AB-,Hyderabad,Telangana,17.42201,78.44697,+91 ******9940,2025-10-09,True,6,True,0.73
4803,DONOR-MA-04803,B-,Mumbai,Maharashtra,19.07306,72.82909,+91 ******9109,2026-05-05,True,2,True,0.95
4804,DONOR-TE-04804,AB+,Hyderabad,Telangana,17.34997,78.53476,+91 ******3411,2026-05-03,True,4,False,0.7
4805,DONOR-MA-04805,AB-,Mumbai,Maharashtra,19.08289,72.90747,+91 ******8085,2025-12-19,True,7,False,0.65
4806,DONOR-MA-04806,AB+,Mumbai,Maharashtra,19.11465,72.86508,+91 ******7886,2026-08-17,False,14,True,0.9
4807,DONOR-DE-04807,AB+,Delhi,Delhi,28.6638,77.18948,+91 ******3796,2025-12-01,True,1,True,0.87
4808,DONOR-HA-04808,O-,Gurugram,Haryana,28.46144,76.99532,+91 ******9545,2026-02-27,True,12,False,0.71
4809,DONOR-TA-04809,O-,Chennai,Tamil Nadu,13.03503,80.26348,+91 ******6917,2026-06-04,True,12,False,0.66
4810,DONOR-DE-04810,O+,Delhi,Delhi,28.60062,77.21285,+91 ******3226,2025-09-11,True,3,True,0.96
4811,DONOR-UT-04811,A-,Noida,Uttar Pradesh,28.5827,77.44036,+91 ******1329,2026-02-13,True,2,True,0.93
4812,DONOR-TA-04812,A-,Chennai,Tamil Nadu,13.10743,80.31952,+91 ******5927,2026-05-05,True,14,True,0.74
4813,DONOR-TA-04813,O+,Chennai,Tamil Nadu,13.08038,80.25445,+91 ******9926,2026-02-10,True,4,True,0.68
4814,DONOR-TA-04814,A+,Chennai,Tamil Nadu,13.13146,80.27949,+91 ******1129,2025-12-25,True,14,True,0.97
4815,DONOR-TE-04815,B+,Hyderabad,Telangana,17.35982,78.45513,+91 ******2232,2025-10-29,True,12,False,0.91
4816,DONOR-MA-04816,O-,Mumbai,Maharashtra,19.12445,72.91459,+91 ******6408,2026-02-05,True,12,True,0.93
4817,DONOR-TA-04817,A-,Chennai,Tamil Nadu,13.11191,80.25959,+91 ******6442,2026-03-29,True,3,True,0.96
4818,DONOR-HA-04818,AB+,Gurugram,Haryana,28.50343,76.99192,+91 ******4367,2025-11-19,True,13,True,0.73
4819,DONOR-KA-04819,A-,Bengaluru,Karnataka,13.0016,77.55775,+91 ******7334,2025-11-07,True,4,True,0.8
4820,DONOR-WE-04820,AB+,Kolkata,West Bengal,22.52704,88.38679,+91 ******4316,2025-11-05,True,6,False,0.96
4821,DONOR-MA-04821,O+,Mumbai,Maharashtra,19.07787,72.8429,+91 ******2156,2026-06-12,False,3,True,0.82
4822,DONOR-WE-04822,AB-,Kolkata,West Bengal,22.52407,88.3833,+91 ******9304,2025-12-18,True,12,True,0.91
4823,DONOR-DE-04823,AB-,Delhi,Delhi,28.58845,77.22409,+91 ******1204,2025-10-03,True,7,True,0.86
4824,DONOR-WE-04824,AB+,Kolkata,West Bengal,22.61389,88.3455,+91 ******7280,2026-08-06,False,2,False,0.76
4825,DONOR-DE-04825,O+,Delhi,Delhi,28.63164,77.25332,+91 ******9503,2025-12-03,True,13,False,0.67
4826,DONOR-DE-04826,O+,Delhi,Delhi,28.60994,77.18723,+91 ******4347,2026-05-26,True,1,False,0.97
4827,DONOR-DE-04827,AB+,Delhi,Delhi,28.61466,77.19237,+91 ******9283,2025-11-11,True,5,True,0.74
4828,DONOR-TA-04828,O+,Chennai,Tamil Nadu,13.04613,80.23199,+91 ******3847,2026-05-14,True,14,True,0.88
4829,DONOR-TA-04829,A-,Chennai,Tamil Nadu,13.11807,80.24194,+91 ******4664,2025-11-10,True,12,True,0.88
4830,DONOR-DE-04830,A+,Delhi,Delhi,28.644,77.18229,+91 ******4943,2026-03-24,True,13,True,0.8
4831,DONOR-TA-04831,B+,Chennai,Tamil Nadu,13.06565,80.29784,+91 ******5283,2025-12-04,True,2,True,0.83
4832,DONOR-DE-04832,O-,Delhi,Delhi,28.57047,77.21156,+91 ******5575,2025-12-25,True,3,True,0.89
4833,DONOR-MA-04833,O-,Mumbai,Maharashtra,19.03648,72.84365,+91 ******6845,2026-02-07,True,5,True,0.72
4834,DONOR-HA-04834,A-,Gurugram,Haryana,28.4781,76.98729,+91 ******9017,2026-07-18,False,8,True,0.66
4835,DONOR-HA-04835,A-,Gurugram,Haryana,28.47983,77.06347,+91 ******6156,2025-12-14,True,14,False,0.75
4836,DONOR-HA-04836,O+,Gurugram,Haryana,28.41192,76.99846,+91 ******2906,2026-04-12,True,6,False,0.8
4837,DONOR-WE-04837,AB-,Kolkata,West Bengal,22.53154,88.40272,+91 ******1158,2026-07-02,False,4,False,0.66
4838,DONOR-UT-04838,A-,Noida,Uttar Pradesh,28.53147,77.40688,+91 ******6306,2026-05-23,True,4,True,0.86
4839,DONOR-HA-04839,O-,Gurugram,Haryana,28.429,77.04183,+91 ******4527,2026-07-16,False,1,False,0.93
4840,DONOR-UT-04840,O+,Noida,Uttar Pradesh,28.56875,77.37217,+91 ******5542,2026-07-16,False,10,True,0.94
4841,DONOR-MA-04841,B+,Mumbai,Maharashtra,19.1076,72.83129,+91 ******9115,2025-12-28,True,8,False,0.86
4842,DONOR-KA-04842,O+,Bengaluru,Karnataka,12.95805,77.61421,+91 ******1117,2025-11-04,True,12,True,0.72
4843,DONOR-TE-04843,A-,Hyderabad,Telangana,17.35787,78.53276,+91 ******1446,2026-02-19,True,7,True,0.79
4844,DONOR-TE-04844,O+,Hyderabad,Telangana,17.43241,78.44027,+91 ******5458,2025-11-01,True,2,True,0.66
4845,DONOR-TE-04845,B-,Hyderabad,Telangana,17.40155,78.51771,+91 ******2646,2026-03-03,True,4,True,0.66
4846,DONOR-WE-04846,AB+,Kolkata,West Bengal,22.56691,88.31941,+91 ******3454,2025-10-27,True,1,True,0.68
4847,DONOR-MA-04847,AB-,Mumbai,Maharashtra,19.0598,72.89088,+91 ******7797,2026-01-21,True,4,False,0.67
4848,DONOR-WE-04848,AB+,Kolkata,West Bengal,22.54513,88.41193,+91 ******8872,2026-02-19,True,4,False,0.68
4849,DONOR-TE-04849,AB+,Hyderabad,Telangana,17.42236,78.43864,+91 ******1453,2026-08-18,False,2,True,0.87
4850,DONOR-TA-04850,B-,Chennai,Tamil Nadu,13.06876,80.22995,+91 ******8053,2026-03-18,True,11,False,0.78
4851,DONOR-DE-04851,AB-,Delhi,Delhi,28.66041,77.23716,+91 ******5188,2026-04-30,True,14,True,0.82
4852,DONOR-KA-04852,A+,Bengaluru,Karnataka,12.96045,77.61889,+91 ******3643,2025-09-28,True,2,True,0.9
4853,DONOR-DE-04853,AB-,Delhi,Delhi,28.57794,77.17592,+91 ******7148,2026-07-06,False,2,True,0.83
4854,DONOR-DE-04854,O-,Delhi,Delhi,28.6045,77.16058,+91 ******2836,2025-10-23,True,13,True,0.8
4855,DONOR-TE-04855,O+,Hyderabad,Telangana,17.347,78.53501,+91 ******3646,2025-10-31,True,14,True,0.81
4856,DONOR-TE-04856,B+,Hyderabad,Telangana,17.41524,78.46476,+91 ******7413,2026-07-06,False,11,False,0.86
4857,DONOR-KA-04857,AB-,Bengaluru,Karnataka,13.02076,77.61794,+91 ******8066,2025-09-12,True,7,True,0.9
4858,DONOR-TA-04858,AB+,Chennai,Tamil Nadu,13.11116,80.23717,+91 ******1057,2026-06-12,False,14,True,0.83
4859,DONOR-TA-04859,AB-,Chennai,Tamil Nadu,13.04073,80.22369,+91 ******7282,2026-04-29,True,4,False,0.77
4860,DONOR-KA-04860,A-,Bengaluru,Karnataka,12.93044,77.57375,+91 ******8684,2026-06-11,False,11,True,0.96
4861,DONOR-KA-04861,AB-,Bengaluru,Karnataka,12.95531,77.55104,+91 ******6952,2026-03-25,True,6,False,0.83
4862,DONOR-DE-04862,AB-,Delhi,Delhi,28.56887,77.22181,+91 ******7988,2026-08-14,False,5,True,0.97
4863,DONOR-WE-04863,AB+,Kolkata,West Bengal,22.61373,88.33933,+91 ******3277,2026-01-06,True,4,True,0.68
4864,DONOR-DE-04864,A+,Delhi,Delhi,28.62045,77.25304,+91 ******6298,2026-04-12,True,11,True,0.74
4865,DONOR-WE-04865,O+,Kolkata,West Bengal,22.5891,88.3581,+91 ******4245,2026-06-07,True,1,True,0.69
4866,DONOR-DE-04866,B+,Delhi,Delhi,28.64234,77.16028,+91 ******6947,2026-05-27,True,6,True,0.95
4867,DONOR-UT-04867,B+,Noida,Uttar Pradesh,28.50432,77.4153,+91 ******7901,2026-01-05,True,3,True,0.95
4868,DONOR-TE-04868,A+,Hyderabad,Telangana,17.36492,78.44363,+91 ******5356,2026-02-15,True,2,True,0.97
4869,DONOR-TA-04869,B+,Chennai,Tamil Nadu,13.09411,80.2558,+91 ******5393,2025-11-15,True,9,False,0.71
4870,DONOR-MA-04870,A+,Mumbai,Maharashtra,19.04713,72.91248,+91 ******2692,2026-01-28,True,13,True,0.9
4871,DONOR-HA-04871,O+,Gurugram,Haryana,28.48964,77.01893,+91 ******6799,2025-09-19,True,2,False,0.67
4872,DONOR-WE-04872,O+,Kolkata,West Bengal,22.55109,88.34168,+91 ******8856,2026-01-26,True,5,True,0.92
4873,DONOR-WE-04873,AB-,Kolkata,West Bengal,22.53956,88.4038,+91 ******5284,2025-11-12,True,1,True,0.68
4874,DONOR-KA-04874,AB-,Bengaluru,Karnataka,12.94638,77.64302,+91 ******3543,2025-11-03,True,8,True,0.94
4875,DONOR-HA-04875,AB-,Gurugram,Haryana,28.46096,76.98858,+91 ******9535,2026-06-11,False,11,True,0.92
4876,DONOR-KA-04876,AB-,Bengaluru,Karnataka,12.94544,77.61222,+91 ******6281,2026-06-06,True,3,False,0.71
4877,DONOR-WE-04877,A+,Kolkata,West Bengal,22.55633,88.37034,+91 ******3001,2025-11-22,True,13,True,0.82
4878,DONOR-MA-04878,B-,Mumbai,Maharashtra,19.10693,72.90484,+91 ******6551,2026-08-02,False,1,True,0.81
4879,DONOR-DE-04879,AB+,Delhi,Delhi,28.6373,77.21313,+91 ******4719,2026-07-27,False,1,False,0.79
4880,DONOR-TA-04880,A-,Chennai,Tamil Nadu,13.07909,80.26088,+91 ******2067,2026-06-12,False,12,False,0.65
4881,DONOR-TA-04881,O-,Chennai,Tamil Nadu,13.12082,80.27856,+91 ******6799,2026-08-06,False,5,True,0.9
4882,DONOR-TE-04882,AB+,Hyderabad,Telangana,17.42862,78.46443,+91 ******2906,2026-01-12,True,4,True,0.91
4883,DONOR-TA-04883,AB-,Chennai,Tamil Nadu,13.05343,80.28505,+91 ******2907,2026-04-20,True,12,True,0.79
4884,DONOR-WE-04884,O+,Kolkata,West Bengal,22.58343,88.37385,+91 ******3678,2025-12-30,True,3,True,0.72
4885,DONOR-TA-04885,A+,Chennai,Tamil Nadu,13.05454,80.31703,+91 ******9012,2026-04-29,True,4,True,0.86
4886,DONOR-UT-04886,O+,Noida,Uttar Pradesh,28.5426,77.43983,+91 ******7702,2026-03-09,True,13,True,0.92
4887,DONOR-UT-04887,AB+,Noida,Uttar Pradesh,28.57789,77.36756,+91 ******4826,2025-09-07,True,4,False,0.8
4888,DONOR-MA-04888,O+,Mumbai,Maharashtra,19.04103,72.88543,+91 ******8273,2025-12-07,True,13,True,0.68
4889,DONOR-WE-04889,A-,Kolkata,West Bengal,22.52594,88.34932,+91 ******2421,2025-10-06,True,8,True,0.7
4890,DONOR-KA-04890,AB+,Bengaluru,Karnataka,12.94021,77.56837,+91 ******8232,2026-04-22,True,12,True,0.8
4891,DONOR-DE-04891,B-,Delhi,Delhi,28.57064,77.256,+91 ******5305,2025-11-27,True,5,False,0.76
4892,DONOR-TA-04892,O+,Chennai,Tamil Nadu,13.10427,80.30118,+91 ******3341,2025-11-09,True,2,False,0.89
4893,DONOR-KA-04893,O-,Bengaluru,Karnataka,12.96773,77.63712,+91 ******1412,2026-05-28,True,4,False,0.83
4894,DONOR-MA-04894,AB-,Mumbai,Maharashtra,19.0993,72.8589,+91 ******6302,2026-04-02,True,13,True,0.94
4895,DONOR-TA-04895,O+,Chennai,Tamil Nadu,13.12297,80.31968,+91 ******2600,2026-07-22,False,9,True,0.85
4896,DONOR-WE-04896,AB+,Kolkata,West Bengal,22.56284,88.36124,+91 ******1226,2026-08-14,False,4,True,0.66
4897,DONOR-KA-04897,O+,Bengaluru,Karnataka,12.9763,77.58119,+91 ******2704,2025-12-07,True,6,True,0.65
4898,DONOR-DE-04898,A+,Delhi,Delhi,28.6529,77.23822,+91 ******2122,2026-04-10,True,13,True,0.69
4899,DONOR-KA-04899,B+,Bengaluru,Karnataka,13.0164,77.62524,+91 ******9632,2026-05-21,True,7,False,0.72
4900,DONOR-WE-04900,B-,Kolkata,West Bengal,22.526,88.40783,+91 ******8495,2025-11-17,True,13,True,0.93
4901,DONOR-UT-04901,A-,Noida,Uttar Pradesh,28.51169,77.36051,+91 ******9458,2026-07-07,False,4,True,0.69
4902,DONOR-HA-04902,AB-,Gurugram,Haryana,28.46845,76.99674,+91 ******6005,2026-08-20,False,1,True,0.65
4903,DONOR-MA-04903,AB+,Mumbai,Maharashtra,19.05372,72.83889,+91 ******7583,2026-07-13,False,8,True,0.84
4904,DONOR-TA-04904,B-,Chennai,Tamil Nadu,13.05246,80.28974,+91 ******2568,2026-01-27,True,4,True,0.81
4905,DONOR-HA-04905,A-,Gurugram,Haryana,28.49831,76.99274,+91 ******2691,2025-12-17,True,6,True,0.72
4906,DONOR-HA-04906,B+,Gurugram,Haryana,28.446,77.02699,+91 ******1559,2026-04-18,True,2,False,0.81
4907,DONOR-WE-04907,A-,Kolkata,West Bengal,22.52774,88.33775,+91 ******6093,2025-12-09,True,12,True,0.82
4908,DONOR-WE-04908,O-,Kolkata,West Bengal,22.52393,88.36499,+91 ******1235,2026-03-18,True,3,True,0.88
4909,DONOR-KA-04909,B-,Bengaluru,Karnataka,12.97468,77.5517,+91 ******1496,2026-03-03,True,10,False,0.81
4910,DONOR-UT-04910,B-,Noida,Uttar Pradesh,28.50286,77.39207,+91 ******8278,2026-04-21,True,10,True,0.76
4911,DONOR-MA-04911,B+,Mumbai,Maharashtra,19.12018,72.92725,+91 ******3543,2025-11-12,True,13,True,0.97
4912,DONOR-UT-04912,B-,Noida,Uttar Pradesh,28.51289,77.39822,+91 ******6188,2026-04-18,True,14,True,0.84
4913,DONOR-HA-04913,O-,Gurugram,Haryana,28.4338,77.07325,+91 ******1700,2026-05-26,True,3,True,0.92
4914,DONOR-WE-04914,B+,Kolkata,West Bengal,22.53251,88.38181,+91 ******8074,2026-03-02,True,4,True,0.92
4915,DONOR-WE-04915,O+,Kolkata,West Bengal,22.57243,88.31684,+91 ******5578,2025-09-10,True,8,False,0.68
4916,DONOR-UT-04916,AB+,Noida,Uttar Pradesh,28.57038,77.39714,+91 ******5183,2026-08-23,False,8,False,0.97
4917,DONOR-HA-04917,AB+,Gurugram,Haryana,28.41321,77.03278,+91 ******3099,2026-01-21,True,9,True,0.82
4918,DONOR-WE-04918,A-,Kolkata,West Bengal,22.54118,88.39553,+91 ******7975,2025-11-18,True,8,True,0.91
4919,DONOR-HA-04919,O+,Gurugram,Haryana,28.48928,77.02252,+91 ******1415,2026-01-27,True,13,False,0.94
4920,DONOR-TE-04920,O+,Hyderabad,Telangana,17.39906,78.50729,+91 ******1806,2026-01-27,True,6,True,0.75
4921,DONOR-WE-04921,O+,Kolkata,West Bengal,22.58197,88.339,+91 ******7802,2026-05-03,True,12,False,0.73
4922,DONOR-TE-04922,AB-,Hyderabad,Telangana,17.37665,78.44526,+91 ******5462,2025-12-07,True,4,True,0.8
4923,DONOR-TA-04923,AB-,Chennai,Tamil Nadu,13.12162,80.25692,+91 ******5531,2026-06-14,False,9,False,0.67
4924,DONOR-MA-04924,B-,Mumbai,Maharashtra,19.06998,72.85891,+91 ******3722,2025-11-07,True,13,True,0.98
4925,DONOR-DE-04925,B+,Delhi,Delhi,28.5921,77.18587,+91 ******1071,2026-03-10,True,6,True,0.78
4926,DONOR-DE-04926,AB-,Delhi,Delhi,28.57944,77.25761,+91 ******3835,2025-12-02,True,13,True,0.83
4927,DONOR-UT-04927,O-,Noida,Uttar Pradesh,28.57681,77.4169,+91 ******4836,2026-08-22,False,12,True,0.9
4928,DONOR-KA-04928,AB+,Bengaluru,Karnataka,12.92186,77.628,+91 ******1507,2025-12-06,True,4,True,0.68
4929,DONOR-HA-04929,O+,Gurugram,Haryana,28.4532,77.06579,+91 ******1157,2025-11-15,True,6,True,0.69
4930,DONOR-WE-04930,A+,Kolkata,West Bengal,22.60027,88.32407,+91 ******8577,2025-10-24,True,14,True,0.89
4931,DONOR-MA-04931,B+,Mumbai,Maharashtra,19.08846,72.84836,+91 ******4848,2026-07-14,False,10,True,0.7
4932,DONOR-TA-04932,A+,Chennai,Tamil Nadu,13.11213,80.27951,+91 ******6881,2026-05-23,True,2,True,0.78
4933,DONOR-TA-04933,O+,Chennai,Tamil Nadu,13.06914,80.25263,+91 ******9543,2026-03-22,True,4,True,0.83
4934,DONOR-DE-04934,AB-,Delhi,Delhi,28.63245,77.22563,+91 ******1052,2025-09-15,True,7,False,0.94
4935,DONOR-TE-04935,A-,Hyderabad,Telangana,17.38288,78.48904,+91 ******5650,2025-10-07,True,1,True,0.65
4936,DONOR-DE-04936,A-,Delhi,Delhi,28.63854,77.25181,+91 ******7685,2026-06-25,False,11,True,0.97
4937,DONOR-TA-04937,AB+,Chennai,Tamil Nadu,13.07055,80.22278,+91 ******5805,2026-05-31,True,12,True,0.85
4938,DONOR-UT-04938,O-,Noida,Uttar Pradesh,28.53653,77.37034,+91 ******7341,2026-04-28,True,6,True,0.93
4939,DONOR-TE-04939,AB+,Hyderabad,Telangana,17.36129,78.51523,+91 ******4121,2026-02-08,True,13,True,0.79
4940,DONOR-TE-04940,AB+,Hyderabad,Telangana,17.35444,78.52381,+91 ******3578,2025-11-17,True,10,True,0.96
4941,DONOR-WE-04941,O-,Kolkata,West Bengal,22.56032,88.31892,+91 ******2889,2025-09-07,True,13,True,0.83
4942,DONOR-KA-04942,B-,Bengaluru,Karnataka,12.9324,77.60854,+91 ******7865,2026-05-17,True,5,True,0.74
4943,DONOR-UT-04943,O-,Noida,Uttar Pradesh,28.49931,77.41531,+91 ******4950,2026-06-23,False,10,False,0.7
4944,DONOR-MA-04944,B-,Mumbai,Maharashtra,19.11392,72.88777,+91 ******5821,2026-03-27,True,2,True,0.68
4945,DONOR-MA-04945,O-,Mumbai,Maharashtra,19.05347,72.91269,+91 ******6412,2026-03-11,True,10,True,0.66
4946,DONOR-DE-04946,B+,Delhi,Delhi,28.61145,77.19326,+91 ******8948,2026-02-06,True,4,False,0.86
4947,DONOR-WE-04947,A-,Kolkata,West Bengal,22.55745,88.40025,+91 ******8242,2026-05-14,True,11,True,0.69
4948,DONOR-DE-04948,O-,Delhi,Delhi,28.59238,77.18261,+91 ******8461,2025-12-18,True,7,True,0.85
4949,DONOR-MA-04949,O+,Mumbai,Maharashtra,19.10034,72.89965,+91 ******5445,2026-06-17,False,8,False,0.68
4950,DONOR-WE-04950,B+,Kolkata,West Bengal,22.56977,88.34674,+91 ******2937,2026-01-04,True,1,True,0.75
4951,DONOR-KA-04951,AB+,Bengaluru,Karnataka,12.9886,77.63686,+91 ******5551,2025-11-21,True,4,True,0.89
4952,DONOR-HA-04952,A-,Gurugram,Haryana,28.44721,77.0354,+91 ******5568,2026-01-29,True,4,True,0.78
4953,DONOR-KA-04953,A+,Bengaluru,Karnataka,12.99825,77.59669,+91 ******7403,2025-12-07,True,9,True,0.82
4954,DONOR-MA-04954,B-,Mumbai,Maharashtra,19.08248,72.83557,+91 ******3002,2026-03-24,True,6,True,0.9
4955,DONOR-KA-04955,O-,Bengaluru,Karnataka,12.98259,77.6133,+91 ******5266,2026-03-27,True,5,False,0.67
4956,DONOR-HA-04956,O+,Gurugram,Haryana,28.44573,77.00387,+91 ******8871,2026-06-07,True,2,False,0.76
4957,DONOR-TA-04957,A+,Chennai,Tamil Nadu,13.11542,80.23701,+91 ******5542,2025-12-23,True,8,True,0.68
4958,DONOR-MA-04958,B-,Mumbai,Maharashtra,19.0871,72.92086,+91 ******1119,2026-02-09,True,8,True,0.97
4959,DONOR-DE-04959,A+,Delhi,Delhi,28.58674,77.20039,+91 ******2886,2025-10-21,True,9,True,0.77
4960,DONOR-TA-04960,A+,Chennai,Tamil Nadu,13.08073,80.22074,+91 ******6869,2025-12-26,True,2,False,0.87
4961,DONOR-MA-04961,O+,Mumbai,Maharashtra,19.1098,72.88776,+91 ******6280,2026-05-27,True,8,True,0.96
4962,DONOR-TA-04962,B-,Chennai,Tamil Nadu,13.10186,80.25115,+91 ******7462,2025-09-11,True,2,True,0.81
4963,DONOR-TA-04963,O-,Chennai,Tamil Nadu,13.0394,80.26103,+91 ******7658,2026-01-27,True,12,True,0.82
4964,DONOR-UT-04964,B-,Noida,Uttar Pradesh,28.52588,77.36424,+91 ******7427,2026-04-30,True,13,True,0.73
4965,DONOR-MA-04965,O+,Mumbai,Maharashtra,19.04024,72.90764,+91 ******5965,2026-06-18,False,5,False,0.73
4966,DONOR-WE-04966,O-,Kolkata,West Bengal,22.55923,88.39641,+91 ******8970,2025-11-06,True,1,True,0.72
4967,DONOR-KA-04967,AB-,Bengaluru,Karnataka,12.9485,77.64015,+91 ******5205,2026-04-18,True,5,False,0.69
4968,DONOR-TA-04968,A-,Chennai,Tamil Nadu,13.07073,80.22554,+91 ******1514,2025-11-20,True,12,False,0.83
4969,DONOR-MA-04969,A+,Mumbai,Maharashtra,19.11567,72.91949,+91 ******9726,2026-06-01,True,1,True,0.84
4970,DONOR-DE-04970,AB+,Delhi,Delhi,28.59944,77.24485,+91 ******1424,2026-03-12,True,11,True,0.82
4971,DONOR-WE-04971,B-,Kolkata,West Bengal,22.58247,88.31773,+91 ******3775,2026-07-14,False,4,False,0.95
4972,DONOR-HA-04972,AB-,Gurugram,Haryana,28.49011,76.97806,+91 ******3012,2026-04-06,True,11,True,0.82
4973,DONOR-KA-04973,O+,Bengaluru,Karnataka,12.99112,77.55914,+91 ******9474,2026-01-19,True,14,False,0.92
4974,DONOR-TA-04974,B-,Chennai,Tamil Nadu,13.07761,80.31242,+91 ******4233,2025-11-04,True,4,False,0.76
4975,DONOR-KA-04975,AB+,Bengaluru,Karnataka,13.01205,77.54659,+91 ******5386,2025-11-14,True,13,True,0.78
4976,DONOR-WE-04976,AB-,Kolkata,West Bengal,22.531,88.40078,+91 ******3871,2025-09-15,True,1,True,0.74
4977,DONOR-DE-04977,B-,Delhi,Delhi,28.58528,77.21246,+91 ******8976,2026-07-22,False,11,False,0.78
4978,DONOR-HA-04978,AB-,Gurugram,Haryana,28.4307,77.04005,+91 ******7053,2026-01-16,True,5,True,0.67
4979,DONOR-DE-04979,O-,Delhi,Delhi,28.58594,77.23493,+91 ******7739,2026-04-02,True,11,False,0.74
4980,DONOR-DE-04980,A-,Delhi,Delhi,28.57151,77.2192,+91 ******3832,2025-12-04,True,5,True,0.92
4981,DONOR-MA-04981,AB-,Mumbai,Maharashtra,19.05997,72.90923,+91 ******3951,2026-04-11,True,11,True,0.92
4982,DONOR-HA-04982,O-,Gurugram,Haryana,28.49244,77.02989,+91 ******1038,2026-01-19,True,12,True,0.68
4983,DONOR-MA-04983,AB-,Mumbai,Maharashtra,19.10422,72.92761,+91 ******8448,2026-03-31,True,14,False,0.89
4984,DONOR-KA-04984,AB-,Bengaluru,Karnataka,12.99906,77.59092,+91 ******2445,2026-04-06,True,1,True,0.94
4985,DONOR-HA-04985,AB+,Gurugram,Haryana,28.47649,76.98178,+91 ******6165,2026-02-27,True,7,True,0.68
4986,DONOR-DE-04986,A-,Delhi,Delhi,28.60405,77.16131,+91 ******8057,2025-10-06,True,2,True,0.91
4987,DONOR-TE-04987,B+,Hyderabad,Telangana,17.41213,78.48213,+91 ******8202,2025-09-30,True,6,False,0.65
4988,DONOR-UT-04988,AB+,Noida,Uttar Pradesh,28.51706,77.36829,+91 ******4733,2026-03-18,True,5,True,0.9
4989,DONOR-DE-04989,B+,Delhi,Delhi,28.6327,77.18442,+91 ******2002,2026-08-15,False,13,True,0.9
4990,DONOR-UT-04990,O-,Noida,Uttar Pradesh,28.543,77.43441,+91 ******8736,2026-07-30,False,4,False,0.93
4991,DONOR-MA-04991,B-,Mumbai,Maharashtra,19.08418,72.91261,+91 ******5449,2026-04-23,True,3,True,0.7
4992,DONOR-WE-04992,AB-,Kolkata,West Bengal,22.53682,88.40326,+91 ******6968,2025-09-09,True,12,True,0.96
4993,DONOR-WE-04993,AB-,Kolkata,West Bengal,22.6045,88.40271,+91 ******9156,2026-03-22,True,7,True,0.89
4994,DONOR-TA-04994,AB+,Chennai,Tamil Nadu,13.08734,80.24266,+91 ******4980,2026-04-28,True,4,False,0.84
4995,DONOR-TE-04995,O-,Hyderabad,Telangana,17.34294,78.49065,+91 ******6791,2025-12-06,True,9,True,0.95
4996,DONOR-DE-04996,B-,Delhi,Delhi,28.63179,77.21559,+91 ******3950,2025-12-20,True,10,True,0.72
4997,DONOR-UT-04997,AB+,Noida,Uttar Pradesh,28.54159,77.39725,+91 ******9562,2026-02-19,True,7,True,0.86
4998,DONOR-DE-04998,B+,Delhi,Delhi,28.64716,77.23437,+91 ******7873,2026-03-02,True,11,True,0.9
4999,DONOR-TA-04999,A-,Chennai,Tamil Nadu,13.03305,80.24162,+91 ******8331,2026-06-04,True,9,True,0.82
5000,DONOR-TE-05000,B+,Hyderabad,Telangana,17.38704,78.51895,+91 ******1522,2026-07-27,False,1,True,0.94
